time,symbol,position_change,new_position
2010-02-01 00:00:00,SILVER,-0.058018,0.085479
2010-02-01 00:00:00,UST30Y,-0.011045,-0.246014
2010-02-01 00:00:00,SPX,-0.171672,0.092563
2010-02-01 00:00:00,DAX,0.06444,0.06444
2010-02-01 00:00:00,WTI,0.00452,0.063067
2010-02-01 00:00:00,EURUSD,-0.135092,0.0
2010-02-01 00:00:00,USDJPY,-0.148149,-0.39969
2010-03-01 00:00:00,SILVER,-0.070268,0.015211
2010-03-01 00:00:00,UST10Y,0.257426,-0.0
2010-03-01 00:00:00,UST30Y,-0.17907,-0.425084
2010-03-01 00:00:00,WTI,-0.013119,0.049947
2010-03-01 00:00:00,EURUSD,-0.129787,-0.129787
2010-03-01 00:00:00,USDJPY,0.204698,-0.194992
2010-03-24 00:00:00,GOLD,-0.109326,0.075181
2010-03-31 00:00:00,UST10Y,-0.338971,-0.338971
2010-03-31 00:00:00,UST30Y,0.173944,-0.25114
2010-03-31 00:00:00,SPX,0.141363,0.233926
2010-03-31 00:00:00,DAX,0.10815,0.17259
2010-03-31 00:00:00,WTI,0.029402,0.07935
2010-03-31 00:00:00,EURUSD,-0.318726,-0.448513
2010-03-31 00:00:00,USDJPY,0.194992,-0.0
2010-04-30 00:00:00,SILVER,0.084901,0.100112
2010-04-30 00:00:00,DAX,-0.077858,0.094732
2010-06-01 00:00:00,SILVER,-0.063867,0.036245
2010-06-01 00:00:00,UST10Y,0.338971,-0.0
2010-06-01 00:00:00,UST30Y,0.389661,0.13852
2010-06-01 00:00:00,SPX,-0.233926,0.0
2010-06-01 00:00:00,DAX,-0.048056,0.046676
2010-06-01 00:00:00,WTI,-0.07935,0.0
2010-06-01 00:00:00,EURUSD,0.218285,-0.230228
2010-06-30 00:00:00,GOLD,0.132594,0.207774
2010-06-30 00:00:00,SILVER,0.043766,0.080011
2010-06-30 00:00:00,UST10Y,0.167582,0.167582
2010-06-30 00:00:00,DAX,0.038036,0.084712
2010-06-30 00:00:00,WTI,-0.033733,-0.033733
2010-06-30 00:00:00,BRENT,-0.068821,0.002558
2010-06-30 00:00:00,USDJPY,-0.186471,-0.186471
2010-08-02 00:00:00,GOLD,0.143938,0.351712
2010-08-02 00:00:00,SILVER,-0.080011,0.0
2010-08-02 00:00:00,UST10Y,0.221355,0.388937
2010-08-02 00:00:00,UST30Y,0.0869,0.22542
2010-08-02 00:00:00,SPX,-0.058173,-0.058173
2010-08-02 00:00:00,DAX,-0.038953,0.045758
2010-08-02 00:00:00,WTI,0.077808,0.044074
2010-08-02 00:00:00,USDJPY,-0.145559,-0.332031
2010-08-31 00:00:00,SILVER,0.09382,0.09382
2010-08-31 00:00:00,UST10Y,-0.18688,0.202058
2010-08-31 00:00:00,SPX,0.044379,-0.013794
2010-08-31 00:00:00,WTI,-0.044074,0.0
2010-08-31 00:00:00,BRENT,0.086618,0.089176
2010-09-30 00:00:00,SILVER,0.063382,0.157202
2010-09-30 00:00:00,UST10Y,0.220579,0.422637
2010-09-30 00:00:00,UST30Y,0.113648,0.339068
2010-09-30 00:00:00,DAX,0.100873,0.146631
2010-09-30 00:00:00,BRENT,-0.058544,0.030632
2010-09-30 00:00:00,EURUSD,0.230228,-0.0
2010-09-30 00:00:00,USDJPY,-0.34655,-0.67858
2010-11-01 00:00:00,GOLD,-0.115461,0.236251
2010-11-01 00:00:00,SPX,0.096457,0.082663
2010-11-01 00:00:00,BRENT,0.037613,0.068245
2010-11-30 00:00:00,SILVER,-0.13113,0.026072
2010-11-30 00:00:00,UST10Y,-0.267268,0.155369
2010-11-30 00:00:00,UST30Y,-0.252428,0.08664
2010-11-30 00:00:00,WTI,0.030561,0.030561
2010-11-30 00:00:00,BRENT,-0.028471,0.039774
2010-12-31 00:00:00,SILVER,0.064206,0.090278
2010-12-31 00:00:00,UST10Y,-0.181652,-0.026283
2010-12-31 00:00:00,UST30Y,-0.088657,-0.002018
2010-12-31 00:00:00,SPX,0.195293,0.277956
2010-12-31 00:00:00,DAX,-0.146631,0.0
2010-12-31 00:00:00,WTI,0.042763,0.073324
2010-12-31 00:00:00,BRENT,0.093772,0.133546
2011-01-31 00:00:00,UST10Y,-0.150968,-0.177252
2011-01-31 00:00:00,SPX,-0.136569,0.141387
2011-01-31 00:00:00,DAX,0.127918,0.127918
2011-01-31 00:00:00,WTI,-0.028608,0.044716
2011-02-28 00:00:00,GOLD,-0.116746,0.119505
2011-02-28 00:00:00,UST10Y,-0.184405,-0.361657
2011-02-28 00:00:00,UST30Y,-0.240576,-0.242593
2011-02-28 00:00:00,DAX,0.08635,0.214268
2011-03-31 00:00:00,UST30Y,0.12515,-0.117444
2011-03-31 00:00:00,DAX,-0.162787,0.051481
2011-03-31 00:00:00,BRENT,-0.029314,0.104232
2011-03-31 00:00:00,USDJPY,0.497185,-0.181395
2011-05-02 00:00:00,UST30Y,-0.102831,-0.220275
2011-05-02 00:00:00,WTI,0.052619,0.097335
2011-05-02 00:00:00,EURUSD,0.171575,0.171575
2011-05-31 00:00:00,SILVER,-0.067062,0.023216
2011-05-31 00:00:00,UST10Y,0.361657,0.0
2011-05-31 00:00:00,UST30Y,0.220275,0.0
2011-05-31 00:00:00,WTI,-0.066226,0.031109
2011-05-31 00:00:00,BRENT,-0.066356,0.037876
2011-06-30 00:00:00,SPX,-0.095833,0.045554
2011-06-30 00:00:00,BRENT,-0.031565,0.006311
2011-08-01 00:00:00,GOLD,0.110166,0.22967
2011-08-01 00:00:00,BRENT,0.07021,0.07652
2011-08-01 00:00:00,USDJPY,-0.177365,-0.35876
2011-08-30 00:00:00,EURUSD,-0.090578,0.080997
2011-08-31 00:00:00,GOLD,-0.22967,0.0
2011-08-31 00:00:00,SILVER,0.069529,0.092746
2011-08-31 00:00:00,UST10Y,0.147242,0.147242
2011-08-31 00:00:00,SPX,-0.046476,-0.000922
2011-08-31 00:00:00,DAX,-0.056658,-0.005177
2011-08-31 00:00:00,WTI,-0.036702,-0.005593
2011-09-30 00:00:00,SILVER,-0.092746,0.0
2011-09-30 00:00:00,BRENT,-0.029387,0.047133
2011-09-30 00:00:00,EURUSD,-0.105579,-0.024582
2011-10-31 00:00:00,GOLD,0.171588,0.171588
2011-10-31 00:00:00,UST10Y,0.557369,0.704611
2011-10-31 00:00:00,DAX,-0.035815,-0.040992
2011-10-31 00:00:00,USDJPY,-0.605001,-0.963761
2011-11-30 00:00:00,UST10Y,-0.516152,0.188459
2011-11-30 00:00:00,UST30Y,0.160309,0.160309
2011-11-30 00:00:00,SPX,-0.051947,-0.052869
2011-11-30 00:00:00,WTI,0.035836,0.030243
2011-11-30 00:00:00,BRENT,-0.047133,0.0
2011-11-30 00:00:00,USDJPY,0.634678,-0.329082
2012-01-03 00:00:00,GOLD,-0.171588,0.0
2012-01-03 00:00:00,SILVER,-0.052318,-0.052318
2012-01-03 00:00:00,UST10Y,0.240224,0.428682
2012-01-03 00:00:00,UST30Y,0.137201,0.29751
2012-01-03 00:00:00,SPX,0.052869,-0.0
2012-01-03 00:00:00,WTI,0.040965,0.071208
2012-01-03 00:00:00,EURUSD,-0.29083,-0.315412
2012-01-31 00:00:00,GOLD,0.09738,0.09738
2012-01-31 00:00:00,UST10Y,0.312145,0.740827
2012-01-31 00:00:00,SPX,0.050341,0.050341
2012-01-31 00:00:00,WTI,0.03016,0.101368
2012-02-29 00:00:00,SILVER,0.054741,0.002423
2012-02-29 00:00:00,UST10Y,0.13711,0.877937
2012-02-29 00:00:00,UST30Y,0.111938,0.409449
2012-02-29 00:00:00,SPX,0.10713,0.157471
2012-02-29 00:00:00,DAX,0.041403,0.00041
2012-02-29 00:00:00,BRENT,0.087397,0.087397
2012-02-29 00:00:00,EURUSD,-0.416506,-0.731917
2012-02-29 00:00:00,USDJPY,0.329082,-0.0
2012-04-02 00:00:00,GOLD,-0.09738,0.0
2012-04-02 00:00:00,SILVER,-0.088224,-0.085801
2012-04-02 00:00:00,UST10Y,-0.23923,0.638707
2012-04-02 00:00:00,UST30Y,-0.132708,0.276741
2012-04-02 00:00:00,DAX,0.092215,0.092625
2012-04-02 00:00:00,BRENT,0.042075,0.129472
2012-04-02 00:00:00,EURUSD,0.391564,-0.340353
2012-04-30 00:00:00,SILVER,-0.037672,-0.123472
2012-04-30 00:00:00,UST10Y,0.221328,0.860035
2012-04-30 00:00:00,DAX,-0.040454,0.052171
2012-04-30 00:00:00,WTI,-0.07242,0.028948
2012-04-30 00:00:00,USDJPY,0.165493,0.165493
2012-05-31 00:00:00,SILVER,-0.100322,-0.223794
2012-05-31 00:00:00,UST10Y,-0.174351,0.685684
2012-05-31 00:00:00,UST30Y,0.212292,0.489033
2012-05-31 00:00:00,DAX,-0.047315,0.004856
2012-05-31 00:00:00,WTI,-0.054409,-0.025461
2012-05-31 00:00:00,BRENT,-0.146458,-0.016986
2012-05-31 00:00:00,EURUSD,-0.710771,-1.051124
2012-05-31 00:00:00,USDJPY,-0.165493,-0.0
2012-07-02 00:00:00,SILVER,0.035277,-0.188517
2012-07-02 00:00:00,UST10Y,0.222039,0.907723
2012-07-02 00:00:00,SPX,-0.129462,0.028009
2012-07-02 00:00:00,DAX,-0.092065,-0.087209
2012-07-02 00:00:00,WTI,-0.038265,-0.063726
2012-07-02 00:00:00,BRENT,-0.055967,-0.072952
2012-07-02 00:00:00,EURUSD,0.131766,-0.919358
2012-07-31 00:00:00,SILVER,0.100296,-0.08822
2012-07-31 00:00:00,UST10Y,-0.21696,0.690763
2012-07-31 00:00:00,UST30Y,-0.169079,0.319954
2012-07-31 00:00:00,SPX,0.07483,0.102839
2012-07-31 00:00:00,DAX,0.091561,0.004353
2012-07-31 00:00:00,WTI,0.031006,-0.03272
2012-07-31 00:00:00,EURUSD,0.593589,-0.325769
2012-08-31 00:00:00,SILVER,-0.048337,-0.136557
2012-08-31 00:00:00,UST10Y,-0.257268,0.433495
2012-08-31 00:00:00,SPX,0.095487,0.198326
2012-08-31 00:00:00,DAX,0.10084,0.105193
2012-08-31 00:00:00,WTI,0.023548,-0.009173
2012-08-31 00:00:00,BRENT,0.077738,0.004785
2012-10-01 00:00:00,SILVER,0.136557,-0.0
2012-10-01 00:00:00,UST30Y,-0.143881,0.176074
2012-10-01 00:00:00,SPX,0.068937,0.267263
2012-10-01 00:00:00,DAX,0.066822,0.172015
2012-10-01 00:00:00,EURUSD,0.325769,-0.0
2012-10-01 00:00:00,USDJPY,-0.728766,-0.728766
2012-10-31 00:00:00,GOLD,0.148361,0.148361
2012-10-31 00:00:00,UST10Y,-0.433495,0.0
2012-10-31 00:00:00,UST30Y,0.496455,0.672528
2012-10-31 00:00:00,DAX,0.058106,0.230121
2012-10-31 00:00:00,WTI,-0.083458,-0.09263
2012-10-31 00:00:00,USDJPY,0.728766,0.0
2012-11-30 00:00:00,SILVER,0.044378,0.044378
2012-11-30 00:00:00,UST10Y,0.366552,0.366552
2012-11-30 00:00:00,UST30Y,-0.203163,0.469366
2012-11-30 00:00:00,SPX,-0.077679,0.189584
2012-11-30 00:00:00,BRENT,-0.067704,-0.062918
2012-11-30 00:00:00,USDJPY,0.397191,0.397191
2012-12-31 00:00:00,GOLD,-0.148361,0.0
2012-12-31 00:00:00,SILVER,-0.044378,0.0
2012-12-31 00:00:00,UST10Y,-0.558685,-0.192132
2012-12-31 00:00:00,UST30Y,-0.252967,0.216399
2012-12-31 00:00:00,SPX,0.342739,0.532323
2012-12-31 00:00:00,DAX,-0.230121,0.0
2012-12-31 00:00:00,WTI,-0.040941,-0.133571
2012-12-31 00:00:00,BRENT,0.059296,-0.003622
2013-01-31 00:00:00,UST30Y,-0.216399,0.0
2013-01-31 00:00:00,SPX,-0.122954,0.409369
2013-01-31 00:00:00,DAX,0.251696,0.251696
2013-01-31 00:00:00,WTI,0.133571,-0.0
2013-01-31 00:00:00,BRENT,0.08631,0.082688
2013-01-31 00:00:00,EURUSD,0.271723,0.271723
2013-02-28 00:00:00,SILVER,-0.096463,-0.096463
2013-02-28 00:00:00,UST30Y,-0.147284,-0.147284
2013-02-28 00:00:00,SPX,-0.080766,0.328603
2013-02-28 00:00:00,BRENT,-0.102519,-0.019832
2013-02-28 00:00:00,USDJPY,-0.3811,0.016091
2013-04-01 00:00:00,GOLD,-0.15682,-0.15682
2013-04-01 00:00:00,SILVER,-0.089321,-0.185783
2013-04-01 00:00:00,SPX,0.108597,0.4372
2013-04-01 00:00:00,DAX,0.075692,0.327388
2013-04-01 00:00:00,BRENT,-0.18112,-0.200952
2013-04-01 00:00:00,EURUSD,-0.258006,0.013717
2013-04-30 00:00:00,GOLD,0.144905,-0.011915
2013-04-30 00:00:00,SILVER,0.070189,-0.115595
2013-04-30 00:00:00,UST10Y,0.336933,0.1448
2013-04-30 00:00:00,UST30Y,0.39513,0.247847
2013-04-30 00:00:00,SPX,-0.096285,0.340915
2013-04-30 00:00:00,DAX,-0.235237,0.092151
2013-04-30 00:00:00,BRENT,-0.141094,-0.342045
2013-05-31 00:00:00,GOLD,-0.171953,-0.183867
2013-05-31 00:00:00,UST10Y,-0.274732,-0.129931
2013-05-31 00:00:00,UST30Y,-0.32499,-0.077144
2013-05-31 00:00:00,DAX,0.068535,0.160686
2013-05-31 00:00:00,BRENT,0.156692,-0.185354
2013-05-31 00:00:00,EURUSD,0.122575,0.136292
2013-05-31 00:00:00,USDJPY,0.193132,0.209223
2013-07-01 00:00:00,GOLD,0.177941,-0.005926
2013-07-01 00:00:00,UST30Y,-0.24507,-0.322214
2013-07-01 00:00:00,SPX,-0.11128,0.229635
2013-07-01 00:00:00,WTI,0.03446,0.03446
2013-07-01 00:00:00,BRENT,0.111065,-0.074289
2013-07-31 00:00:00,GOLD,-0.154595,-0.160521
2013-07-31 00:00:00,UST10Y,-0.16639,-0.296321
2013-07-31 00:00:00,SPX,0.103003,0.332638
2013-07-31 00:00:00,DAX,0.041493,0.202179
2013-07-31 00:00:00,WTI,0.087606,0.122066
2013-07-31 00:00:00,BRENT,0.043828,-0.030461
2013-08-28 00:00:00,EURUSD,-0.102292,0.034
2013-09-03 00:00:00,BRENT,0.059188,0.028727
2013-09-30 00:00:00,SILVER,0.101922,-0.013672
2013-09-30 00:00:00,WTI,0.050715,0.172781
2013-09-30 00:00:00,EURUSD,0.141834,0.175834
2013-10-31 00:00:00,SILVER,-0.059274,-0.072947
2013-10-31 00:00:00,DAX,0.075801,0.27798
2013-10-31 00:00:00,WTI,-0.172781,0.0
2013-10-31 00:00:00,EURUSD,0.144742,0.320576
2013-12-02 00:00:00,SILVER,-0.048437,-0.121383
2013-12-02 00:00:00,UST30Y,-0.124211,-0.446425
2013-12-02 00:00:00,DAX,0.05883,0.336811
2013-12-02 00:00:00,WTI,-0.049832,-0.049832
2013-12-31 00:00:00,UST10Y,-0.179957,-0.476278
2013-12-31 00:00:00,SPX,0.380529,0.713167
2013-12-31 00:00:00,DAX,-0.336811,0.0
2013-12-31 00:00:00,WTI,0.049832,-0.0
2013-12-31 00:00:00,BRENT,0.033865,0.062591
2013-12-31 00:00:00,EURUSD,0.208086,0.528662
2013-12-31 00:00:00,USDJPY,0.143542,0.352765
2014-01-31 00:00:00,SPX,-0.45633,0.256838
2014-01-31 00:00:00,DAX,0.156073,0.156073
2014-01-31 00:00:00,WTI,-0.031629,-0.031629
2014-01-31 00:00:00,BRENT,-0.074518,-0.011926
2014-01-31 00:00:00,EURUSD,-0.161465,0.367196
2014-02-28 00:00:00,GOLD,0.160521,0.0
2014-02-28 00:00:00,SILVER,0.121383,0.0
2014-02-28 00:00:00,UST30Y,0.446425,-0.0
2014-02-28 00:00:00,DAX,0.119211,0.275284
2014-02-28 00:00:00,WTI,0.063523,0.031894
2014-03-31 00:00:00,GOLD,-0.083321,-0.083321
2014-03-31 00:00:00,SILVER,-0.092434,-0.092434
2014-03-31 00:00:00,UST10Y,0.232122,-0.244157
2014-03-31 00:00:00,UST30Y,-0.230485,-0.230485
2014-03-31 00:00:00,DAX,-0.201723,0.07356
2014-03-31 00:00:00,EURUSD,0.138862,0.506058
2014-04-30 00:00:00,SILVER,-0.040283,-0.132717
2014-04-30 00:00:00,DAX,0.071046,0.144606
2014-04-30 00:00:00,WTI,0.094578,0.126472
2014-04-30 00:00:00,USDJPY,-0.168783,0.183982
2014-06-02 00:00:00,UST10Y,-0.242056,-0.486212
2014-06-02 00:00:00,UST30Y,0.188515,-0.04197
2014-06-02 00:00:00,SPX,0.078965,0.335803
2014-06-02 00:00:00,DAX,0.074808,0.219414
2014-06-02 00:00:00,WTI,0.033566,0.160038
2014-06-02 00:00:00,BRENT,0.034813,0.022886
2014-06-02 00:00:00,EURUSD,0.121955,0.628013
2014-06-30 00:00:00,GOLD,0.083321,0.0
2014-06-30 00:00:00,SILVER,0.132717,0.0
2014-06-30 00:00:00,SPX,0.146,0.481803
2014-06-30 00:00:00,DAX,0.136817,0.356231
2014-06-30 00:00:00,WTI,0.136128,0.296166
2014-06-30 00:00:00,BRENT,0.20989,0.232777
2014-06-30 00:00:00,EURUSD,-0.472003,0.156009
2014-07-31 00:00:00,SILVER,0.092953,0.092953
2014-07-31 00:00:00,UST30Y,0.225222,0.183252
2014-07-31 00:00:00,DAX,-0.141967,0.214264
2014-07-31 00:00:00,WTI,-0.296166,-0.0
2014-07-31 00:00:00,BRENT,-0.254648,-0.021871
2014-07-31 00:00:00,EURUSD,-0.303839,-0.14783
2014-09-02 00:00:00,SILVER,-0.429647,-0.336694
2014-09-02 00:00:00,UST10Y,0.535677,0.049464
2014-09-02 00:00:00,UST30Y,0.223914,0.407166
2014-09-02 00:00:00,DAX,-0.098613,0.115651
2014-09-02 00:00:00,WTI,-0.160797,-0.160797
2014-09-02 00:00:00,BRENT,-0.144288,-0.16616
2014-09-02 00:00:00,EURUSD,-0.446446,-0.594275
2014-09-02 00:00:00,USDJPY,0.480321,0.664303
2014-09-30 00:00:00,GOLD,-0.208105,-0.208105
2014-09-30 00:00:00,SILVER,0.119473,-0.217221
2014-09-30 00:00:00,UST10Y,-0.263837,-0.214373
2014-09-30 00:00:00,SPX,-0.118376,0.363427
2014-09-30 00:00:00,BRENT,-0.106489,-0.272648
2014-09-30 00:00:00,EURUSD,0.116307,-0.477969
2014-10-31 00:00:00,SILVER,0.05924,-0.157981
2014-10-31 00:00:00,UST10Y,0.35884,0.144466
2014-10-31 00:00:00,SPX,-0.325824,0.037603
2014-10-31 00:00:00,DAX,-0.121065,-0.005414
2014-10-31 00:00:00,WTI,0.123014,-0.037783
2014-10-31 00:00:00,BRENT,0.099075,-0.173573
2014-10-31 00:00:00,USDJPY,-0.240387,0.423916
2014-12-01 00:00:00,GOLD,0.086746,-0.121359
2014-12-01 00:00:00,SPX,0.212552,0.250154
2014-12-01 00:00:00,BRENT,0.139167,-0.034406
2014-12-01 00:00:00,EURUSD,0.455875,-0.022094
2014-12-31 00:00:00,SILVER,0.094746,-0.063235
2014-12-31 00:00:00,USDJPY,-0.330577,0.093339
2015-02-02 00:00:00,GOLD,0.121359,0.0
2015-02-02 00:00:00,SILVER,0.063235,0.0
2015-02-02 00:00:00,UST10Y,0.307968,0.452435
2015-02-02 00:00:00,UST30Y,-0.149381,0.257785
2015-02-02 00:00:00,SPX,-0.250154,0.0
2015-02-02 00:00:00,DAX,0.066123,0.060709
2015-03-02 00:00:00,UST10Y,-0.410137,0.042298
2015-03-02 00:00:00,UST30Y,-0.152028,0.105758
2015-03-02 00:00:00,SPX,0.122952,0.122952
2015-03-02 00:00:00,DAX,0.143927,0.204636
2015-03-02 00:00:00,EURUSD,-0.188244,-0.210337
2015-03-02 00:00:00,USDJPY,0.274613,0.367952
2015-03-31 00:00:00,GOLD,-0.089422,-0.089422
2015-03-31 00:00:00,SILVER,-0.044337,-0.044337
2015-03-31 00:00:00,WTI,-0.028581,-0.066364
2015-03-31 00:00:00,EURUSD,0.151056,-0.059281
2015-04-30 00:00:00,UST10Y,0.300561,0.342859
2015-04-30 00:00:00,BRENT,-0.046634,-0.08104
2015-04-30 00:00:00,EURUSD,-0.246184,-0.305465
2015-06-01 00:00:00,UST10Y,-0.2595,0.083359
2015-06-01 00:00:00,DAX,-0.054965,0.149671
2015-06-30 00:00:00,SILVER,-0.071737,-0.116074
2015-06-30 00:00:00,UST30Y,0.120402,0.22616
2015-06-30 00:00:00,DAX,-0.149671,0.0
2015-06-30 00:00:00,EURUSD,0.287088,-0.018377
2015-07-31 00:00:00,GOLD,-0.101541,-0.190963
2015-07-31 00:00:00,SILVER,-0.050543,-0.166617
2015-07-31 00:00:00,UST10Y,-0.178599,-0.09524
2015-07-31 00:00:00,DAX,0.077003,0.077003
2015-07-31 00:00:00,WTI,-0.039062,-0.105426
2015-07-31 00:00:00,BRENT,-0.028187,-0.109227
2015-07-31 00:00:00,EURUSD,-0.17576,-0.194137
2015-07-31 00:00:00,USDJPY,0.135227,0.50318
2015-08-31 00:00:00,GOLD,0.07712,-0.113843
2015-08-31 00:00:00,SILVER,0.073767,-0.09285
2015-08-31 00:00:00,SPX,-0.123125,-0.000174
2015-08-31 00:00:00,DAX,-0.07556,0.001444
2015-08-31 00:00:00,WTI,0.03937,-0.066056
2015-08-31 00:00:00,BRENT,0.042762,-0.066465
2015-08-31 00:00:00,EURUSD,0.110347,-0.08379
2015-08-31 00:00:00,USDJPY,-0.285338,0.217841
2015-09-30 00:00:00,UST10Y,0.133431,0.038191
2015-09-30 00:00:00,USDJPY,-0.217841,0.0
2015-11-02 00:00:00,GOLD,0.079395,-0.034448
2015-11-02 00:00:00,UST30Y,0.108052,0.334212
2015-11-02 00:00:00,EURUSD,-0.258884,-0.342673
2015-11-30 00:00:00,GOLD,-0.107502,-0.14195
2015-11-30 00:00:00,UST30Y,-0.170113,0.1641
2015-11-30 00:00:00,DAX,0.061024,0.062467
2015-11-30 00:00:00,USDJPY,0.336357,0.336357
2015-12-31 00:00:00,UST10Y,-0.275629,-0.237438
2015-12-31 00:00:00,UST30Y,-0.1641,0.0
2015-12-31 00:00:00,SPX,0.161888,0.161714
2015-12-31 00:00:00,DAX,-0.062467,0.0
2015-12-31 00:00:00,EURUSD,-0.154588,-0.497261
2015-12-31 00:00:00,USDJPY,-0.336357,0.0
2016-02-01 00:00:00,UST10Y,0.313605,0.076168
2016-02-01 00:00:00,UST30Y,0.175847,0.175847
2016-02-01 00:00:00,SPX,-0.161714,0.0
2016-02-01 00:00:00,DAX,-0.06366,-0.06366
2016-02-01 00:00:00,WTI,0.058789,-0.007267
2016-02-01 00:00:00,BRENT,0.063772,-0.002693
2016-02-01 00:00:00,EURUSD,0.189952,-0.307309
2016-02-29 00:00:00,GOLD,0.148401,0.006451
2016-02-29 00:00:00,UST10Y,0.524725,0.600893
2016-02-29 00:00:00,UST30Y,0.112269,0.288115
2016-02-29 00:00:00,EURUSD,0.175839,-0.13147
2016-03-31 00:00:00,GOLD,0.113466,0.119917
2016-03-31 00:00:00,SILVER,0.09481,0.00196
2016-03-31 00:00:00,UST30Y,-0.100536,0.18758
2016-03-31 00:00:00,DAX,-0.113983,-0.177643
2016-03-31 00:00:00,WTI,-0.042281,-0.049549
2016-03-31 00:00:00,BRENT,-0.058355,-0.061048
2016-03-31 00:00:00,EURUSD,0.240018,0.108548
2016-03-31 00:00:00,USDJPY,-0.155483,-0.155483
2016-05-02 00:00:00,SILVER,0.038363,0.040323
2016-05-02 00:00:00,UST10Y,-0.176244,0.424649
2016-05-02 00:00:00,UST30Y,0.162248,0.349828
2016-05-02 00:00:00,DAX,0.096808,-0.080835
2016-05-02 00:00:00,WTI,0.049549,0.0
2016-05-02 00:00:00,BRENT,0.061048,0.0
2016-05-02 00:00:00,EURUSD,0.126054,0.234602
2016-05-31 00:00:00,GOLD,0.091412,0.211329
2016-05-31 00:00:00,SILVER,0.084706,0.125029
2016-05-31 00:00:00,EURUSD,-0.155414,0.079188
2016-06-30 00:00:00,GOLD,-0.072848,0.138481
2016-06-30 00:00:00,SILVER,-0.059438,0.065591
2016-06-30 00:00:00,UST10Y,0.139134,0.563783
2016-06-30 00:00:00,DAX,0.068528,-0.012307
2016-06-30 00:00:00,USDJPY,0.132758,-0.022725
2016-08-01 00:00:00,SILVER,0.075496,0.141087
2016-08-01 00:00:00,SPX,0.088049,0.088049
2016-08-01 00:00:00,EURUSD,-0.129834,-0.050646
2016-08-31 00:00:00,GOLD,0.131003,0.269484
2016-08-31 00:00:00,SPX,0.237478,0.325526
2016-08-31 00:00:00,DAX,0.049216,0.036909
2016-08-31 00:00:00,USDJPY,-0.620342,-0.643066
2016-09-30 00:00:00,UST10Y,-0.284994,0.278789
2016-09-30 00:00:00,UST30Y,-0.210559,0.139269
2016-09-30 00:00:00,SPX,-0.154475,0.171051
2016-10-31 00:00:00,GOLD,-0.145476,0.124008
2016-10-31 00:00:00,SILVER,-0.064588,0.076499
2016-10-31 00:00:00,UST10Y,-0.289838,-0.011049
2016-10-31 00:00:00,UST30Y,-0.139269,0.0
2016-10-31 00:00:00,WTI,0.045615,0.045615
2016-10-31 00:00:00,USDJPY,0.356905,-0.286161
2016-11-30 00:00:00,GOLD,-0.124008,0.0
2016-11-30 00:00:00,SILVER,-0.076499,0.0
2016-11-30 00:00:00,UST10Y,-0.497527,-0.508576
2016-11-30 00:00:00,UST30Y,-0.203838,-0.203838
2016-11-30 00:00:00,SPX,-0.171051,-0.0
2016-11-30 00:00:00,DAX,-0.054515,-0.017606
2016-11-30 00:00:00,EURUSD,-0.560969,-0.611615
2016-11-30 00:00:00,USDJPY,0.286161,-0.0
2017-01-03 00:00:00,GOLD,-0.25916,-0.25916
2017-01-03 00:00:00,SPX,0.209471,0.209471
2017-01-03 00:00:00,DAX,0.091434,0.073828
2017-01-03 00:00:00,BRENT,0.05453,0.05453
2017-01-03 00:00:00,EURUSD,0.247431,-0.364183
2017-01-31 00:00:00,GOLD,0.16682,-0.09234
2017-01-31 00:00:00,UST10Y,-0.21411,-0.722686
2017-01-31 00:00:00,UST30Y,-0.134149,-0.337987
2017-01-31 00:00:00,SPX,0.146585,0.356056
2017-01-31 00:00:00,DAX,0.153162,0.22699
2017-02-28 00:00:00,SPX,-0.097431,0.258625
2017-02-28 00:00:00,WTI,0.042505,0.088119
2017-02-28 00:00:00,BRENT,0.029021,0.083551
2017-02-28 00:00:00,EURUSD,0.15905,-0.205133
2017-03-31 00:00:00,GOLD,0.091421,-0.000919
2017-03-31 00:00:00,WTI,-0.036899,0.051221
2017-05-01 00:00:00,GOLD,0.132143,0.131223
2017-05-01 00:00:00,SPX,0.151844,0.410469
2017-05-01 00:00:00,EURUSD,0.205133,-0.0
2017-05-31 00:00:00,UST10Y,0.171679,-0.551007
2017-05-31 00:00:00,WTI,-0.047011,0.00421
2017-05-31 00:00:00,BRENT,-0.083551,0.0
2017-06-30 00:00:00,GOLD,-0.131223,-0.0
2017-06-30 00:00:00,SILVER,-0.223445,-0.223445
2017-06-30 00:00:00,UST30Y,0.148948,-0.18904
2017-06-30 00:00:00,DAX,0.089178,0.316168
2017-06-30 00:00:00,WTI,-0.041027,-0.036817
2017-06-30 00:00:00,BRENT,-0.038262,-0.038262
2017-06-30 00:00:00,EURUSD,0.189372,0.189372
2017-06-30 00:00:00,USDJPY,0.141342,0.141342
2017-07-31 00:00:00,SILVER,-0.039883,-0.263328
2017-07-31 00:00:00,UST10Y,0.357456,-0.193551
2017-07-31 00:00:00,SPX,0.124523,0.534992
2017-07-31 00:00:00,WTI,0.036817,-0.0
2017-07-31 00:00:00,BRENT,0.08972,0.051458
2017-07-31 00:00:00,EURUSD,0.137653,0.327025
2017-08-31 00:00:00,GOLD,0.250129,0.250129
2017-08-31 00:00:00,SILVER,0.263328,-0.0
2017-08-31 00:00:00,SPX,-0.119453,0.415539
2017-08-31 00:00:00,DAX,-0.13074,0.185428
2017-08-31 00:00:00,BRENT,-0.051458,0.0
2017-10-02 00:00:00,GOLD,-0.102607,0.147521
2017-10-02 00:00:00,SILVER,-0.070857,-0.070857
2017-10-02 00:00:00,UST10Y,-0.197979,-0.39153
2017-10-02 00:00:00,SPX,0.147712,0.563251
2017-10-02 00:00:00,DAX,0.125496,0.310923
2017-10-02 00:00:00,BRENT,0.106285,0.106285
2017-10-02 00:00:00,USDJPY,-0.147923,-0.00658
2017-10-31 00:00:00,UST10Y,-0.466306,-0.857835
2017-10-31 00:00:00,UST30Y,-0.145801,-0.334841
2017-10-31 00:00:00,SPX,0.718687,1.281938
2017-10-31 00:00:00,DAX,-0.310923,0.0
2017-10-31 00:00:00,WTI,0.052549,0.052549
2017-10-31 00:00:00,BRENT,0.046931,0.153216
2017-11-30 00:00:00,GOLD,-0.086544,0.060978
2017-11-30 00:00:00,SILVER,0.059875,-0.010982
2017-11-30 00:00:00,UST10Y,-0.160795,-1.01863
2017-11-30 00:00:00,SPX,-0.624416,0.657522
2017-11-30 00:00:00,DAX,0.287856,0.287856
2017-11-30 00:00:00,WTI,0.116235,0.168783
2017-11-30 00:00:00,BRENT,0.032304,0.18552
2018-01-02 00:00:00,SILVER,-0.113133,-0.124116
2018-01-02 00:00:00,UST30Y,0.268265,-0.066576
2018-01-02 00:00:00,WTI,-0.056475,0.112309
2018-01-02 00:00:00,BRENT,-0.071413,0.114108
2018-01-02 00:00:00,EURUSD,0.200257,0.527282
2018-01-31 00:00:00,GOLD,0.09089,0.151867
2018-01-31 00:00:00,SILVER,0.053502,-0.070614
2018-01-31 00:00:00,UST30Y,-0.155898,-0.222474
2018-01-31 00:00:00,SPX,-0.158178,0.499344
2018-01-31 00:00:00,DAX,-0.106498,0.181358
2018-01-31 00:00:00,WTI,0.060665,0.172973
2018-01-31 00:00:00,BRENT,0.066199,0.180307
2018-01-31 00:00:00,EURUSD,-0.209449,0.317833
2018-01-31 00:00:00,USDJPY,-0.190557,-0.197137
2018-02-28 00:00:00,SILVER,0.053675,-0.016939
2018-02-28 00:00:00,UST10Y,0.170265,-0.848365
2018-02-28 00:00:00,UST30Y,-0.153026,-0.375501
2018-02-28 00:00:00,SPX,-0.499344,0.0
2018-02-28 00:00:00,DAX,-0.155136,0.026223
2018-02-28 00:00:00,WTI,-0.037935,0.135038
2018-02-28 00:00:00,BRENT,-0.036928,0.143378
2018-04-02 00:00:00,GOLD,-0.075616,0.076252
2018-04-02 00:00:00,SILVER,-0.068532,-0.085471
2018-04-02 00:00:00,USDJPY,-0.113993,-0.31113
2018-05-31 00:00:00,UST10Y,0.848365,0.0
2018-05-31 00:00:00,UST30Y,0.375501,0.0
2018-05-31 00:00:00,SPX,0.112659,0.112659
2018-05-31 00:00:00,EURUSD,-0.310857,0.006977
2018-05-31 00:00:00,USDJPY,0.270901,-0.04023
2018-07-02 00:00:00,GOLD,-0.130762,-0.054511
2018-07-02 00:00:00,SILVER,0.067617,-0.017854
2018-07-02 00:00:00,UST10Y,-0.616704,-0.616704
2018-07-02 00:00:00,UST30Y,-0.332825,-0.332825
2018-07-02 00:00:00,WTI,-0.046308,0.088731
2018-07-02 00:00:00,BRENT,-0.037028,0.10635
2018-07-31 00:00:00,GOLD,-0.138275,-0.192786
2018-07-31 00:00:00,SILVER,-0.123447,-0.1413
2018-07-31 00:00:00,UST10Y,-0.263166,-0.87987
2018-07-31 00:00:00,SPX,0.097678,0.210337
2018-07-31 00:00:00,BRENT,-0.041177,0.065174
2018-07-31 00:00:00,EURUSD,-0.11144,-0.104463
2018-07-31 00:00:00,USDJPY,0.12431,0.084081
2018-08-31 00:00:00,GOLD,-0.158721,-0.351507
2018-08-31 00:00:00,SILVER,-0.051991,-0.193291
2018-08-31 00:00:00,UST10Y,0.309683,-0.570187
2018-08-31 00:00:00,SPX,0.11013,0.320467
2018-08-31 00:00:00,BRENT,0.03546,0.100634
2018-10-01 00:00:00,UST10Y,-0.167499,-0.737686
2018-10-01 00:00:00,UST30Y,-0.192036,-0.524861
2018-10-01 00:00:00,DAX,-0.076325,-0.050103
2018-10-01 00:00:00,WTI,0.030149,0.118879
2018-10-01 00:00:00,BRENT,0.038204,0.138837
2018-10-31 00:00:00,GOLD,0.15696,-0.194547
2018-10-31 00:00:00,UST10Y,0.166431,-0.571256
2018-10-31 00:00:00,UST30Y,0.105237,-0.419623
2018-10-31 00:00:00,SPX,-0.320467,0.0
2018-10-31 00:00:00,DAX,-0.129883,-0.179986
2018-10-31 00:00:00,WTI,-0.118879,0.0
2018-10-31 00:00:00,BRENT,0.049346,0.188184
2018-11-30 00:00:00,GOLD,0.104469,-0.090079
2018-11-30 00:00:00,DAX,-0.227724,-0.40771
2018-11-30 00:00:00,BRENT,-0.188184,0.0
2018-11-30 00:00:00,USDJPY,0.12957,0.213651
2018-12-31 00:00:00,GOLD,0.091185,0.001106
2018-12-31 00:00:00,SILVER,0.051569,-0.141722
2018-12-31 00:00:00,UST10Y,1.367107,0.795851
2018-12-31 00:00:00,UST30Y,0.419623,-0.0
2018-12-31 00:00:00,DAX,0.40771,0.0
2018-12-31 00:00:00,EURUSD,-0.123711,-0.228174
2019-01-31 00:00:00,GOLD,0.135784,0.13689
2019-01-31 00:00:00,SILVER,0.146451,0.004729
2019-01-31 00:00:00,UST10Y,-0.206169,0.589682
2019-01-31 00:00:00,UST30Y,0.250608,0.250608
2019-01-31 00:00:00,DAX,-0.07358,-0.07358
2019-01-31 00:00:00,WTI,-0.0701,-0.0701
2019-01-31 00:00:00,BRENT,-0.063268,-0.063268
2019-01-31 00:00:00,USDJPY,-0.213651,0.0
2019-02-28 00:00:00,DAX,-0.074164,-0.147743
2019-02-28 00:00:00,EURUSD,-0.573474,-0.801648
2019-04-01 00:00:00,UST10Y,0.360856,0.950538
2019-04-01 00:00:00,SPX,0.122547,0.122547
2019-04-01 00:00:00,DAX,0.099186,-0.048557
2019-04-30 00:00:00,SILVER,-0.153436,-0.148707
2019-04-30 00:00:00,UST10Y,0.276058,1.226596
2019-04-30 00:00:00,UST30Y,0.22773,0.478337
2019-04-30 00:00:00,SPX,0.171422,0.293969
2019-04-30 00:00:00,WTI,0.0701,0.0
2019-04-30 00:00:00,BRENT,0.063268,0.0
2019-04-30 00:00:00,EURUSD,0.380335,-0.421313
2019-05-31 00:00:00,GOLD,-0.080056,0.056834
2019-05-31 00:00:00,SILVER,-0.049637,-0.198344
2019-05-31 00:00:00,UST30Y,-0.142581,0.335756
2019-05-31 00:00:00,SPX,-0.110299,0.183669
2019-05-31 00:00:00,DAX,0.095871,0.047314
2019-05-31 00:00:00,WTI,-0.039416,-0.039416
2019-05-31 00:00:00,BRENT,-0.032232,-0.032232
2019-05-31 00:00:00,EURUSD,-0.142977,-0.56429
2019-05-31 00:00:00,USDJPY,0.128086,0.128086
2019-07-01 00:00:00,SILVER,0.198344,-0.0
2019-07-01 00:00:00,UST10Y,-1.187185,0.039411
2019-07-01 00:00:00,UST30Y,0.275677,0.611434
2019-07-01 00:00:00,WTI,0.039416,-0.0
2019-07-01 00:00:00,BRENT,-0.093492,-0.125724
2019-07-01 00:00:00,EURUSD,0.336883,-0.227407
2019-07-01 00:00:00,USDJPY,-0.495838,-0.367753
2019-07-31 00:00:00,GOLD,0.714176,0.77101
2019-07-31 00:00:00,UST10Y,1.05991,1.099321
2019-07-31 00:00:00,EURUSD,-0.402556,-0.629963
2019-09-03 00:00:00,GOLD,-0.619189,0.151822
2019-09-03 00:00:00,UST10Y,-0.89817,0.201151
2019-09-03 00:00:00,UST30Y,-0.592514,0.018919
2019-09-03 00:00:00,SPX,-0.145791,0.037878
2019-09-03 00:00:00,DAX,-0.052872,-0.005559
2019-09-03 00:00:00,BRENT,-0.030986,-0.15671
2019-09-03 00:00:00,USDJPY,0.304657,-0.063095
2019-09-30 00:00:00,DAX,0.05834,0.052781
2019-09-30 00:00:00,BRENT,0.141897,-0.014812
2019-09-30 00:00:00,USDJPY,-0.304509,-0.367604
2019-10-31 00:00:00,GOLD,0.201191,0.353012
2019-10-31 00:00:00,SILVER,0.166697,0.166697
2019-10-31 00:00:00,UST10Y,0.403894,0.605045
2019-10-31 00:00:00,UST30Y,0.452027,0.470947
2019-10-31 00:00:00,DAX,0.056452,0.109233
2019-10-31 00:00:00,WTI,-0.058361,-0.058361
2019-10-31 00:00:00,BRENT,-0.053029,-0.067842
2019-12-02 00:00:00,SPX,0.19894,0.236818
2019-12-02 00:00:00,DAX,0.212403,0.321636
2019-12-02 00:00:00,WTI,0.058361,-0.0
2019-12-02 00:00:00,BRENT,-0.048645,-0.116487
2019-12-02 00:00:00,EURUSD,-0.144921,-0.774884
2019-12-31 00:00:00,GOLD,-0.106262,0.24675
2019-12-31 00:00:00,SILVER,-0.091826,0.074871
2019-12-31 00:00:00,UST10Y,-0.539992,0.065053
2019-12-31 00:00:00,UST30Y,-0.470947,0.0
2019-12-31 00:00:00,SPX,0.564543,0.801361
2019-12-31 00:00:00,DAX,-0.321636,0.0
2019-12-31 00:00:00,WTI,0.064689,0.064689
2019-12-31 00:00:00,BRENT,0.172813,0.056326
2019-12-31 00:00:00,EURUSD,0.274089,-0.500795
2019-12-31 00:00:00,USDJPY,0.150303,-0.217301
2020-01-31 00:00:00,GOLD,0.183963,0.430713
2020-01-31 00:00:00,UST30Y,0.142743,0.142743
2020-01-31 00:00:00,SPX,-0.364788,0.436573
2020-01-31 00:00:00,DAX,0.161163,0.161163
2020-01-31 00:00:00,WTI,-0.064689,0.0
2020-01-31 00:00:00,BRENT,-0.077573,-0.021247
2020-03-02 00:00:00,GOLD,-0.084914,0.345799
2020-03-02 00:00:00,UST10Y,0.579047,0.644099
2020-03-02 00:00:00,UST30Y,0.133063,0.275805
2020-03-02 00:00:00,SPX,-0.436573,0.0
2020-03-02 00:00:00,DAX,-0.161163,0.0
2020-03-02 00:00:00,WTI,-0.116434,-0.116434
2020-03-02 00:00:00,BRENT,-0.092455,-0.113703
2020-03-02 00:00:00,EURUSD,-0.306302,-0.807097
2020-03-02 00:00:00,USDJPY,0.348749,0.131448
2020-03-31 00:00:00,GOLD,-0.321912,0.023887
2020-03-31 00:00:00,SILVER,-0.074871,0.0
2020-03-31 00:00:00,UST10Y,-0.595878,0.048221
2020-03-31 00:00:00,UST30Y,-0.236931,0.038875
2020-03-31 00:00:00,WTI,0.106199,-0.010234
2020-03-31 00:00:00,BRENT,0.108124,-0.005579
2020-03-31 00:00:00,EURUSD,0.807097,0.0
2020-03-31 00:00:00,USDJPY,-0.131448,0.0
2020-04-30 00:00:00,UST10Y,0.362009,0.41023
2020-04-30 00:00:00,UST30Y,0.137328,0.176202
2020-06-01 00:00:00,GOLD,0.096347,0.120235
2020-06-01 00:00:00,DAX,-0.093871,-0.093871
2020-06-30 00:00:00,SILVER,0.050256,0.050256
2020-06-30 00:00:00,DAX,0.095861,0.00199
2020-06-30 00:00:00,USDJPY,-0.125554,-0.125554
2020-07-31 00:00:00,GOLD,0.080349,0.200584
2020-07-31 00:00:00,UST30Y,0.140014,0.316216
2020-07-31 00:00:00,BRENT,-0.031044,-0.036623
2020-07-31 00:00:00,EURUSD,0.261641,0.261641
2020-07-31 00:00:00,USDJPY,-0.175808,-0.301362
2020-08-31 00:00:00,SPX,0.125909,0.125909
2020-09-30 00:00:00,UST10Y,0.235424,0.645654
2020-09-30 00:00:00,UST30Y,-0.125654,0.190562
2020-11-02 00:00:00,UST10Y,0.808655,1.454309
2020-11-02 00:00:00,UST30Y,-0.190562,0.0
2020-11-02 00:00:00,EURUSD,0.162669,0.42431
2020-11-02 00:00:00,USDJPY,-0.255686,-0.557048
2020-11-30 00:00:00,GOLD,-0.200584,0.0
2020-11-30 00:00:00,SILVER,0.107519,0.157776
2020-11-30 00:00:00,UST10Y,-0.48445,0.969859
2020-11-30 00:00:00,BRENT,0.036623,0.0
2020-11-30 00:00:00,USDJPY,0.294413,-0.262635
2020-12-31 00:00:00,GOLD,0.157451,0.157451
2020-12-31 00:00:00,SILVER,-0.072344,0.085432
2020-12-31 00:00:00,UST10Y,-0.969859,0.0
2020-12-31 00:00:00,UST30Y,-0.108786,-0.108786
2020-12-31 00:00:00,SPX,0.316142,0.442051
2020-12-31 00:00:00,USDJPY,-0.432719,-0.695354
2021-02-01 00:00:00,GOLD,-0.157451,0.0
2021-02-01 00:00:00,SILVER,0.067101,0.152533
2021-02-01 00:00:00,UST30Y,-0.198416,-0.307203
2021-02-01 00:00:00,SPX,-0.211497,0.230555
2021-02-01 00:00:00,DAX,0.097257,0.099247
2021-02-01 00:00:00,BRENT,0.033097,0.033097
2021-03-01 00:00:00,UST10Y,-0.636769,-0.636769
2021-03-01 00:00:00,UST30Y,-0.199045,-0.506248
2021-03-01 00:00:00,WTI,0.047226,0.036991
2021-03-01 00:00:00,BRENT,0.052841,0.085938
2021-03-01 00:00:00,EURUSD,0.581041,1.005351
2021-03-01 00:00:00,USDJPY,0.695354,-0.0
2021-03-31 00:00:00,GOLD,-0.126435,-0.126435
2021-03-31 00:00:00,SILVER,-0.152533,0.0
2021-03-31 00:00:00,UST10Y,-0.318162,-0.954931
2021-03-31 00:00:00,DAX,0.05635,0.155597
2021-03-31 00:00:00,EURUSD,-1.005351,0.0
2021-03-31 00:00:00,USDJPY,0.257735,0.257735
2021-04-30 00:00:00,SILVER,0.08841,0.08841
2021-04-30 00:00:00,BRENT,0.035281,0.12122
2021-04-30 00:00:00,EURUSD,0.267363,0.267363
2021-04-30 00:00:00,USDJPY,0.191233,0.448968
2021-06-01 00:00:00,GOLD,0.200163,0.073728
2021-06-01 00:00:00,UST10Y,-0.320391,-1.275322
2021-06-01 00:00:00,UST30Y,-0.118133,-0.624381
2021-06-01 00:00:00,USDJPY,-0.28538,0.163588
2021-06-30 00:00:00,GOLD,-0.073728,0.0
2021-06-30 00:00:00,SILVER,0.083487,0.171897
2021-06-30 00:00:00,UST10Y,0.368831,-0.906491
2021-06-30 00:00:00,UST30Y,0.218684,-0.405697
2021-06-30 00:00:00,EURUSD,-0.267363,0.0
2021-06-30 00:00:00,USDJPY,0.344686,0.508274
2021-08-02 00:00:00,SILVER,-0.171897,0.0
2021-08-02 00:00:00,UST10Y,0.437043,-0.469448
2021-08-02 00:00:00,UST30Y,0.218488,-0.187209
2021-08-02 00:00:00,USDJPY,-0.179475,0.328799
2021-08-31 00:00:00,GOLD,-0.082478,-0.082478
2021-08-31 00:00:00,SILVER,-0.061131,-0.061131
2021-08-31 00:00:00,UST10Y,0.258314,-0.211134
2021-08-31 00:00:00,UST30Y,0.187209,-0.0
2021-08-31 00:00:00,BRENT,-0.045513,0.075707
2021-08-31 00:00:00,EURUSD,-0.146457,-0.146457
2021-09-30 00:00:00,UST10Y,-0.315344,-0.526478
2021-09-30 00:00:00,UST30Y,-0.169297,-0.169297
2021-09-30 00:00:00,DAX,-0.052088,0.103509
2021-09-30 00:00:00,WTI,0.034348,0.071339
2021-11-01 00:00:00,GOLD,0.082478,-0.0
2021-11-01 00:00:00,SILVER,-0.098115,-0.159245
2021-11-01 00:00:00,DAX,0.079863,0.183373
2021-11-01 00:00:00,BRENT,0.057601,0.133308
2021-11-01 00:00:00,EURUSD,-0.208522,-0.354979
2021-11-01 00:00:00,USDJPY,0.120018,0.448817
2021-11-30 00:00:00,SILVER,0.128297,-0.030948
2021-11-30 00:00:00,UST10Y,0.494413,-0.032065
2021-11-30 00:00:00,UST30Y,0.169297,-0.0
2021-11-30 00:00:00,DAX,-0.120946,0.062426
2021-11-30 00:00:00,WTI,-0.029797,0.041542
2021-11-30 00:00:00,BRENT,-0.081082,0.052226
2021-11-30 00:00:00,USDJPY,-0.166706,0.28211
2021-12-31 00:00:00,SILVER,-0.124205,-0.155153
2021-12-31 00:00:00,UST10Y,-0.193195,-0.22526
2021-12-31 00:00:00,SPX,0.121022,0.351577
2021-12-31 00:00:00,DAX,-0.062426,0.0
2021-12-31 00:00:00,EURUSD,-0.174499,-0.529479
2022-01-31 00:00:00,SILVER,0.039914,-0.115239
2022-01-31 00:00:00,UST30Y,-0.225621,-0.225621
2022-01-31 00:00:00,SPX,-0.351577,0.0
2022-01-31 00:00:00,DAX,0.051153,0.051153
2022-01-31 00:00:00,BRENT,0.030424,0.082649
2022-02-28 00:00:00,GOLD,0.065894,0.065894
2022-02-28 00:00:00,SILVER,0.056225,-0.059013
2022-02-28 00:00:00,DAX,-0.051153,0.0
2022-02-28 00:00:00,WTI,0.059811,0.101353
2022-02-28 00:00:00,BRENT,0.031071,0.11372
2022-02-28 00:00:00,EURUSD,0.511046,-0.018433
2022-02-28 00:00:00,USDJPY,0.188648,0.470759
2022-03-31 00:00:00,GOLD,0.073856,0.13975
2022-03-31 00:00:00,SILVER,0.075784,0.01677
2022-03-31 00:00:00,UST10Y,0.186543,-0.038717
2022-03-31 00:00:00,UST30Y,0.210342,-0.015279
2022-03-31 00:00:00,WTI,-0.055475,0.045877
2022-03-31 00:00:00,BRENT,-0.110102,0.003618
2022-03-31 00:00:00,EURUSD,-0.267068,-0.2855
2022-03-31 00:00:00,USDJPY,-0.470759,0.0
2022-05-02 00:00:00,UST30Y,-0.186623,-0.201902
2022-05-02 00:00:00,DAX,-0.076942,-0.076942
2022-05-02 00:00:00,BRENT,0.04151,0.045128
2022-05-31 00:00:00,GOLD,-0.113538,0.026212
2022-05-31 00:00:00,SILVER,-0.120429,-0.103659
2022-05-31 00:00:00,UST10Y,-0.190477,-0.229194
2022-05-31 00:00:00,EURUSD,0.229696,-0.055804
2022-06-30 00:00:00,SILVER,-0.041124,-0.144783
2022-06-30 00:00:00,UST10Y,0.186643,-0.042551
2022-06-30 00:00:00,UST30Y,0.177827,-0.024075
2022-06-30 00:00:00,WTI,0.030765,0.076642
2022-06-30 00:00:00,BRENT,0.033694,0.078821
2022-06-30 00:00:00,EURUSD,-0.30051,-0.356314
2022-08-01 00:00:00,GOLD,-0.138959,-0.112746
2022-08-01 00:00:00,UST30Y,-0.229719,-0.253794
2022-08-01 00:00:00,DAX,-0.051035,-0.127976
2022-08-01 00:00:00,WTI,-0.031467,0.045175
2022-08-01 00:00:00,EURUSD,0.345036,-0.011278
2022-08-01 00:00:00,USDJPY,0.366903,0.366903
2022-08-31 00:00:00,UST10Y,-0.281903,-0.324454
2022-08-31 00:00:00,WTI,-0.045175,0.0
2022-08-31 00:00:00,EURUSD,-0.310646,-0.321924
2022-08-31 00:00:00,USDJPY,-0.15402,0.212883
2022-09-30 00:00:00,UST10Y,0.313675,-0.010779
2022-09-30 00:00:00,UST30Y,0.224515,-0.029279
2022-09-30 00:00:00,BRENT,-0.078821,0.0
2022-09-30 00:00:00,EURUSD,0.321924,-0.0
2022-09-30 00:00:00,USDJPY,0.221638,0.434521
2022-10-31 00:00:00,SILVER,0.083324,-0.061459
2022-10-31 00:00:00,USDJPY,0.197266,0.631787
2022-11-30 00:00:00,UST10Y,-0.337287,-0.348066
2022-11-30 00:00:00,DAX,0.135325,0.007349
2022-11-30 00:00:00,USDJPY,-0.612917,0.01887
2023-01-03 00:00:00,GOLD,0.123934,0.011188
2023-01-03 00:00:00,SILVER,0.086249,0.02479
2023-01-03 00:00:00,UST30Y,-0.198222,-0.227501
2023-01-31 00:00:00,GOLD,0.20765,0.218837
2023-01-31 00:00:00,SILVER,0.067521,0.092311
2023-01-31 00:00:00,DAX,0.193397,0.200746
2023-01-31 00:00:00,WTI,-0.043987,-0.043987
2023-01-31 00:00:00,BRENT,-0.035044,-0.035044
2023-01-31 00:00:00,EURUSD,0.251231,0.251231
2023-02-28 00:00:00,GOLD,0.200127,0.418964
2023-02-28 00:00:00,SILVER,-0.092311,0.0
2023-02-28 00:00:00,WTI,-0.04522,-0.089207
2023-02-28 00:00:00,BRENT,-0.045685,-0.080729
2023-03-31 00:00:00,GOLD,-0.375543,0.043421
2023-03-31 00:00:00,UST10Y,0.348066,-0.0
2023-03-31 00:00:00,DAX,0.092311,0.293057
2023-03-31 00:00:00,EURUSD,0.208334,0.459565
2023-05-01 00:00:00,GOLD,0.221454,0.264875
2023-05-01 00:00:00,SILVER,0.08069,0.08069
2023-05-01 00:00:00,UST30Y,0.227501,0.0
2023-05-31 00:00:00,UST30Y,-0.182419,-0.182419
2023-05-31 00:00:00,DAX,-0.121877,0.17118
2023-05-31 00:00:00,EURUSD,-0.276318,0.183247
2023-05-31 00:00:00,USDJPY,0.176191,0.195061
2023-06-30 00:00:00,GOLD,-0.129715,0.13516
2023-06-30 00:00:00,SPX,0.225711,0.225711
2023-06-30 00:00:00,DAX,0.119516,0.290696
2023-07-31 00:00:00,GOLD,0.169666,0.304825
2023-07-31 00:00:00,SILVER,0.041549,0.12224
2023-07-31 00:00:00,UST10Y,-0.228031,-0.228031
2023-07-31 00:00:00,UST30Y,-0.119926,-0.302345
2023-07-31 00:00:00,WTI,0.089207,0.0
2023-07-31 00:00:00,BRENT,0.080729,0.0
2023-08-31 00:00:00,GOLD,-0.212915,0.09191
2023-08-31 00:00:00,UST10Y,-0.191578,-0.419608
2023-08-31 00:00:00,UST30Y,-0.134949,-0.437294
2023-08-31 00:00:00,SPX,0.129156,0.354868
2023-08-31 00:00:00,USDJPY,0.171931,0.366992
2023-10-02 00:00:00,GOLD,-0.09191,0.0
2023-10-02 00:00:00,SILVER,-0.12224,0.0
2023-10-02 00:00:00,UST10Y,-0.414838,-0.834446
2023-10-02 00:00:00,DAX,-0.050569,0.240127
2023-10-02 00:00:00,WTI,0.094915,0.094915
2023-10-02 00:00:00,BRENT,0.03259,0.03259
2023-10-02 00:00:00,EURUSD,-0.264007,-0.08076
2023-10-31 00:00:00,GOLD,0.353834,0.353834
2023-10-31 00:00:00,UST10Y,0.191988,-0.642458
2023-10-31 00:00:00,SPX,-0.354868,0.0
2023-10-31 00:00:00,DAX,-0.101178,0.13895
2023-10-31 00:00:00,WTI,-0.031996,0.06292
2023-10-31 00:00:00,BRENT,-0.03259,-0.0
2023-11-30 00:00:00,GOLD,-0.100936,0.252898
2023-11-30 00:00:00,SILVER,0.080324,0.080324
2023-11-30 00:00:00,UST10Y,0.182303,-0.460154
2023-11-30 00:00:00,UST30Y,0.132654,-0.30464
2023-11-30 00:00:00,SPX,0.105311,0.105311
2023-11-30 00:00:00,DAX,-0.082817,0.056133
2023-11-30 00:00:00,WTI,-0.077254,-0.014334
2023-11-30 00:00:00,USDJPY,0.162114,0.529106
2024-01-02 00:00:00,SILVER,-0.053855,0.026469
2024-01-02 00:00:00,UST10Y,0.460154,0.0
2024-01-02 00:00:00,UST30Y,0.30464,0.0
2024-01-02 00:00:00,SPX,0.290234,0.395544
2024-01-02 00:00:00,DAX,0.385383,0.441516
2024-01-02 00:00:00,WTI,-0.077955,-0.092289
2024-01-02 00:00:00,BRENT,-0.03496,-0.03496
2024-01-02 00:00:00,EURUSD,0.335335,0.254575
2024-01-02 00:00:00,USDJPY,-0.529106,0.0
2024-01-31 00:00:00,GOLD,-0.10067,0.152228
2024-01-31 00:00:00,UST30Y,-0.137248,-0.137248
2024-01-31 00:00:00,DAX,-0.05271,0.388806
2024-01-31 00:00:00,WTI,-0.062233,-0.154523
2024-01-31 00:00:00,BRENT,0.03496,-0.0
2024-01-31 00:00:00,EURUSD,-0.254575,0.0
2024-01-31 00:00:00,USDJPY,0.555569,0.555569
2024-02-29 00:00:00,GOLD,0.151126,0.303354
2024-02-29 00:00:00,USDJPY,-0.292746,0.262823
2024-04-01 00:00:00,SILVER,-0.043585,-0.017116
2024-04-01 00:00:00,UST30Y,0.137248,0.0
2024-04-01 00:00:00,DAX,0.169542,0.558348
2024-04-01 00:00:00,WTI,0.168987,0.014465
2024-04-01 00:00:00,USDJPY,0.758436,1.021258
2024-04-30 00:00:00,GOLD,0.069371,0.372725
2024-04-30 00:00:00,SILVER,0.126579,0.109463
2024-04-30 00:00:00,UST10Y,-0.476291,-0.476291
2024-04-30 00:00:00,UST30Y,-0.294046,-0.294046
2024-04-30 00:00:00,DAX,-0.261087,0.297261
2024-04-30 00:00:00,WTI,0.045272,0.059736
2024-04-30 00:00:00,BRENT,0.062257,0.062257
2024-04-30 00:00:00,EURUSD,-0.348267,-0.348267
2024-04-30 00:00:00,USDJPY,-0.477918,0.54334
2024-05-31 00:00:00,SILVER,-0.109463,0.0
2024-05-31 00:00:00,WTI,-0.046407,0.013329
2024-05-31 00:00:00,BRENT,-0.062257,0.0
2024-05-31 00:00:00,EURUSD,0.348267,-0.0
2024-05-31 00:00:00,USDJPY,0.343683,0.887023
2024-07-01 00:00:00,GOLD,-0.312664,0.060061
2024-07-01 00:00:00,UST10Y,0.476291,0.0
2024-07-01 00:00:00,UST30Y,0.294046,0.0
2024-07-01 00:00:00,EURUSD,-0.313755,-0.313755
2024-07-01 00:00:00,USDJPY,-0.509858,0.377166
2024-07-31 00:00:00,SILVER,0.101145,0.101145
2024-07-31 00:00:00,DAX,-0.09505,0.202211
2024-07-31 00:00:00,EURUSD,0.313755,-0.0
2024-09-03 00:00:00,GOLD,0.180925,0.240986
2024-09-03 00:00:00,UST10Y,0.227909,0.227909
2024-09-03 00:00:00,SPX,-0.267956,0.127588
2024-09-03 00:00:00,DAX,-0.083288,0.118923
2024-09-03 00:00:00,WTI,-0.072862,-0.059533
2024-09-03 00:00:00,BRENT,-0.075652,-0.075652
2024-09-03 00:00:00,USDJPY,-0.382504,-0.005339
2024-09-30 00:00:00,UST10Y,0.235973,0.463882
2024-09-30 00:00:00,UST30Y,0.183476,0.183476
2024-09-30 00:00:00,SPX,0.140456,0.268045
2024-09-30 00:00:00,DAX,-0.0786,0.040323
2024-09-30 00:00:00,WTI,-0.03655,-0.096083
2024-09-30 00:00:00,BRENT,-0.035754,-0.111406
2024-09-30 00:00:00,EURUSD,0.319136,0.319136
2024-09-30 00:00:00,USDJPY,-0.190195,-0.195534
2024-10-31 00:00:00,GOLD,0.083078,0.324064
2024-10-31 00:00:00,UST10Y,-0.463882,0.0
2024-10-31 00:00:00,UST30Y,-0.19554,-0.012065
2024-10-31 00:00:00,DAX,0.190765,0.231088
2024-10-31 00:00:00,WTI,0.080912,-0.015171
2024-10-31 00:00:00,BRENT,0.045358,-0.066048
2024-10-31 00:00:00,EURUSD,-0.319136,0.0
2024-10-31 00:00:00,USDJPY,0.195534,0.0
2024-12-02 00:00:00,GOLD,-0.306276,0.017788
2024-12-02 00:00:00,DAX,-0.099432,0.131657
2024-12-02 00:00:00,WTI,-0.067129,-0.0823
2024-12-02 00:00:00,EURUSD,-0.343477,-0.343477
2024-12-31 00:00:00,GOLD,0.465155,0.482943
2024-12-31 00:00:00,SILVER,-0.101145,0.0
2024-12-31 00:00:00,UST10Y,-0.250408,-0.250408
2024-12-31 00:00:00,UST30Y,-0.287674,-0.299739
2024-12-31 00:00:00,SPX,0.302001,0.570045
2024-12-31 00:00:00,DAX,-0.131657,0.0
2024-12-31 00:00:00,BRENT,-0.046009,-0.112056
2024-12-31 00:00:00,EURUSD,-0.186506,-0.529984
2025-01-31 00:00:00,GOLD,-0.210661,0.272282
2025-01-31 00:00:00,SILVER,0.080406,0.080406
2025-01-31 00:00:00,SPX,-0.299793,0.270253
2025-01-31 00:00:00,DAX,0.227698,0.227698
2025-01-31 00:00:00,BRENT,0.042402,-0.069654
2025-01-31 00:00:00,EURUSD,0.172418,-0.357566
2025-01-31 00:00:00,USDJPY,0.177825,0.177825
2025-02-28 00:00:00,SPX,-0.132149,0.138104
2025-02-28 00:00:00,DAX,-0.072829,0.154869
2025-02-28 00:00:00,USDJPY,-0.177825,0.0
2025-03-31 00:00:00,SILVER,0.062518,0.142925
2025-03-31 00:00:00,UST10Y,0.250408,-0.0
2025-03-31 00:00:00,UST30Y,0.167242,-0.132497
2025-03-31 00:00:00,SPX,-0.138104,0.0
2025-03-31 00:00:00,DAX,0.111756,0.266625
2025-03-31 00:00:00,WTI,-0.026963,-0.109264
2025-03-31 00:00:00,BRENT,-0.052874,-0.122528
2025-03-31 00:00:00,EURUSD,0.357566,-0.0
2025-04-30 00:00:00,GOLD,-0.247755,0.024527
2025-04-30 00:00:00,SILVER,-0.066037,0.076888
2025-04-30 00:00:00,DAX,-0.215029,0.051596
2025-06-02 00:00:00,DAX,0.142131,0.193727
2025-06-02 00:00:00,BRENT,-0.031059,-0.153587
2025-06-02 00:00:00,EURUSD,0.195523,0.195523
2025-06-30 00:00:00,GOLD,0.198149,0.222676
2025-06-30 00:00:00,SILVER,0.075004,0.151891
2025-06-30 00:00:00,WTI,0.10225,-0.007013
2025-06-30 00:00:00,BRENT,0.145285,-0.008302
2025-06-30 00:00:00,EURUSD,0.147671,0.343194
2025-06-30 00:00:00,USDJPY,-0.284205,-0.284205
2025-07-31 00:00:00,GOLD,0.068751,0.291427
2025-07-31 00:00:00,SILVER,0.055494,0.207385
2025-07-31 00:00:00,SPX,0.194645,0.194645
2025-07-31 00:00:00,DAX,0.116956,0.310683
2025-09-02 00:00:00,UST10Y,0.390073,0.390073
2025-09-02 00:00:00,UST30Y,0.132497,-0.0
2025-09-02 00:00:00,WTI,-0.08144,-0.088453
2025-09-02 00:00:00,BRENT,-0.08335,-0.091652
2025-09-02 00:00:00,USDJPY,0.253165,-0.03104
2025-09-30 00:00:00,UST10Y,0.38825,0.778323
2025-10-31 00:00:00,GOLD,-0.245036,0.046392
2025-10-31 00:00:00,SILVER,-0.180534,0.026851
2025-10-31 00:00:00,UST10Y,-0.447863,0.33046
2025-10-31 00:00:00,DAX,-0.105268,0.205415
2025-12-01 00:00:00,GOLD,0.107289,0.153681
2025-12-01 00:00:00,DAX,-0.066258,0.139157
2025-12-01 00:00:00,USDJPY,0.113252,0.082211
2025-12-31 00:00:00,GOLD,0.168294,0.321975
2025-12-31 00:00:00,SPX,0.334644,0.529289
2025-12-31 00:00:00,DAX,-0.139157,0.0
2025-12-31 00:00:00,WTI,-0.033314,-0.121767
2026-02-02 00:00:00,GOLD,-0.197242,0.124732
2026-02-02 00:00:00,UST10Y,-0.33046,0.0
2026-02-02 00:00:00,UST30Y,-0.103887,-0.103887
2026-02-02 00:00:00,SPX,-0.227667,0.301623
2026-02-02 00:00:00,DAX,0.123475,0.123475
2026-02-02 00:00:00,WTI,0.121767,0.0
2026-02-02 00:00:00,BRENT,0.091652,0.0
2026-02-02 00:00:00,EURUSD,0.125001,0.468195
2026-03-02 00:00:00,UST10Y,0.385085,0.385085
2026-03-02 00:00:00,UST30Y,0.103887,-0.0
2026-03-02 00:00:00,EURUSD,-0.15773,0.310464
2026-03-31 00:00:00,GOLD,-0.117833,0.006899
2026-03-31 00:00:00,UST10Y,-0.737126,-0.352041
2026-03-31 00:00:00,UST30Y,-0.218038,-0.218038
2026-03-31 00:00:00,SPX,-0.179506,0.122117
2026-03-31 00:00:00,DAX,-0.12907,-0.005595
2026-03-31 00:00:00,EURUSD,-0.310464,0.0
2026-03-31 00:00:00,USDJPY,0.333894,0.416106
2026-04-30 00:00:00,UST10Y,-0.193566,-0.545607
2026-04-30 00:00:00,UST30Y,-0.130716,-0.348753
2026-04-30 00:00:00,USDJPY,0.303553,0.719658
2026-06-01 00:00:00,SPX,0.097491,0.219608
2026-06-01 00:00:00,WTI,0.05624,0.05624
2026-06-01 00:00:00,BRENT,0.057368,0.057368
2026-06-01 00:00:00,USDJPY,-0.1877,0.531959
