time,0
2016-01-04,0.00017762212026042098
2016-01-05,0.0005565336751751962
2016-01-06,3.340771793410932e-05
2016-01-07,0.0015777253855479574
2016-01-08,-0.0017352482307207953
2016-01-11,-0.00022199656953112397
2016-01-12,-0.0004835282440362636
2016-01-13,0.0017171191084107487
2016-01-14,-0.0016803067663747901
2016-01-15,0.0006233829438422248
2016-01-19,0.0009482544822267655
2016-01-20,0.0001527614631355596
2016-01-21,-0.0002635408110146067
2016-01-22,-0.00016546105127516062
2016-01-25,0.0007628223223688955
2016-01-26,0.004398866350758262
2016-01-27,-0.002941734648921096
2016-01-28,-0.00700691841365924
2016-01-29,0.0002246154973946412
2016-02-01,0.0013852881343132798
2016-02-02,-0.0007290822091392427
2016-02-03,0.00601975735900918
2016-02-04,0.003994282800799022
2016-02-05,-0.0033840759215547174
2016-02-08,0.030765796628291563
2016-02-09,0.0014076974201861392
2016-02-10,-0.00804723736448887
2016-02-11,0.024941452920301716
2016-02-12,-0.00018852307580147657
2016-02-16,-0.02151622526774375
2016-02-17,0.001887692893249067
2016-02-18,0.0019057434899568354
2016-02-19,-0.0019522033575500235
2016-02-22,-0.005635208788377257
2016-02-23,0.0005741105246797409
2016-02-24,0.00040837494442696104
2016-02-25,-0.0009202339577985504
2016-02-26,-0.002150050326278023
2016-02-29,0.0009652990663725143
2016-03-01,-0.0007495532085881591
2016-03-02,0.0012553289861710092
2016-03-03,0.0005844047494630549
2016-03-04,0.0024055269903691437
2016-03-07,-0.0012499857997922289
2016-03-08,-0.006989495231125152
2016-03-09,-0.0007089588975414776
2016-03-10,0.0039637484002684985
2016-03-11,0.0017059678883003422
2016-03-14,-0.0031966758747036567
2016-03-15,-0.009590175774782717
2016-03-16,-0.0008460798623435859
2016-03-17,0.006451760495911826
2016-03-18,-0.0068438300209317845
2016-03-21,0.0011137557167050613
2016-03-22,0.0012051540827053312
2016-03-23,-0.023554801912578596
2016-03-24,-0.0008531890201706047
2016-03-28,1.5221088433362648e-05
2016-03-29,0.0002181081171326257
2016-03-30,-0.0001567968755651125
2016-03-31,0.0012873347506501766
2016-04-01,-0.0020837244538072903
2016-04-04,-0.0005123481865445909
2016-04-05,0.0008871412994932759
2016-04-06,-0.00031614582708823025
2016-04-07,0.0005324916207306592
2016-04-08,0.0011492030859789684
2016-04-11,0.0029311707086059893
2016-04-12,0.002800715545725312
2016-04-13,0.0023595416616064902
2016-04-14,-0.005081398578851965
2016-04-15,0.00461496337964631
2016-04-18,-0.002562267959771367
2016-04-19,0.03252159143249594
2016-04-20,0.0070603602038295426
2016-04-21,-0.0019306349205293453
2016-04-22,-0.008173047892700683
2016-04-25,0.004741429045547429
2016-04-26,0.004365378187379528
2016-04-27,0.0077337438614668835
2016-04-28,0.011352374994325933
2016-04-29,0.009881671453320477
2016-05-02,-0.005495002048874196
2016-05-03,-0.0075761193291807765
2016-05-04,-0.008321223774692148
2016-05-05,0.000884079387830806
2016-05-06,0.006923092556350011
2016-05-09,-0.016265922420271032
2016-05-10,0.00010454396605704243
2016-05-11,0.00474886107818836
2016-05-12,-0.005057611906867501
2016-05-13,0.0005827334638882059
2016-05-16,0.0005610135824778692
2016-05-17,0.0019293144359978753
2016-05-18,-0.0023728228182333362
2016-05-19,-0.013330170748432539
2016-05-20,0.0007431740529987872
2016-05-23,-0.0020202818458973865
2016-05-24,-0.003221513674570665
2016-05-25,0.0002795004955419282
2016-05-26,0.0013633331076111075
2016-05-27,-0.0015034686249215197
2016-05-31,-0.0045175266275187705
2016-06-01,-0.0009179106448960339
2016-06-02,0.001382565784278103
2016-06-03,0.00471849402585847
2016-06-06,0.0008857660994305022
2016-06-07,-0.000548147273140047
2016-06-08,0.006362436574000998
2016-06-09,0.0034667859640930363
2016-06-10,0.0010831862568727397
2016-06-13,0.0026987751137963166
2016-06-14,-0.0005813430680371576
2016-06-15,0.0027958802327110875
2016-06-16,0.004228711880056653
2016-06-17,-0.0086932409510695
2016-06-20,0.004113643147285637
2016-06-21,-0.008251483603727877
2016-06-22,-0.0002550006561121541
2016-06-23,0.001135628475120036
2016-06-24,0.011440325418816759
2016-06-27,-0.0018010128940975335
2016-06-28,0.004526009986053106
2016-06-29,0.023767965307983946
2016-06-30,0.010084359645252419
2016-07-01,0.04357383230872754
2016-07-05,0.013846139239377843
2016-07-06,0.01142510315762078
2016-07-07,-0.013862442247306398
2016-07-08,0.010138523043426634
2016-07-11,0.00792867382310326
2016-07-12,-0.0051051021280298465
2016-07-13,0.00920434337088409
2016-07-14,-0.0033730647216080175
2016-07-15,-0.005938242135734155
2016-07-18,-0.0031071918213926423
2016-07-19,-0.0026718985879491553
2016-07-20,-0.014294022017813846
2016-07-21,0.005984731671267993
2016-07-22,-0.003733720689607024
2016-07-25,-0.0011821411472879313
2016-07-26,0.001053020326588981
2016-07-27,0.008107831003136834
2016-07-28,0.006167328056046601
2016-07-29,0.006231836357876694
2016-08-01,0.00622587141839881
2016-08-02,0.008117952825342509
2016-08-03,-0.009198823697878283
2016-08-04,-0.001213380579799725
2016-08-05,-0.02542617016874977
2016-08-08,-0.00039574660680936154
2016-08-09,0.0010944202119115732
2016-08-10,0.007595799213419898
2016-08-11,-0.0035039593550053026
2016-08-12,-0.007342828426718342
2016-08-15,0.0035622642047393317
2016-08-16,0.0006406761506016324
2016-08-17,-0.005236806981085598
2016-08-18,0.002228514627371103
2016-08-19,-0.00999307767026874
2016-08-22,-0.011160387949299412
2016-08-23,0.0016723013850765385
2016-08-24,-0.009078090977165899
2016-08-25,-0.001699173661813262
2016-08-26,0.004250641530256536
2016-08-29,0.0029512907707673793
2016-08-30,-0.004637509658955874
2016-08-31,0.0011392817507528282
2016-09-01,0.005924145542786346
2016-09-02,0.00961886019316198
2016-09-06,0.015764311023001677
2016-09-07,-0.005097088155588382
2016-09-08,-0.002996164708523902
2016-09-09,-0.0055580218348442985
2016-09-12,-0.006717517282225783
2016-09-13,-0.00041960640977066233
2016-09-14,0.0015461171112081625
2016-09-15,-0.0003846638426420638
2016-09-16,-0.0029804738846324415
2016-09-19,0.007183753137692799
2016-09-20,-0.00018181306520123643
2016-09-21,0.008120379882099571
2016-09-22,0.005359133312617576
2016-09-23,-0.005837213178760079
2016-09-26,-0.004492514232523719
2016-09-27,-0.007883768707616022
2016-09-28,-0.0006460267122111507
2016-09-29,0.0010691090935198845
2016-09-30,0.0003600535278360394
2016-10-03,-0.005154257562903747
2016-10-04,-0.016538186755057638
2016-10-05,-0.0008512644850040869
2016-10-06,-0.002977734758619552
2016-10-07,0.0003043820303304263
2016-10-11,0.0008608548379726631
2016-10-12,-6.468758019685326e-06
2016-10-13,-0.0003011082538247148
2016-10-14,-7.830320665755602e-05
2016-10-17,0.00015215149635287482
2016-10-18,0.0007592904456722586
2016-10-19,0.00011396387008464507
2016-10-20,-0.0005189384488016899
2016-10-21,-0.00024742139911308113
2016-10-24,0.0005239438494940952
2016-10-25,0.0007945094396075694
2016-10-26,-0.0006827290782436382
2016-10-27,8.664801055034302e-05
2016-10-28,0.0007197263590096551
2016-10-31,0.0
2016-11-01,0.002812686275344228
2016-11-02,0.0011709823809297917
2016-11-03,-0.002600488874718314
2016-11-04,-0.00040469635128787137
2016-11-07,-0.0015458416511658132
2016-11-08,0.0007878108437851903
2016-11-09,8.681750953660473e-05
2016-11-10,0.0022969472464149042
2016-11-14,-0.029799298796732054
2016-11-15,0.0005837585228971784
2016-11-16,-0.0004377206084027097
2016-11-17,-0.0005863189298206442
2016-11-18,-0.0005723312395701192
2016-11-21,-0.0003940668589804995
2016-11-22,0.0004357252292630779
2016-11-23,-0.0009358162674814966
2016-11-25,0.00032047017812192856
2016-11-28,0.00044879971908945193
2016-11-29,0.0003245159781160356
2016-11-30,-0.0009920346729477617
2016-12-01,8.296670395374833e-05
2016-12-02,0.0012863192615098862
2016-12-05,0.0002746943161285727
2016-12-06,-0.00032362144664885967
2016-12-07,0.0017927266492786837
2016-12-08,-0.0006706620827488905
2016-12-09,-0.00048731848510926904
2016-12-12,0.000840085331091986
2016-12-13,-0.0007763196658624255
2016-12-14,0.0009139997229132342
2016-12-15,-0.0071267069082051274
2016-12-16,0.0008632882896786896
2016-12-19,-0.00042148789052953836
2016-12-20,9.366825140746745e-05
2016-12-21,-0.00045413968440559014
2016-12-22,-0.0003468831669606397
2016-12-23,-0.0003762548498391612
2016-12-27,0.0007680737434316814
2016-12-28,0.0001985616712158456
2016-12-29,0.0005867811984221683
2016-12-30,-0.0007528979921278514
2017-01-03,0.0014128720796220892
2017-01-04,0.00046869427731569533
2017-01-05,0.00027617757758583626
2017-01-06,-0.0003814386047934174
2017-01-09,0.0005339325293761775
2017-01-10,0.000537399866790141
2017-01-11,-0.00016180693408146548
2017-01-12,-4.992746096991141e-05
2017-01-13,-0.0008718418426271557
2017-01-17,0.006727006094591302
2017-01-18,0.003438616596236815
2017-01-19,-0.008823228645500905
2017-01-20,0.0007525799982087044
2017-01-23,0.0037965724026802826
2017-01-24,-4.989089417480081e-05
2017-01-25,-0.007264394403722797
2017-01-26,-0.0031059332143774225
2017-01-27,0.003457397126088377
2017-01-30,0.0004981084521398774
2017-01-31,0.011597099282121855
2017-02-01,-0.0038857023891196696
2017-02-02,-0.0007642541132392324
2017-02-03,0.0021676128967267265
2017-02-06,0.009069159314861235
2017-02-07,0.0027631402586862433
2017-02-08,-0.0020854657810157836
2017-02-09,0.0015475795296056704
2017-02-10,0.008003928616745037
2017-02-13,-0.004666935259222236
2017-02-14,0.00295622242489721
2017-02-15,0.003248220079748689
2017-02-16,0.005002834264448116
2017-02-17,-0.0018854798307680004
2017-02-21,-0.0012558000456649118
2017-02-22,-0.0021551307497930036
2017-02-23,0.007698204099975505
2017-02-24,0.00989964407757785
2017-02-27,0.0008370593153503091
2017-02-28,0.002904514923983201
2017-03-01,0.0009983658891568434
2017-03-02,-0.03383659164398775
2017-03-03,-0.00020568202564187719
2017-03-06,0.00023702353955286901
2017-03-07,-0.001969265636960538
2017-03-08,-0.0020240847403994837
2017-03-09,-0.0017077972611651258
2017-03-10,-0.0007226413712351196
2017-03-13,0.0003330720517510609
2017-03-14,-0.00021111996662187348
2017-03-15,0.0
2017-03-16,0.0018378370044484327
2017-03-17,0.00036505598288267145
2017-03-20,0.00010505472439274533
2017-03-21,0.0006425655071485824
2017-03-22,-2.1669360071048883e-05
2017-03-23,6.599741370330047e-05
2017-03-24,0.00102556296849675
2017-03-27,0.003235288209155934
2017-03-28,0.0021548309476769737
2017-03-29,2.0130986393903466e-05
2017-03-30,-0.0013483820205534708
2017-03-31,0.0017305107630873927
2017-04-03,-0.0018588878263177857
2017-04-04,0.004839260284315849
2017-04-05,-0.006727515983990854
2017-04-06,0.0026113919667540997
2017-04-07,-0.004298307251135238
2017-04-10,-0.005876927606635337
2017-04-11,0.004784943840891989
2017-04-12,0.0013017116524046556
2017-04-13,0.009147289469420956
2017-04-17,0.00020060563972520114
2017-04-18,-0.012185385724608986
2017-04-19,-0.0048678779852441185
2017-04-20,-0.003837755360756253
2017-04-21,-0.0027628961335695655
2017-04-24,0.00020957472263230143
2017-04-25,-0.0031056194721973862
2017-04-26,-0.002706923691261023
2017-04-27,-0.0008047087783111037
2017-04-28,-0.0006909524261390289
2017-05-01,-0.0029305203538267373
2017-05-02,-9.412295304809746e-05
2017-05-03,-0.0013044763205319362
2017-05-04,-0.0011432983339578367
2017-05-05,-0.0001384808893295094
2017-05-08,-7.654523967778434e-05
2017-05-09,-0.0009146185611652346
2017-05-10,0.0006929354487790373
2017-05-11,0.0002785657359627755
2017-05-12,0.0006556355764820577
2017-05-15,0.0010202864600457918
2017-05-16,0.0006182756170950482
2017-05-17,0.0007388451923369347
2017-05-18,-0.0010632943889820744
2017-05-19,0.0006020415216489543
2017-05-22,0.001820003481443482
2017-05-23,-0.00026293627788072566
2017-05-24,-0.00015937202519872068
2017-05-25,0.0010049771635063016
2017-05-26,0.0027535703802290382
2017-05-30,0.0028621127664144297
2017-05-31,-0.0006641678946529745
2017-06-01,-0.004431945357880467
2017-06-02,0.00726645473121242
2017-06-05,0.0022345753744666616
2017-06-06,0.005433418611175588
2017-06-07,-0.004117680311986388
2017-06-08,-0.00840980866400162
2017-06-09,-0.004460382642191499
2017-06-12,-0.0015848735788820984
2017-06-13,-0.0010162564061847253
2017-06-14,0.002153090828203173
2017-06-15,-0.0023749804013419324
2017-06-16,-0.00032182733131442295
2017-06-19,-0.0008982192585593106
2017-06-20,-0.0005036376351397165
2017-06-21,-0.0002561118082395512
2017-06-22,0.0008061653913440265
2017-06-23,0.0008173351094980195
2017-06-26,-0.00039940559020100203
2017-06-27,9.436699806507583e-05
2017-06-28,0.0008189833023891195
2017-06-29,-0.000753741679155557
2017-06-30,-0.00010598942748539592
2017-07-03,-0.0031301468164838695
2017-07-05,-0.0011875532434931226
2017-07-06,0.0005240217256010204
2017-07-07,-0.003409422328458127
2017-07-10,0.0013088924185034269
2017-07-11,0.0007523799312498777
2017-07-12,0.0008835120695168258
2017-07-13,-0.0012147241432243676
2017-07-14,0.0015109934770343879
2017-07-17,0.0010206735464127646
2017-07-18,0.0010466364296450674
2017-07-19,0.00017459175255373453
2017-07-20,0.0002624951130616252
2017-07-21,0.001205586092105034
2017-07-24,-0.00019790359606931885
2017-07-25,0.001770909355611693
2017-07-26,-0.0018483309004780684
2017-07-27,0.00255062898649129
2017-07-28,0.003843081284079631
2017-07-31,0.002969574751286
2017-08-01,-0.000872901419422545
2017-08-02,-0.0012316563858487076
2017-08-03,-0.004162621918878153
2017-08-04,-0.010462449755240315
2017-08-07,-5.767844266191217e-06
2017-08-08,0.0008022200718901068
2017-08-09,0.002606737745183257
2017-08-10,0.005197641409186756
2017-08-11,0.00015781638507146882
2017-08-14,0.002804579574038154
2017-08-15,-0.024239710485671456
2017-08-16,0.0081818587532248
2017-08-17,0.004499628518887341
2017-08-18,-0.00258621632904162
2017-08-21,0.0007973832907628523
2017-08-22,-0.0018960958441451292
2017-08-23,0.003407019450804331
2017-08-24,-0.0045970898999593305
2017-08-25,0.0042538861734273455
2017-08-28,0.02345523777064309
2017-08-29,-0.0005467771672788525
2017-08-30,-0.0010943510841182858
2017-08-31,0.004624985800296656
2017-09-01,0.014481105410457213
2017-09-05,0.00753137193263956
2017-09-06,-0.0017211394388012523
2017-09-07,0.011889568607238906
2017-09-08,0.000646645546888999
2017-09-11,-0.012925467800357235
2017-09-12,-0.0007458519741260265
2017-09-13,-0.0012689905593794516
2017-09-14,-0.003496120569691662
2017-09-15,-0.002986888936393597
2017-09-18,-0.010737943596767247
2017-09-19,0.0013371872669797494
2017-09-20,0.0005995308358324822
2017-09-21,-0.003363063559527847
2017-09-22,-0.00028786718168087035
2017-09-25,0.0013234448803971612
2017-09-26,-0.002153510227763529
2017-09-27,-0.0003688785393852931
2017-09-28,0.00016523374376550574
2017-09-29,-0.0010954522196669296
2017-10-02,-0.0001466397277015349
2017-10-03,-2.669366587367076e-05
2017-10-04,-0.00012015683870144867
2017-10-05,0.00012697925778688975
2017-10-06,0.001014606378104
2017-10-09,0.0012038419134979396
2017-10-10,0.0015638531039992778
2017-10-11,-0.00047746752728188935
2017-10-12,0.0008424202598468147
2017-10-13,0.0008734249938062475
2017-10-16,-0.0006915669731559765
2017-10-17,-0.007512705428708055
2017-10-18,-0.00039456544719147183
2017-10-19,0.0012687006135937051
2017-10-20,-0.0015704404663356808
2017-10-23,9.963140490302593e-06
2017-10-24,-0.0005825425502700448
2017-10-25,-0.0001955214417011812
2017-10-26,-0.0005226023786238998
2017-10-27,-0.0003134853258299095
2017-10-30,0.0005074981222347799
2017-10-31,-0.0007920248078666723
2017-11-01,0.00247996737729427
2017-11-02,-0.00018800872576815137
2017-11-03,-0.001487571015279321
2017-11-06,0.002023906536982832
2017-11-07,-0.0014295376361365124
2017-11-08,0.0010078190885865538
2017-11-09,-0.0008076824607340377
2017-11-10,-0.0004952793262144542
2017-11-13,0.000900764223483453
2017-11-14,0.000135165803463056
2017-11-15,-0.000700780019155311
2017-11-16,0.000493503240765537
2017-11-17,0.0024828415231746143
2017-11-20,-0.016304823170492918
2017-11-21,0.0005951086641275806
2017-11-22,0.0007361135230742274
2017-11-24,-0.0005759700879248657
2017-11-27,0.00013534334471532536
2017-11-28,-0.0009554992286552748
2017-11-29,-0.0017284382032988726
2017-11-30,-0.0003740753101898141
2017-12-01,-0.0004258840536476196
2017-12-04,-6.547809368531013e-05
2017-12-05,-0.0015676333254573537
2017-12-06,-0.0005395664997018897
2017-12-07,-0.0007914307927190833
2017-12-08,0.00010968495559055084
2017-12-11,-0.0002034323437342204
2017-12-12,-0.0006013459385598011
2017-12-13,0.0010640782254873078
2017-12-14,0.0003432185908783492
2017-12-15,0.0006628608798717536
2017-12-18,0.0007294802048963798
2017-12-19,-0.0002749663975912952
2017-12-20,0.0006232972302384848
2017-12-21,-0.0001825344731711559
2017-12-22,0.001041769009614153
2017-12-26,0.0007817890829223867
2017-12-27,0.0011378691793985977
2017-12-28,0.004671903946268229
2017-12-29,0.00729189862735374
2018-01-02,0.002492644749633834
2018-01-03,0.0031420942357084486
2018-01-04,0.00019599724319602902
2018-01-05,0.0010018418922675542
2018-01-08,-0.009447925617514055
2018-01-09,-0.008045205358165471
2018-01-10,0.0012417030495003093
2018-01-11,-0.00294737483030173
2018-01-12,0.0037947020427422117
2018-01-16,0.001654430602929093
2018-01-17,-0.0007906381485212521
2018-01-18,-0.010503144321671685
2018-01-19,0.0016388661405808405
2018-01-22,-0.0008897144268239767
2018-01-23,-0.001340329693281132
2018-01-24,0.005053086018870852
2018-01-25,0.005981344651625585
2018-01-26,-0.011005614910026428
2018-01-30,-0.021355575451569502
2018-01-31,0.003893651377539568
2018-02-01,-0.0017696557562160383
2018-02-02,-0.0058997255378560485
2018-02-05,-0.0002251701393130416
2018-02-06,-0.000555016062234643
2018-02-07,-0.002097370130731412
2018-02-08,0.0006763015971543035
2018-02-09,-0.001231680106216387
2018-02-12,0.0027203256839121886
2018-02-13,-0.00025144064833053495
2018-02-14,0.0021579035592752317
2018-02-15,-0.00048760583409342953
2018-02-16,-0.0004960171457376012
2018-02-20,-0.0016412372227340344
2018-02-21,0.0011059691659555317
2018-02-22,-0.00015279668347049729
2018-02-23,-0.0006304851413391322
2018-02-26,0.0004065231941944292
2018-02-27,-0.0012024289927752094
2018-02-28,-0.0001365933139829082
2018-03-01,-0.0007708744145013526
2018-03-02,0.0012027578212892415
2018-03-05,-0.00033431968921418797
2018-03-06,0.0023417292496907254
2018-03-07,-0.0017424879271032568
2018-03-08,4.94277270475837e-05
2018-03-09,0.000679179678567104
2018-03-12,-0.00045999689692905816
2018-03-13,0.0005421915216996207
2018-03-14,-0.0005638343516263664
2018-03-15,-0.0007025506149875224
2018-03-16,-0.0009370776403377195
2018-03-19,0.00033196813429314917
2018-03-20,-0.0008116090298450827
2018-03-21,0.0014600986237153658
2018-03-22,-0.00017993105107511707
2018-03-23,0.001255495190367249
2018-03-26,0.0006262064255883561
2018-03-27,-0.0008725368328863351
2018-03-28,-0.0017479052762212452
2018-03-29,0.0001127218939476532
2018-04-02,0.0025272302429070106
2018-04-03,-0.0017089857894880857
2018-04-04,-0.000856713933411151
2018-04-05,0.0006949607515945361
2018-04-06,7.462630230528711e-05
2018-04-09,0.0010376953659167873
2018-04-10,0.000393066225340144
2018-04-11,0.0016025793771534567
2018-04-12,-0.008136827191223939
2018-04-13,0.0017981012643859633
2018-04-16,0.0006102575980924249
2018-04-17,0.0033057101003315602
2018-04-18,0.02257221502318919
2018-04-19,-0.0005510981033719431
2018-04-20,-0.00466465905299376
2018-04-23,-0.03622002857384047
2018-04-24,0.0020425843695065253
2018-04-25,-0.0018613601658819892
2018-04-26,9.384120320489214e-06
2018-04-27,-0.00038455018433615734
2018-04-30,-0.0004430245594150042
2018-05-01,-0.0012940762356422686
2018-05-02,0.001214864812228728
2018-05-03,0.00033698352007532423
2018-05-04,0.00034025338340201147
2018-05-07,-9.880465644181062e-05
2018-05-08,-0.00011777380425036699
2018-05-09,0.0003302733050794253
2018-05-10,0.001028284615498314
2018-05-11,-4.860108455812158e-05
2018-05-14,-0.0011933397940588285
2018-05-15,-0.003251690417216603
2018-05-16,0.0005205175097430944
2018-05-17,0.0005825013611668629
2018-05-18,-0.0001296436487310606
2018-05-21,0.000324613854999109
2018-05-22,0.00027855887487414723
2018-05-23,-0.0008427606109490453
2018-05-24,0.0013947370345608343
2018-05-25,-0.0013123797622719446
2018-05-29,-0.00168699566898344
2018-05-30,0.0008779634203588613
2018-05-31,-0.0003844204595726639
2018-06-01,-7.022275136601431e-05
2018-06-04,-4.518586593384857e-05
2018-06-05,0.0005625709107003377
2018-06-06,0.0007107033796841371
2018-06-07,0.0015717647371393517
2018-06-08,-0.001961866871999052
2018-06-11,0.005703986216861487
2018-06-12,-0.0022795958088741132
2018-06-13,0.004188002372118638
2018-06-14,0.014199167859315394
2018-06-15,-0.04811090505342674
2018-06-18,-0.00040751072973171297
2018-06-19,-0.0005092441626422374
2018-06-20,-6.584383134942746e-05
2018-06-21,8.002322394674361e-05
2018-06-22,0.0006254013045115277
2018-06-25,-0.0006110092503457271
2018-06-26,-0.0003291181972566422
2018-06-27,-0.000467480160120212
2018-06-28,-0.0008931760342097843
2018-06-29,0.000735460969917149
2018-07-02,-0.0017140551406271782
2018-07-03,0.0010129851986296545
2018-07-05,0.0002691705044945697
2018-07-06,-0.00012932268214668096
2018-07-09,0.000345447693973743
2018-07-10,-0.00023881612766123985
2018-07-11,-0.0012984469141015468
2018-07-12,0.000809056907945809
2018-07-13,-0.0007668485197159799
2018-07-16,-1.9489979142812422e-05
2018-07-17,-0.0009209834607970753
2018-07-18,-0.00021207958978153218
2018-07-19,-0.000806173654384923
2018-07-20,0.0007497582570881929
2018-07-23,-0.0006038985163130384
2018-07-24,0.00047398428189645057
2018-07-25,0.0003471033850736276
2018-07-26,-0.00046894936343442597
2018-07-27,-9.93262307295626e-06
2018-07-30,0.00019372782368731864
2018-07-31,0.00012386801559251894
2018-08-01,-0.0005243610385716658
2018-08-02,-0.00032375429303545825
2018-08-03,0.0003851513822920911
2018-08-06,-0.0005673781950189296
2018-08-07,0.000125355135687232
2018-08-08,0.000295348566464844
2018-08-09,0.0002144243701691473
2018-08-10,-0.0007608365223336814
2018-08-13,-0.001572081912421473
2018-08-14,0.00036919678683840104
2018-08-15,-0.0030823290648763053
2018-08-16,0.0014674733471830204
2018-08-17,-0.00042258049779566643
2018-08-20,0.00020459150944034465
2018-08-21,0.0005022788857470672
2018-08-22,-8.317164066202004e-05
2018-08-23,-0.001082350850311733
2018-08-24,0.0013300893263012395
2018-08-27,0.00033722670742832494
2018-08-28,-0.00039773550094053425
2018-08-29,-0.00041019832028670527
2018-08-30,-0.0011014764447440273
2018-08-31,-0.00020656093199258454
2018-09-04,-0.0020021223819742125
2018-09-05,0.0003108252837994175
2018-09-06,-0.00023353607584133154
2018-09-07,-4.357792805687083e-05
2018-09-10,6.540926221738479e-05
2018-09-11,-0.00014704669896240078
2018-09-12,0.0007639191988191509
2018-09-13,-0.0002647375171287927
2018-09-14,-0.0005475648835208064
2018-09-17,0.0004368346468772542
2018-09-18,-0.00020632178423590864
2018-09-19,0.0005716389486495441
2018-09-20,0.0001405006729279046
2018-09-21,0.00029127456353298867
2018-09-24,-9.672237779194934e-05
2018-09-25,0.0007909090694129241
2018-09-26,-0.0004952616766274825
2018-09-27,-0.0005574453754260511
2018-09-28,0.0022785046174515966
2018-10-01,-0.0010539414896896914
2018-10-02,0.0009500153593175117
2018-10-03,-0.00033338000461436687
2018-10-04,-0.0017694740532065928
2018-10-05,0.000977768723418587
2018-10-08,-0.00745404445310407
2018-10-09,0.00042014192227528014
2018-10-10,-0.00044197829840593277
2018-10-11,0.0016810220511553307
2018-10-12,0.00010388237702015767
2018-10-15,0.0016391477401234407
2018-10-16,-0.0010461292617831085
2018-10-17,-0.0017800822004362244
2018-10-18,-0.0028301637552530005
2018-10-19,0.0016136142537035738
2018-10-22,-0.0023388313828013275
2018-10-23,0.00658728834365977
2018-10-24,-0.0069256497410517415
2018-10-25,-0.001741845970806785
2018-10-26,0.0012354310862469932
2018-10-29,-0.007663326900270253
2018-10-30,0.0001604661351505468
2018-10-31,-0.0010719479272623587
2018-11-01,0.0030369692516314336
2018-11-02,-0.0005954499555194787
2018-11-05,-0.0045668610821677025
2018-11-06,-0.006636472442496276
2018-11-07,0.0015541700769696777
2018-11-08,-0.00320927753073305
2018-11-09,-0.002369184385328573
2018-11-12,-0.0007658882654928536
2018-11-13,-0.00013182454928490104
2018-11-14,0.0006181468312904429
2018-11-15,0.0010842491453855738
2018-11-16,0.000711627407843959
2018-11-19,0.00013412743045785754
2018-11-20,-0.0007801953077956936
2018-11-21,0.0013283728002422054
2018-11-23,-0.0036107450859978745
2018-11-26,-0.00022381958184084264
2018-11-27,-0.0007145922263446764
2018-11-28,0.0014355345426084636
2018-11-29,-0.0001756901578322657
2018-11-30,-0.0010504633922694849
2018-12-03,0.0017056525741785743
2018-12-04,0.0007430722430736644
2018-12-06,-0.0026046181749255653
2018-12-07,0.003548035325332318
2018-12-10,-0.0037609606907017096
2018-12-11,0.0008247885032905993
2018-12-12,0.0099093735986965
2018-12-13,0.00019097207887687657
2018-12-14,-0.01626973722556709
2018-12-17,0.006493321100637268
2018-12-18,-0.0027964304290913748
2018-12-19,0.005029465928322275
2018-12-20,0.0032975981157997826
2018-12-21,-0.013055675996544771
2018-12-24,0.005638167884099826
2018-12-26,0.019157218585655597
2018-12-27,0.014114019741401394
2018-12-28,0.010063838637635223
2018-12-31,0.007906204204644295
2019-01-02,0.007998204363647825
2019-01-03,0.01194961258601554
2019-01-04,-0.0007931724236584429
2019-01-07,-0.0018759788678670696
2019-01-08,-0.0031076729666013117
2019-01-09,0.0019566943388646357
2019-01-10,-0.00666646375605913
2019-01-11,0.001197392857977067
2019-01-14,0.0023738971729845796
2019-01-15,-0.004648709314322596
2019-01-16,0.0006349077562262938
2019-01-17,-0.0030392944092847217
2019-01-18,-0.0030929813956685906
2019-01-22,-0.0012951440905101725
2019-01-23,0.0008504539018904933
2019-01-24,-0.0011713301639070988
2019-01-25,0.00436439068111793
2019-01-28,0.0029128054874175946
2019-01-29,0.005330747194236894
2019-01-30,0.007117238788000619
2019-01-31,0.010687889530773114
2019-02-01,-0.01059316525781065
2019-02-04,-0.0032365074585319347
2019-02-05,-0.0036085688238449817
2019-02-06,-0.008641772090723372
2019-02-07,0.0007506249267459862
2019-02-08,0.0026588312837282635
2019-02-11,-0.003420888613001389
2019-02-12,6.621247214140193e-05
2019-02-13,-0.0007943343123762243
2019-02-14,-0.0027529413856036493
2019-02-15,0.004483196109960432
2019-02-19,0.0054671871980000245
2019-02-20,0.010184633775883432
2019-02-21,-0.02633126636370378
2019-02-22,0.004697164766965864
2019-02-25,-0.0030774337672473985
2019-02-26,4.573151377108114e-05
2019-02-27,-0.004279292296650319
2019-02-28,-0.0025193833588892504
2019-03-01,-0.007023234850462142
2019-03-04,-0.0022035979334233233
2019-03-05,3.634198710352308e-05
2019-03-06,-0.00022036464563481072
2019-03-07,-0.000399852908660421
2019-03-08,0.002909585125563363
2019-03-11,-0.0006966926523634382
2019-03-12,0.0009765542877197635
2019-03-13,0.00029507005831609444
2019-03-14,-0.0019160457890954597
2019-03-15,0.0010594291838049153
2019-03-18,-1.3799904017464423e-05
2019-03-19,0.00034506258471733584
2019-03-20,-0.0003852114209892689
2019-03-21,0.0008768163227900093
2019-03-22,-0.00018486630217531111
2019-03-25,0.001095240361415198
2019-03-26,-0.0013631773725422123
2019-03-27,-0.0008673432349645018
2019-03-28,-0.0021076137383993178
2019-03-29,0.0009408902497234046
2019-04-01,-6.036349417031734e-05
2019-04-02,-0.0002214459742495836
2019-04-03,0.00027573693346124797
2019-04-04,-0.00012072221607918041
2019-04-05,1.3428920128476276e-05
2019-04-08,0.0008728277956798194
2019-04-09,-3.3283406747225703e-05
2019-04-10,0.00021973781846038466
2019-04-11,-0.002504888007552301
2019-04-12,0.0006540694045707706
2019-04-15,0.00018954250152915453
2019-04-16,-0.0003851343757552322
2019-04-17,0.00020347582914250135
2019-04-18,0.00010830827914249716
2019-04-22,0.00013523064934102484
2019-04-23,-0.0012424893281013172
2019-04-24,0.0008545955313002962
2019-04-25,-0.0002508358251772364
2019-04-26,0.0009582740720340383
2019-04-29,-0.0010637197050391526
2019-04-30,0.00038102589105881734
2019-05-01,-0.0017285095734250525
2019-05-02,-0.0007241378630211611
2019-05-03,0.0025492974519707784
2019-05-06,-0.0003387602412128557
2019-05-07,2.038960903125922e-05
2019-05-08,-0.0004621770598448723
2019-05-09,-0.0005803787773597345
2019-05-10,0.00013048182765048992
2019-05-13,-8.915840873250641e-05
2019-05-14,0.0002677180980817544
2019-05-15,0.0
2019-05-16,-0.0018690919488898975
2019-05-17,-0.0009138054421211961
2019-05-20,0.0004294015835241952
2019-05-21,-0.00025234283628917064
2019-05-22,0.00028810414023115976
2019-05-23,0.0011421487795169449
2019-05-24,-0.00039492985134729407
2019-05-28,-0.0016624597853362542
2019-05-29,0.0006435764902852834
2019-05-30,0.0006184238573637447
2019-05-31,0.0004889305203691666
2019-06-03,0.001202543056239607
2019-06-04,0.0001668626436623052
2019-06-05,0.00022919265391926002
2019-06-06,0.00277163739715364
2019-06-07,0.004791372233200732
2019-06-10,-0.022015865646859544
2019-06-11,0.0019754713305048
2019-06-12,0.00022034365826022328
2019-06-13,0.0017613329715128142
2019-06-14,-0.002410699132964738
2019-06-17,0.0006239645631418546
2019-06-18,0.003672426321802471
2019-06-19,-0.0020313068957222664
2019-06-20,0.03552854092720961
2019-06-21,-0.016571077832451243
2019-06-24,0.00643272540918921
2019-06-25,-0.005633547818764915
2019-06-26,-0.0005606058812606162
2019-06-27,-0.004952367303072254
2019-06-28,0.002470741539863737
2019-07-01,-0.0076685864665053585
2019-07-02,0.001290222262205665
2019-07-03,0.0023040824402339177
2019-07-05,-0.007891168737074086
2019-07-08,0.00035307426766464727
2019-07-09,0.0006254229995363514
2019-07-10,0.00046400782243467375
2019-07-11,-0.0012774708048948443
2019-07-12,0.0010169334917625333
2019-07-15,0.002550962311726909
2019-07-16,0.013235386029259902
2019-07-17,0.019082230522650317
2019-07-18,0.01737622783798575
2019-07-19,-0.00022642636102838932
2019-07-22,0.01683267163425748
2019-07-23,0.004839473439449729
2019-07-24,0.011049528508162905
2019-07-25,-0.015800434753553628
2019-07-26,-0.0010423987762866516
2019-07-29,0.0032043584365455437
2019-07-30,0.009439393943073892
2019-07-31,-0.011026816438039357
2019-08-01,-0.015221986106272534
2019-08-02,0.004397095086811228
2019-08-05,0.0052725772987550846
2019-08-06,0.0030938601711884032
2019-08-07,0.047316492513080934
2019-08-08,-0.018458028858442752
2019-08-09,-0.00027610053679534726
2019-08-12,0.00861733784601542
2019-08-13,-0.005297841130571624
2019-08-14,0.019050146658163725
2019-08-15,-0.004097474579851952
2019-08-16,-0.005821326996734428
2019-08-19,-0.011578265168133796
2019-08-20,0.013374617616023788
2019-08-21,0.00019057603662380344
2019-08-22,-0.007078490773756781
2019-08-23,0.022160183013822825
2019-08-26,0.014705077332764275
2019-08-27,0.032640613874653
2019-08-28,0.010142970994582128
2019-08-29,-0.007915004960379493
2019-08-30,0.0010477416008281793
2019-09-03,0.05198739758137044
2019-09-04,0.017265174331970876
2019-09-05,-0.036555391032019754
2019-09-06,-0.03565467891621631
2019-09-09,0.0018520346244800014
2019-09-10,0.0006142574483419541
2019-09-11,-0.0002540538176398038
2019-09-12,0.00025419471921517083
2019-09-13,-0.015369892548623598
2019-09-16,0.012203853376048087
2019-09-17,0.0025326094988165288
2019-09-18,-0.004835891232274773
2019-09-19,-0.0004873639007386804
2019-09-20,-0.0007763306182675727
2019-09-23,0.01915771333143504
2019-09-24,-0.001780516119617848
2019-09-25,-0.013983470194534635
2019-09-26,-0.003130498739696073
2019-09-27,-0.004885400028157658
2019-09-30,-0.013030166190778951
2019-10-01,0.005286972275151723
2019-10-02,0.005971437405839286
2019-10-03,-0.00010480327289523952
2019-10-04,-0.0006739790291278058
2019-10-07,-0.0012463595064010314
2019-10-08,0.0024140364878915874
2019-10-09,0.0016595301261051647
2019-10-10,-0.0030902801360548474
2019-10-11,-0.0008719508383817238
2019-10-14,0.002594362104758474
2019-10-15,-0.004869237082606631
2019-10-16,0.0006543468999571106
2019-10-17,0.0028082764684647303
2019-10-18,-0.0005106495967202823
2019-10-21,0.00036114861645681695
2019-10-22,-0.0013375044384025966
2019-10-23,0.0012084027089929738
2019-10-24,0.0033195564792556837
2019-10-25,0.00220616342522645
2019-10-28,-0.0010669789241047824
2019-10-29,-0.0011510165700401357
2019-10-30,0.0011143670891934538
2019-10-31,0.005577755196062923
2019-11-01,-0.0003581341946635471
2019-11-04,0.0003553076535519438
2019-11-05,-0.020796603004069464
2019-11-06,0.0008201431511690208
2019-11-07,-0.01147468442498355
2019-11-08,-0.003036854267603183
2019-11-11,-0.0003587826889442785
2019-11-12,-0.001166816675841116
2019-11-13,0.0030389771067600426
2019-11-14,0.0013359791412298236
2019-11-15,-0.0009230956068042403
2019-11-18,0.0006028480060873499
2019-11-19,0.0013638122233373738
2019-11-20,-3.44369372100784e-05
2019-11-21,-0.0005740131610657936
2019-11-22,-0.0007483725386736769
2019-11-25,-0.00131758466325044
2019-11-26,0.0018408112928444704
2019-11-27,-0.0011463681219651336
2019-11-29,0.0005576098924816443
2019-12-02,-0.0012967317605393344
2019-12-03,0.002839977477638597
2019-12-04,-0.0031688285214766434
2019-12-05,0.0014180615826798553
2019-12-06,-0.0035902288877461856
2019-12-09,0.0004082842931625343
2019-12-10,0.0004997866373483158
2019-12-11,0.0008587196479062126
2019-12-12,0.0005808420785768823
2019-12-13,0.000383009132630039
2019-12-16,0.0006092269327447616
2019-12-17,-0.0002459276075167237
2019-12-18,-0.00020987994262993513
2019-12-19,0.000843202223604477
2019-12-20,0.0010911020510310965
2019-12-23,0.006179431358542887
2019-12-24,0.01018534814173288
2019-12-26,0.00486041152280881
2019-12-27,-0.0019219315899411831
2019-12-30,0.002667269975900744
2019-12-31,-0.004204547706585268
2020-01-02,0.007275682833847848
2020-01-03,0.005524497814943288
2020-01-06,0.0015617689885373302
2020-01-07,0.011775414563712975
2020-01-08,-0.012122955160183463
2020-01-09,-0.011944601387326743
2020-01-10,0.005657919162181627
2020-01-13,-0.00376894996212724
2020-01-14,-0.007897112037755132
2020-01-15,0.005937101717543719
2020-01-16,-0.0012845415538799269
2020-01-17,0.003670949863153788
2020-01-21,-0.008572690524675393
2020-01-22,0.000494429424886109
2020-01-23,3.822481169253139e-05
2020-01-24,0.006362044247914266
2020-01-27,-0.0018575179581576597
2020-01-28,-0.02140894622671707
2020-01-29,0.0005106461766560378
2020-01-30,0.009158970631049305
2020-01-31,0.00031531465233605824
2020-02-03,-0.007307198378187128
2020-02-04,-0.001641958553481053
2020-02-05,0.0006049228661069901
2020-02-06,0.0032383135969311755
2020-02-07,-0.00180264426561652
2020-02-10,0.0013614664008722564
2020-02-11,-0.002694145608985213
2020-02-12,-0.0013980386732418775
2020-02-13,0.0018051437133623648
2020-02-14,0.0016897751756723455
2020-02-18,0.0060258450627735365
2020-02-19,0.003617105130691214
2020-02-20,0.0005465908894261737
2020-02-21,0.010052496310391278
2020-02-24,0.018607226029150783
2020-02-25,-0.036181541659783975
2020-02-26,-0.011389762144309942
2020-02-27,-0.0026477054474483177
2020-02-28,-0.016063917981908794
2020-03-02,0.002471629460341669
2020-03-03,0.0027010886849241442
2020-03-04,0.00033899842793906816
2020-03-05,0.0009028709072733929
2020-03-06,-0.0007389289559112306
2020-03-09,-0.0012387903211996168
2020-03-10,-0.0005594270708446477
2020-03-11,-0.001057681968054587
2020-03-12,-0.0031703603994528364
2020-03-13,-0.006511694541277821
2020-03-16,-0.008044731214477982
2020-03-17,-0.001651193010575598
2020-03-18,-0.002223668662414806
2020-03-19,0.001165283405198055
2020-03-20,0.000786915536671439
2020-03-23,0.0026796497416112894
2020-03-24,0.0028677639975926645
2020-03-25,0.0016141153569713676
2020-03-26,-0.0005015620333199005
2020-03-27,-0.0003663982394642632
2020-03-30,-0.0011047475627045087
2020-03-31,6.441469841050372e-05
2020-04-01,-0.00046086772435545187
2020-04-02,0.001817414491113672
2020-04-03,-0.0004140866566949997
2020-04-06,0.0017523064850213427
2020-04-07,0.001611714259875018
2020-04-08,-0.0021729387993263353
2020-04-09,0.006795050601686995
2020-04-13,-0.006676266270836798
2020-04-14,0.006595315735702402
2020-04-15,-0.010017426827655818
2020-04-16,0.001492049019092315
2020-04-17,-0.004165599961125233
2020-04-20,0.0024509047777591148
2020-04-21,-0.005583260835339722
2020-04-22,0.0009932712972314313
2020-04-23,0.00014902504486946134
2020-04-24,-0.0001963901359651151
2020-04-27,-0.00011141206908333733
2020-04-28,-8.227016423014864e-05
2020-04-29,-4.229473064887059e-06
2020-04-30,-0.00055417440496186
2020-05-01,-7.533250655591254e-05
2020-05-04,-0.00030419791494703396
2020-05-05,0.0007296629078634062
2020-05-06,-0.0001490740058326203
2020-05-07,0.001209138891276016
2020-05-08,0.0010641456245258558
2020-05-11,-0.001379120784442026
2020-05-12,0.0007611615945314417
2020-05-13,-0.0005342456400606844
2020-05-14,0.011864382392206428
2020-05-15,0.026166441753628533
2020-05-18,0.011377694189796393
2020-05-19,0.011371002213322273
2020-05-20,0.002852564195260338
2020-05-21,-0.017191168847544687
2020-05-22,0.00880586301940356
2020-05-26,-0.0026004055936455204
2020-05-27,0.003196225924333168
2020-05-28,0.005482960414174403
2020-05-29,0.014130712986693435
2020-06-01,0.008252983346464253
2020-06-02,-0.013868939768856569
2020-06-03,-0.0073307514035673375
2020-06-04,0.0018430011765517749
2020-06-05,-0.009241258248692704
2020-06-08,0.003227209130217717
2020-06-09,-0.0006968052822375656
2020-06-10,1.4895886165558255e-05
2020-06-11,0.0006929645425114569
2020-06-12,-0.0030264390195467823
2020-06-15,-0.00047766302311319926
2020-06-16,0.0014629609846554606
2020-06-17,0.0007124345788470981
2020-06-18,-0.0014940694521528557
2020-06-19,0.0019364602187652775
2020-06-22,0.00040779400832968493
2020-06-23,0.0017171155354535929
2020-06-24,-0.005070071054107332
2020-06-25,0.0017737655143193615
2020-06-26,0.0010652177236717731
2020-06-29,-0.0005410758144104952
2020-06-30,0.008251449691099776
2020-07-01,-0.008882120151411042
2020-07-02,0.0017839299539545222
2020-07-06,0.0041070116415453
2020-07-07,0.002959982500046721
2020-07-08,0.012740968365118788
2020-07-09,-0.005464142030761504
2020-07-10,0.0028024893999500557
2020-07-13,0.02003747512628506
2020-07-14,-0.006858441958401386
2020-07-15,0.006302949830226139
2020-07-16,-0.00500372146667429
2020-07-17,0.00505196982662384
2020-07-20,0.01168426784016926
2020-07-21,0.035745985929118436
2020-07-22,0.038654207359771306
2020-07-23,-0.0031427943218553687
2020-07-24,-0.0029188577580564713
2020-07-27,0.035751298342054295
2020-07-28,-0.004194306249173284
2020-07-29,0.0005439073493834437
2020-07-30,-0.01917761244912001
2020-07-31,0.01778236473484573
2020-08-03,0.004062204631176175
2020-08-04,0.03251038919639719
2020-08-05,0.01625647561972926
2020-08-06,0.027464951589165697
2020-08-07,-0.014718383151003501
2020-08-10,0.028079058875209253
2020-08-11,-0.04947472689847154
2020-08-12,-0.0014556712579932157
2020-08-13,0.021968673422269956
2020-08-14,-0.019300760828028365
2020-08-17,0.01703634577668609
2020-08-18,0.004133028891764171
2020-08-19,-0.007363862444242771
2020-08-20,-0.001988315554962203
2020-08-21,-0.004305789360275595
2020-08-24,-0.0012538752775813193
2020-08-25,-0.0035490695418709146
2020-08-26,0.010486557320493676
2020-08-27,-0.004386059322697624
2020-08-28,0.006353301033738473
2020-08-31,0.009551639724762988
2020-09-01,0.0006662676397670595
2020-09-02,-0.0168121184743756
2020-09-03,-0.0059871425703433
2020-09-04,-0.0014503091251903918
2020-09-08,0.002642686220102239
2020-09-09,0.0008260596041742748
2020-09-10,0.0018817717839652497
2020-09-11,-0.003806540653354558
2020-09-14,0.0044688243074429744
2020-09-15,0.001047849451909599
2020-09-16,6.02492398934256e-05
2020-09-17,-0.004212124107853144
2020-09-18,0.0004309928406115336
2020-09-21,-0.027309960500972563
2020-09-22,0.0015780211357707796
2020-09-23,-0.01312649296384663
2020-09-24,0.001015310785237324
2020-09-25,-0.0009920271452818045
2020-09-28,0.004215257595734614
2020-09-29,0.006875533987835552
2020-09-30,-0.0073847280227952086
2020-10-01,0.005117000234427421
2020-10-02,-0.0014477483890622852
2020-10-05,0.003494926816742975
2020-10-06,-0.00406953815085294
2020-10-07,-0.00014542024223900555
2020-10-08,-7.277089148932351e-05
2020-10-09,0.008154340716085458
2020-10-12,0.0009880777391360394
2020-10-13,-0.0071299395388545565
2020-10-14,0.001820998264985297
2020-10-15,-0.0011073271015242599
2020-10-16,0.001147755299782887
2020-10-19,0.0018645952215329271
2020-10-20,0.0017916306573692068
2020-10-21,0.001635554673792731
2020-10-22,-0.004003775263288974
2020-10-23,-0.00024165587308738604
2020-10-26,-0.0015986677707167712
2020-10-27,0.0009652090742902929
2020-10-28,-0.007687255431206358
2020-10-29,0.00010088334197649934
2020-10-30,0.001868340470364905
2020-11-02,0.002583559488605284
2020-11-03,0.0019536409053267823
2020-11-04,-0.002846011277290866
2020-11-05,0.008579539997423762
2020-11-06,0.00224490086939497
2020-11-09,-0.013404541280129006
2020-11-10,0.0033274035880686693
2020-11-11,-0.0008260769902884239
2020-11-12,0.00016655039347260818
2020-11-13,0.0019995836193236823
2020-11-16,0.00011292789388026031
2020-11-17,-0.0006309024633852447
2020-11-18,-0.0008491657380500822
2020-11-19,-0.0016954194381886
2020-11-20,0.0013573599874623324
2020-11-23,-0.0030794210978510443
2020-11-24,-0.0014553920011410113
2020-11-25,0.000284560708493537
2020-11-27,-0.0035605099778257356
2020-11-30,-8.724149480818172e-05
2020-12-01,0.006889026896210997
2020-12-02,-3.447850528247158e-05
2020-12-03,0.00026725424362270033
2020-12-04,0.000498731444570511
2020-12-07,0.002288799696825339
2020-12-08,-0.0003566790641475048
2020-12-09,-0.006220905093187762
2020-12-10,0.0005898199948165609
2020-12-11,5.812073081755386e-06
2020-12-14,-0.0002875383286404776
2020-12-15,0.002277229668541526
2020-12-16,0.0023570129942669703
2020-12-17,0.011697656574000013
2020-12-18,-0.0021710979428639795
2020-12-21,0.00513781408234687
2020-12-22,-0.014482349710485575
2020-12-23,0.005242342199537488
2020-12-24,-0.0001839560076412287
2020-12-28,0.009568246877428925
2020-12-29,-0.005570496135156838
2020-12-30,0.006129511719031551
2020-12-31,-0.002695910824131287
2021-01-04,0.016549415527966852
2021-01-05,0.004815059742145411
2021-01-06,-0.009928373178809931
2021-01-07,0.003852375502501898
2021-01-08,-0.04414161673807894
2021-01-11,0.0048203206273902885
2021-01-12,0.0007357908913078732
2021-01-13,0.0006861751655336984
2021-01-14,0.0011341868869201132
2021-01-15,-0.004581490816719163
2021-01-19,0.002342191460990802
2021-01-20,0.0023052000934766755
2021-01-21,0.0004379643353421535
2021-01-22,-0.0014780327292646617
2021-01-25,-0.0003462255163486344
2021-01-26,0.0003723165230250137
2021-01-27,-0.0007675637844474878
2021-01-28,0.002679900206388804
2021-01-29,0.006176435045236628
2021-02-01,0.020469586836425843
2021-02-02,-0.0317702853186479
2021-02-03,0.0020106693418308476
2021-02-04,-0.002616975252384334
2021-02-05,0.0032392847835352326
2021-02-08,0.0022102455282566186
2021-02-09,-0.0006777456956096845
2021-02-10,-0.0012621884711407376
2021-02-11,-0.00012692488720519692
2021-02-12,0.001115892968203095
2021-02-16,-1.5720087016938792e-05
2021-02-17,-3.16862819970246e-05
2021-02-18,-0.001279662141541648
2021-02-19,0.0009531769060369523
2021-02-22,0.004486355224845425
2021-02-23,-0.002592614557114797
2021-02-24,0.0011327298201304701
2021-02-25,-0.001448379579732799
2021-02-26,-0.00821098610345333
2021-03-01,0.0012180490202265547
2021-03-02,0.0009999708108676063
2021-03-03,-0.002410127729549302
2021-03-04,-0.004596669574155991
2021-03-05,-0.0009134738535303063
2021-03-08,-8.835062675748213e-05
2021-03-09,0.004722091127741301
2021-03-10,-0.00023092465025547563
2021-03-11,0.00030173440053390716
2021-03-12,-0.0014148743342121224
2021-03-15,0.0018918350292013526
2021-03-16,-0.001394959583484175
2021-03-17,0.00028299886347888254
2021-03-18,0.0014674182598483625
2021-03-19,-0.00014461820999502373
2021-03-22,-0.002750843332053924
2021-03-23,-0.002758722620863261
2021-03-24,5.205928810581497e-06
2021-03-25,-0.0009423907929547596
2021-03-26,0.0002734913672158088
2021-03-29,-0.0013441645967059508
2021-03-30,-0.0024729815865111083
2021-03-31,0.0016049786364020198
2021-04-01,0.0016667776739455649
2021-04-05,-0.0006836693851200246
2021-04-06,0.0012094042158903179
2021-04-07,5.55570380376499e-05
2021-04-08,0.0008881778619424896
2021-04-09,-0.0006730292847927772
2021-04-12,-0.0012069389770307409
2021-04-13,0.0015136609866322735
2021-04-14,0.0002571750752156181
2021-04-15,0.001135827629625945
2021-04-16,0.0006627257967875992
2021-04-19,-0.0018604302407288832
2021-04-20,2.8053513476407166e-05
2021-04-21,0.005089912404000906
2021-04-22,-0.004123279578755713
2021-04-23,-0.000885511965080553
2021-04-26,0.001227840478005446
2021-04-27,0.0018049547888229042
2021-04-28,-0.004174861651526732
2021-04-29,-0.000232757321886772
2021-04-30,-0.0013826260066062295
2021-05-03,0.005385089683964927
2021-05-04,-0.00513761994143535
2021-05-05,-0.00048956641210248
2021-05-06,0.010910275168087503
2021-05-07,0.0
2021-05-10,0.0003207720680137907
2021-05-11,0.0033471727759884383
2021-05-12,-0.008462613417086783
2021-05-13,-0.003803232037119711
2021-05-14,0.0051238409516775945
2021-05-17,0.014835466041371249
2021-05-18,0.0010766700362586572
2021-05-19,-0.006089608328463853
2021-05-20,0.0008852098918342817
2021-05-21,-0.011675892591452955
2021-05-24,0.0061791887495900805
2021-05-25,0.0024260809646792876
2021-05-26,-0.003448706711901342
2021-05-27,0.0012452077099031024
2021-05-28,0.0013928306458439019
2021-06-01,0.0016756091701024848
2021-06-02,0.0020974658224068234
2021-06-03,-0.014791568241986606
2021-06-04,0.005581078110316968
2021-06-07,0.0017731018753425808
2021-06-08,-0.005064037125477164
2021-06-09,0.0038889588136103844
2021-06-10,0.0004962938337524546
2021-06-11,0.0022057644780251002
2021-06-14,-0.0023557306888992422
2021-06-15,-0.007684033023959773
2021-06-16,0.0018405234197175718
2021-06-17,-0.029693283238534613
2021-06-18,0.0008308812876825139
2021-06-21,0.0004016862994843537
2021-06-22,-0.000954037488917057
2021-06-23,0.0014949272491672273
2021-06-24,-0.00034723363501940665
2021-06-25,0.00019970166781073517
2021-06-28,0.0007652458207343533
2021-06-29,-0.001534710492144827
2021-06-30,0.0013170081130388887
2021-07-01,-0.00040001067198400855
2021-07-02,0.001810718493959186
2021-07-06,-0.001436033365326002
2021-07-07,-0.00019563700406447635
2021-07-08,-0.0006369171878729891
2021-07-09,0.00109274699868356
2021-07-12,2.661437188712334e-05
2021-07-13,-0.00045244232606081876
2021-07-14,0.0005833538599655825
2021-07-15,0.0005715769301989041
2021-07-16,-0.002636680407372212
2021-07-19,-0.0029492406137664197
2021-07-20,-0.0004469148165984472
2021-07-21,0.0007875247797751524
2021-07-22,0.00037923320327360474
2021-07-23,-0.0004367590573947162
2021-07-26,0.00023011213703834872
2021-07-27,-0.0019753327069758097
2021-07-28,0.0006853485353590385
2021-07-29,0.002753058717409016
2021-07-30,-0.0006903354364043813
2021-08-02,8.561157672389124e-05
2021-08-03,2.654187146320887e-05
2021-08-04,-0.0003537389158099007
2021-08-05,-0.0005005243887558092
2021-08-06,-0.0028771545263900993
2021-08-09,-0.00327654467914601
2021-08-10,0.0003953763703941124
2021-08-11,0.00031271220389845236
2021-08-12,-0.0011846831851951487
2021-08-13,0.0021625640321836243
2021-08-16,3.805287770343987e-05
2021-08-17,-0.0004183341408027439
2021-08-18,-0.000752105954076688
2021-08-19,-0.0006180549368013797
2021-08-20,-0.0003732468187341411
2021-08-23,0.0017744132683296448
2021-08-24,0.0007680052648906209
2021-08-25,-0.0003753965445914256
2021-08-26,-0.0007133409329783513
2021-08-27,0.0016451567279155831
2021-08-30,-0.0003132329096712033
2021-08-31,0.0
2021-09-01,0.0006825527205560543
2021-09-02,-0.0009413821059710991
2021-09-03,0.002779317469402652
2021-09-07,-0.0025036143891363463
2021-09-08,-0.0012272362314581552
2021-09-09,0.00025976651118632225
2021-09-10,-0.0005938248564068522
2021-09-13,-0.00022041582669884735
2021-09-14,0.00019314822461294025
2021-09-15,-0.00017945331008734482
2021-09-16,-0.00218487379208378
2021-09-17,-0.0010354338800246357
2021-09-20,-0.0003052048440780968
2021-09-21,0.0009536306833684363
2021-09-22,0.0006759690410352817
2021-09-23,-0.0005116846515721471
2021-09-24,-0.0005782870949400805
2021-09-27,0.0006193848643429184
2021-09-28,-0.0005164724475491866
2021-09-29,-0.002231594695111711
2021-09-30,0.0013500570625425946
2021-10-01,0.0011447144847567088
2021-10-04,0.00024732756856488233
2021-10-05,-8.20474149569025e-05
2021-10-06,-0.00017349120581004873
2021-10-07,0.0002885993820438742
2021-10-08,0.0001070552996467747
2021-10-11,-9.943563247876439e-05
2021-10-12,-0.0005758581173511463
2021-10-13,0.002529637776897229
2021-10-14,0.002463671409378189
2021-10-15,-0.0016553692741088
2021-10-18,-0.0011052861784712268
2021-10-19,0.008030440444999721
2021-10-20,0.010890261173574051
2021-10-21,-0.006522054054953835
2021-10-22,0.0063155189013037885
2021-10-25,0.00394651617530617
2021-10-26,-0.014094377687958645
2021-10-27,0.0024210716652795393
2021-10-28,-0.0016048120819540626
2021-10-29,-0.003448502105894562
2021-11-01,0.001803678364021012
2021-11-02,-0.005946629665437821
2021-11-03,-0.0009367361888524051
2021-11-04,0.002340703662089838
2021-11-05,0.001173487118870458
2021-11-08,0.004274070331035833
2021-11-09,-0.005315514675831632
2021-11-10,0.010827824125765759
2021-11-11,0.015774503626156677
2021-11-12,0.0012434000815292963
2021-11-15,-0.006841633786355527
2021-11-16,-0.004749857608790736
2021-11-17,0.0065407185113757725
2021-11-18,-0.00775457486929058
2021-11-19,-0.0032560781538323313
2021-11-22,-0.00949478734755099
2021-11-23,-0.006033200592958173
2021-11-24,0.00014743836138033305
2021-11-26,-0.000937767843427986
2021-11-29,-0.0007550012728261322
2021-11-30,-8.447105770035723e-05
2021-12-01,-0.0011594650071907874
2021-12-02,-4.8260007078616456e-05
2021-12-03,0.00041947480024896673
2021-12-06,-0.0005476183328824814
2021-12-07,0.0006599897826075808
2021-12-08,-0.0002443320914430269
2021-12-09,-0.0010523916221884546
2021-12-10,0.0004794474556059305
2021-12-13,0.0003322897229690398
2021-12-14,-0.0010240864641209962
2021-12-15,-0.0009808269700564125
2021-12-16,0.0024939625975007986
2021-12-17,0.00013116875915643832
2021-12-20,-0.000583862756972267
2021-12-21,0.0005772316970353925
2021-12-22,0.0007299869877831293
2021-12-23,0.00032473552485079183
2021-12-27,0.0002348546421872378
2021-12-28,0.001236006092843812
2021-12-29,-0.003471961286677835
2021-12-30,0.0019840419533099047
2021-12-31,0.003883628539094045
2022-01-03,-0.009415088263913551
2022-01-04,0.0018229244223561371
2022-01-05,0.0008046951585858948
2022-01-06,-0.00846775176287369
2022-01-07,0.0005831126448388863
2022-01-10,0.00013647315836552427
2022-01-11,0.0009426261159180229
2022-01-12,0.000989088052409774
2022-01-13,-0.00030486622992060186
2022-01-14,-0.0022932573913924718
2022-01-18,0.004142598618857516
2022-01-19,0.0110240969227142
2022-01-20,0.010433478765100096
2022-01-21,-0.010382413077951428
2022-01-24,-0.012473929360864656
2022-01-25,0.001600406691089915
2022-01-26,-0.0011721963968145935
2022-01-27,-0.011742124300607384
2022-01-28,-0.0009202604346200987
2022-01-31,0.00023452360214007073
2022-02-01,0.0005047669824252491
2022-02-02,0.00028622719397647373
2022-02-03,-0.0008320493383224789
2022-02-04,0.00025135302060832375
2022-02-07,0.0015039040847117282
2022-02-08,0.00029002139000076753
2022-02-09,0.0003418790908763392
2022-02-10,0.0004153008457897733
2022-02-11,-0.0009237627554553737
2022-02-14,0.002886480403810917
2022-02-15,-0.0047890049476360195
2022-02-16,0.0012602469829061356
2022-02-17,0.0016845341776658682
2022-02-18,0.001386207678708893
2022-02-22,0.005941364375791298
2022-02-23,0.005828887551800374
2022-02-24,0.003732323037864469
2022-02-25,-0.021254895488309014
2022-02-28,0.007026365356253173
2022-03-01,0.02546846942950181
2022-03-02,-0.010372227333061233
2022-03-03,0.0006059936759359205
2022-03-04,0.015880142591447113
2022-03-07,-0.001856519725536459
2022-03-08,0.03169940339487363
2022-03-09,-0.029202637764951304
2022-03-10,0.010611996666360805
2022-03-11,-0.0021552555799384697
2022-03-14,-0.017579109521986033
2022-03-15,-0.0009717722590208866
2022-03-16,-0.0023320763498113186
2022-03-17,0.004791745350723965
2022-03-18,-0.0026742596779565047
2022-03-21,0.001171782393449554
2022-03-22,-0.002030931526500981
2022-03-23,0.0014812346879312216
2022-03-24,0.0037345841961403496
2022-03-25,-0.0021705603626435864
2022-03-28,-0.0030331690457920577
2022-03-29,-0.002405691926986136
2022-03-30,0.00206158826158548
2022-03-31,9.440747519481373e-05
2022-04-01,-0.002510537141311093
2022-04-04,-0.0003099019058856166
2022-04-05,-0.0002999173400774449
2022-04-06,-0.0003918577453437498
2022-04-07,0.0014967350271667568
2022-04-08,0.00045781695736209866
2022-04-11,0.0008434938248780559
2022-04-12,0.003928375271310469
2022-04-13,0.0018183683720226322
2022-04-14,-0.003911532252500252
2022-04-18,0.005359015605133456
2022-04-19,-0.013046287444664859
2022-04-20,-0.0011599402996022635
2022-04-21,-0.004302468253836789
2022-04-22,-0.0017660909057312772
2022-04-25,-0.0029006525199739837
2022-04-26,-0.0006464484100955264
2022-04-27,-0.0003013925522175597
2022-04-28,-0.0011846880629654004
2022-04-29,-0.00032503172233075243
2022-05-02,-0.0018280252349071428
2022-05-03,0.00017932755059546748
2022-05-04,-0.000601143888529109
2022-05-05,8.922023365878067e-05
2022-05-06,-0.00017579066060746437
2022-05-09,-0.0012770222361757364
2022-05-10,-0.0009448823005200748
2022-05-11,0.0003927335189077457
2022-05-12,-0.0019320337099206267
2022-05-13,0.000574181338060537
2022-05-16,0.0013786466770577958
2022-05-17,0.0004924871998250155
2022-05-18,-0.0004927387198442284
2022-05-19,0.0008899737664474607
2022-05-20,-0.0005490607044067658
2022-05-23,0.00013083850786919926
2022-05-24,0.0008217666096970403
2022-05-25,-0.0004830796662082928
2022-05-26,0.00019454526605271048
2022-05-27,0.00028475923889116915
2022-05-31,-0.0009734360018294023
2022-06-01,0.0005650284785606222
2022-06-02,0.0008715239553755344
2022-06-03,-0.0017557914834667194
2022-06-06,0.00046216590120551636
2022-06-07,0.00018596915695663985
2022-06-08,-0.0005402178529283127
2022-06-09,-0.0017925962752747535
2022-06-10,0.0002993761974015821
2022-06-13,-0.0017379840685477364
2022-06-14,-0.0007947057700027966
2022-06-15,0.001252133843613308
2022-06-16,0.0012222432877950727
2022-06-17,-0.00075634157224225
2022-06-21,0.0004719830261319131
2022-06-22,-0.0008973243294391268
2022-06-23,-0.000985449562293894
2022-06-24,0.00022467552335750604
2022-06-27,0.0001145585791757771
2022-06-28,-0.0009624358060612955
2022-06-29,-0.00034894210703502243
2022-06-30,-0.0010506242979428297
2022-07-01,-0.0018999334863124236
2022-07-05,-0.0015644651802748848
2022-07-06,9.743604527544555e-05
2022-07-07,0.00010906269267545085
2022-07-08,0.00013238502934414845
2022-07-11,-0.00029349888243444485
2022-07-12,-0.000495660109572545
2022-07-13,0.000711407743809992
2022-07-14,-0.0028483023493739274
2022-07-15,0.0011734558970424877
2022-07-18,0.000737001152454419
2022-07-19,-0.00036223919812125994
2022-07-20,-9.3406743645949e-05
2022-07-21,0.00014487071436519058
2022-07-22,-0.0003070609443436422
2022-07-25,-0.0008808198207372157
2022-07-26,0.0005934785771415361
2022-07-27,0.00020083358433029477
2022-07-28,0.003862907300347263
2022-07-29,0.0009334658988544461
2022-08-01,0.00042388486379602117
2022-08-02,-0.0020127225084371316
2022-08-03,-0.0026093700767110747
2022-08-04,0.002171063462611344
2022-08-05,-0.003502818595185159
2022-08-08,0.008162449041083835
2022-08-09,-0.0024088235002289
2022-08-10,0.005114141674536367
2022-08-11,-0.00949851096435718
2022-08-12,0.005329845273087012
2022-08-15,-0.009570232332155077
2022-08-16,-0.002578522936612689
2022-08-17,-0.002415269265780344
2022-08-18,-0.0006776560633680122
2022-08-19,-0.0010184751194579754
2022-08-22,-0.000493013780010969
2022-08-23,0.0003740547117886976
2022-08-24,-0.00031254646394482096
2022-08-25,0.0005805872418355129
2022-08-26,-0.0009859440638827315
2022-08-29,-0.000501374607366692
2022-08-30,-0.001083915835435833
2022-08-31,-0.001110353831556556
2022-09-01,-0.0006033218266098551
2022-09-02,0.0006510871638852946
2022-09-06,5.428802501030389e-05
2022-09-07,0.0009760866028387745
2022-09-08,0.0005404494805343702
2022-09-09,0.0009088122569838956
2022-09-12,0.0029860855883776754
2022-09-13,-0.0009506299188714691
2022-09-14,0.000360628365290284
2022-09-15,-0.002516397766002337
2022-09-16,0.001044539343574214
2022-09-19,-0.0002093488347166328
2022-09-20,-0.00184068613183778
2022-09-21,0.0024729772150516695
2022-09-22,0.0015564415297572233
2022-09-23,-0.011060149915922093
2022-09-26,-0.0012064345097705241
2022-09-27,-0.0004230057832117992
2022-09-28,0.0015426875053386106
2022-09-29,-0.0005143088736618702
2022-09-30,0.0009798812994097073
2022-10-03,0.004240293716589968
2022-10-04,0.006013005562999031
2022-10-05,-0.010420163965416118
2022-10-06,0.00222520518240195
2022-10-07,-0.007704288980496276
2022-10-10,-0.010625475269304284
2022-10-11,-0.0011807561966572862
2022-10-12,-0.002188150107151053
2022-10-13,-4.653523057855005e-05
2022-10-14,-0.0019634962770452543
2022-10-17,0.001606753839638486
2022-10-18,-0.00024227047985468458
2022-10-19,-0.0005558122539843878
2022-10-20,0.0007905096043917765
2022-10-21,0.0008871289188240748
2022-10-24,0.00030215903650787293
2022-10-25,0.0003779823822634978
2022-10-26,0.0003018544445880802
2022-10-27,-1.079676260387688e-05
2022-10-28,-0.0017993310816341204
2022-10-31,-7.763639848359e-05
2022-11-01,0.0019170780229561014
2022-11-02,-0.0004952416080213288
2022-11-03,-0.0013593303397914898
2022-11-04,0.007212446607127249
2022-11-07,0.0015504654833577425
2022-11-08,0.01172884648348776
2022-11-09,-0.0044691890785502975
2022-11-10,0.009542274445228295
2022-11-11,-0.0007758071867038859
2022-11-14,0.011663099178609294
2022-11-15,-0.015194141850401306
2022-11-16,0.00013162440678268376
2022-11-17,-0.014552195904772707
2022-11-18,0.00019556249020657952
2022-11-21,-0.0007018753740789218
2022-11-22,0.0005258639942290916
2022-11-23,0.0008849069706569628
2022-11-25,0.0004375749222377356
2022-11-28,-0.004920071974546992
2022-11-29,0.0011881380092226737
2022-11-30,0.002778642948219337
2022-12-01,0.02078126391446127
2022-12-02,0.010545406439861345
2022-12-05,-0.02172242780964389
2022-12-06,-0.0015876265997088028
2022-12-07,0.008746870009390879
2022-12-08,0.007099676569704187
2022-12-09,0.011682445401252323
2022-12-12,-0.00764019658273231
2022-12-13,0.014283095197319306
2022-12-14,0.0034775700601912102
2022-12-15,-0.019499666891987198
2022-12-16,0.0005277738031536831
2022-12-19,-0.002332364618790078
2022-12-20,0.016399643062784932
2022-12-21,-0.0014253632076926175
2022-12-22,-0.013577460985677135
2022-12-23,0.0055059458260711125
2022-12-27,0.0058066572000170956
2022-12-28,-0.009014025438400075
2022-12-29,0.009399115537150365
2022-12-30,-0.005198274047174333
2023-01-03,0.004783955329147314
2023-01-04,-0.006439583377080936
2023-01-05,-0.012417325608198573
2023-01-06,0.007366774603569176
2023-01-09,-0.0018476864554026408
2023-01-10,-0.0034845697128908434
2023-01-11,-0.0024432458780329677
2023-01-12,0.005507852273628876
2023-01-13,0.005437089139600034
2023-01-17,-0.00641335227221386
2023-01-18,-0.009419796240857956
2023-01-19,0.0033261544852559543
2023-01-20,0.0011178828603255037
2023-01-23,-0.005567459442159739
2023-01-24,0.002229168952874201
2023-01-25,0.0021129407583151036
2023-01-26,0.0012379857385076876
2023-01-27,-0.00659573475364998
2023-01-30,0.0013869020528549242
2023-01-31,0.0011867809543731702
2023-02-01,-0.003226970770252061
2023-02-02,0.00015276414152587563
2023-02-03,-0.014113199951313467
2023-02-06,-0.0014694579625273185
2023-02-07,-0.0005763809565590025
2023-02-08,0.0019547101046279453
2023-02-09,-0.0020874944529535
2023-02-10,-0.0005028499728192442
2023-02-13,-0.0013743649866714354
2023-02-14,0.0001542081375488852
2023-02-15,-0.0019101931600986313
2023-02-16,0.000679171308710496
2023-02-17,4.890304425495996e-05
2023-02-21,0.000855385469466782
2023-02-22,-0.0010177297095128961
2023-02-23,-0.0012611070532556974
2023-02-24,-0.00174666732189276
2023-02-27,-0.000493255293014259
2023-02-28,0.0010623693083227264
2023-03-01,-7.203043236436487e-06
2023-03-02,-0.0006948750377288205
2023-03-03,0.0011882748346723022
2023-03-06,-0.00038995564854202053
2023-03-07,-0.0033443859977904875
2023-03-08,-0.0001843879435045936
2023-03-09,7.544385235528924e-05
2023-03-10,0.0013189200167257685
2023-03-13,0.0052517113426947875
2023-03-14,0.00047092248801670585
2023-03-15,-0.0005490224361440047
2023-03-16,-0.0010900050884549537
2023-03-17,0.0044696944946263336
2023-03-20,0.0021031806953277833
2023-03-21,-0.0032422389575362076
2023-03-22,0.005466793871053577
2023-03-23,0.009223082844110716
2023-03-24,0.002309947907841517
2023-03-27,-0.004905981180716429
2023-03-28,0.0069060128729090415
2023-03-29,0.001426977868277191
2023-03-30,0.014402334562936063
2023-03-31,0.004659410762064382
2023-04-03,-0.003588944145517792
2023-04-04,0.028900122886856908
2023-04-05,-0.0015091994856592519
2023-04-06,0.0015896934370602542
2023-04-10,-0.004578180699578905
2023-04-11,0.007341835813001892
2023-04-12,0.0069529244072500255
2023-04-13,0.011841682879958322
2023-04-14,-0.011131820641016626
2023-04-17,-0.009340000639603375
2023-04-18,0.004951136759923236
2023-04-19,0.002512889630385646
2023-04-20,2.938583528603112e-05
2023-04-21,-0.007243833344429187
2023-04-24,0.004914758168023858
2023-04-25,-0.008274008754737409
2023-04-26,-9.838733559910535e-05
2023-04-27,0.001836839863840358
2023-04-28,0.0002612426686887841
2023-05-01,0.00015031866613035745
2023-05-02,0.007066011378693665
2023-05-03,0.0017525288220572408
2023-05-04,0.015555509780851247
2023-05-05,-0.007951126545938231
2023-05-08,-0.002946657849667704
2023-05-09,0.001714537632009686
2023-05-10,-0.006563690309468047
2023-05-11,-0.02961892554151851
2023-05-12,-0.00391138725480425
2023-05-15,0.0018346291748424037
2023-05-16,-0.005270392585473281
2023-05-17,0.00019325257127738717
2023-05-18,-0.003066126140443049
2023-05-19,0.005114436432792536
2023-05-22,-0.002101180547950318
2023-05-23,-0.0024915141460478516
2023-05-24,-0.003760701972015925
2023-05-25,-0.0029606659164826687
2023-05-26,0.004130874606094192
2023-05-30,-0.000804119420315279
2023-05-31,0.0024524747131386814
2023-06-01,0.002775977498155041
2023-06-02,-0.0015790829923646302
2023-06-05,-0.0007491704475755365
2023-06-06,0.0002761933136462051
2023-06-07,-0.000930595463165634
2023-06-08,0.005719722787701097
2023-06-09,0.00045231628718526154
2023-06-12,-0.003127839012014747
2023-06-13,-0.0018099682719462497
2023-06-14,0.001607068032323984
2023-06-15,-0.0008435275923282195
2023-06-16,0.001010873706233112
2023-06-20,-0.006788935815986644
2023-06-21,-0.002182073597687435
2023-06-22,-0.001792619860455007
2023-06-23,-0.0005938275437525556
2023-06-26,0.0016974656615935102
2023-06-27,0.0004668769118424294
2023-06-28,-0.0002459291435265202
2023-06-29,-0.0009624620095986064
2023-06-30,0.0007702642396923388
2023-07-03,0.0002995758166952344
2023-07-05,0.0010445736847297705
2023-07-06,-0.0017503308084241137
2023-07-07,0.001421993259876489
2023-07-10,0.00020301210489335225
2023-07-11,-0.00022308264477183506
2023-07-12,0.0035248189932160006
2023-07-13,0.004822494288463732
2023-07-14,0.003545693008272299
2023-07-17,-0.003544889082166815
2023-07-18,0.00559441799809662
2023-07-19,0.0038950449371092746
2023-07-20,-0.011880829709279993
2023-07-21,-0.0031498160041744197
2023-07-24,-0.006732933501509777
2023-07-25,0.004866827374814287
2023-07-26,0.002385374032318842
2023-07-27,-0.009691065072089826
2023-07-28,0.001173544714210174
2023-07-31,0.004181293887159169
2023-08-01,-0.008516701849090352
2023-08-02,-0.0035079023730376657
2023-08-03,-0.0010294842776617356
2023-08-04,0.00019131912780168044
2023-08-07,-0.002927644198585527
2023-08-08,-0.0026856817642266625
2023-08-09,-0.00030701306727019855
2023-08-10,0.00044120736017928293
2023-08-11,-0.0003389248395568843
2023-08-14,-9.620519407667162e-05
2023-08-15,-0.0001573390491050979
2023-08-16,-0.0003700667848317793
2023-08-17,0.0006145454209729843
2023-08-18,8.018208103064075e-05
2023-08-21,0.0019511173993482865
2023-08-22,0.00036192622381491066
2023-08-23,0.0029276599349728903
2023-08-24,-0.00047707345668682535
2023-08-25,3.6683098625719165e-05
2023-08-28,0.00012742848602476594
2023-08-29,0.007161435276680741
2023-08-30,-0.0008922419448404539
2023-08-31,-0.006345242779001569
2023-09-01,-0.005550216898262087
2023-09-05,-0.011323812043473068
2023-09-06,-0.0017624606656318474
2023-09-07,-0.0013114116456226389
2023-09-08,-0.00021225289135567822
2023-09-11,0.0007741118638943125
2023-09-12,8.724689644952476e-05
2023-09-13,-0.000780770778580982
2023-09-14,-0.0006011582512148708
2023-09-15,0.001395574392866946
2023-09-18,0.00038495781541064163
2023-09-19,-0.00013737329337075327
2023-09-20,0.0013940855595226144
2023-09-21,-0.00048085397662191094
2023-09-22,0.0005445242051809755
2023-09-25,-0.0016052491405494746
2023-09-26,-0.0007075886146039312
2023-09-27,-0.0017309474916767861
2023-09-28,0.00014198765411883272
2023-09-29,-0.0010407233939775423
2023-10-02,-0.0038449886314609128
2023-10-03,-0.0001583323203065621
2023-10-04,-0.0008803844800538101
2023-10-05,-0.0004328313202258199
2023-10-06,0.002787703921677388
2023-10-09,0.0007837016817734777
2023-10-10,0.00013520437621310078
2023-10-11,0.0006980854313473826
2023-10-12,-0.0006311279823333058
2023-10-13,0.003603448956334763
2023-10-16,-0.00043235743748366786
2023-10-17,0.0009148475395314556
2023-10-18,0.0005705902915411807
2023-10-19,-0.0006016734735970454
2023-10-20,0.005452395544049222
2023-10-23,-0.004826432417562813
2023-10-24,-0.0014892951467010852
2023-10-25,-0.0015405153608490996
2023-10-26,-0.0012347400177175288
2023-10-27,-0.00010479964980422533
2023-10-30,0.0017310676714164615
2023-10-31,-0.007113102085639814
2023-11-01,-0.0010827082235187785
2023-11-02,0.00020608720295013175
2023-11-03,0.0013120675517656352
2023-11-06,-0.000861680795902818
2023-11-07,-0.013800707176929843
2023-11-08,0.0006555916560764745
2023-11-09,0.0005937286084471254
2023-11-10,-0.001971678159733472
2023-11-13,0.00027631970498336104
2023-11-14,0.0025398791281829093
2023-11-15,0.0021487978853924135
2023-11-16,0.007469070736026002
2023-11-17,-0.002334357866466604
2023-11-20,-0.007397924487692561
2023-11-21,0.007849945792833907
2023-11-22,-0.005595028208913024
2023-11-24,0.021652019351493006
2023-11-27,0.01099863152433126
2023-11-28,0.008157979989362275
2023-11-29,0.004443599865749992
2023-11-30,0.0068765267180240005
2023-12-01,0.006353863327316107
2023-12-04,-0.02889301571493289
2023-12-05,-0.010793990469187144
2023-12-06,-0.0049412468361513286
2023-12-07,-0.0013928269319769774
2023-12-08,-0.0045774700674215164
2023-12-11,-0.0012410897783890625
2023-12-12,-0.0002119321683987873
2023-12-13,-0.00041998723443461986
2023-12-14,0.006902500125112139
2023-12-15,-0.0010164712156734226
2023-12-18,-0.00011781920700914056
2023-12-19,0.0006189759584210933
2023-12-20,0.001466658091302324
2023-12-21,-0.0003468682040948676
2023-12-22,-0.0001733579604948503
2023-12-26,-0.0014900491754168159
2023-12-27,0.0023515938673413523
2023-12-28,-0.0031591933362472503
2023-12-29,-0.002023143023006545
2024-01-02,-0.0005312474008822159
2024-01-03,-0.0035016925616570107
2024-01-04,0.00019789230348374242
2024-01-05,0.0006109212280214987
2024-01-08,-1.8446372728281263e-05
2024-01-09,-0.0006963987451872734
2024-01-10,-6.508429904783556e-05
2024-01-11,-0.0011302817378827318
2024-01-12,0.002067154499084897
2024-01-16,-0.0007369679875793993
2024-01-17,-0.0013553891960988264
2024-01-18,0.0004998872418596555
2024-01-19,-0.000315696135904553
2024-01-22,-0.0013474026355365966
2024-01-23,0.0005751159303968539
2024-01-24,0.001405089991145862
2024-01-25,0.00017361993358565016
2024-01-26,-0.00017321647427394918
2024-01-29,0.0012546208263927187
2024-01-30,-9.986810951369999e-05
2024-01-31,-0.00018064735191286873
2024-02-01,0.0002145150574105992
2024-02-02,-0.003956022196041333
2024-02-05,-0.0011300940679136726
2024-02-06,0.0001820218167612988
2024-02-07,-0.00035996631772605844
2024-02-08,0.0009029919010502967
2024-02-09,-0.00011493471944609861
2024-02-12,0.0005631609290666971
2024-02-13,-0.0018920774025051885
2024-02-14,0.0007454679107941017
2024-02-15,0.001823669328078661
2024-02-16,0.0015927905969675587
2024-02-20,-0.0019157976949885614
2024-02-21,-0.0015090994726056663
2024-02-22,-0.0002454346024888921
2024-02-23,0.0005843914377660016
2024-02-26,-0.0012833240698132192
2024-02-27,1.73787518424108e-05
2024-02-28,-0.0003271868558371798
2024-02-29,0.0007449708930412414
2024-03-01,0.0013925478018546615
2024-03-04,0.001701225093061561
2024-03-05,-0.0002696938301962351
2024-03-06,0.011193713577194762
2024-03-07,0.002837097584862651
2024-03-08,-0.0010155267469120514
2024-03-11,0.005674436066037204
2024-03-12,-0.010356908965167933
2024-03-13,0.025242752008197172
2024-03-14,-0.002718756834201351
2024-03-15,0.010462983436243248
2024-03-18,-0.0034531373841699426
2024-03-19,-0.004040780811460199
2024-03-20,-0.0009913630419271372
2024-03-21,-0.002689590354054726
2024-03-22,-0.005094620510878337
2024-03-25,0.0013516848345408669
2024-03-26,-0.006745237689200019
2024-03-27,0.0021484649621667977
2024-03-28,0.002561975760944377
2024-04-01,0.002828748406395186
2024-04-02,0.021391058161882266
2024-04-03,0.038255961676331426
2024-04-04,0.006239749720134016
2024-04-05,0.007603707950248536
2024-04-08,0.009037867094972594
2024-04-09,0.00512682822424719
2024-04-10,0.001992019476608884
2024-04-11,0.006103059342425803
2024-04-12,0.002214895327289749
2024-04-15,0.011613156966807143
2024-04-16,-0.009630586216510396
2024-04-17,0.0008193020805565308
2024-04-18,-0.0004969500117164025
2024-04-19,0.01401053934653335
2024-04-22,-0.04589910573835707
2024-04-23,0.0032240551423009666
2024-04-24,-0.00015921061654866202
2024-04-25,0.0003514176732239108
2024-04-26,-0.0019825314588841547
2024-04-29,0.0023919340578296582
2024-04-30,-0.017708705700425844
2024-05-01,0.0018192832878427252
2024-05-02,0.0015892363002416871
2024-05-03,-0.002324895594834031
2024-05-06,0.015632519421542375
2024-05-07,-0.000971699318790966
2024-05-08,0.0009315661088818879
2024-05-09,0.01426435286691056
2024-05-10,0.002929308322070115
2024-05-13,-0.001315861268843952
2024-05-14,0.007029328849593373
2024-05-15,0.02713422352888658
2024-05-16,0.004019125648755433
2024-05-17,0.036596838292140804
2024-05-20,0.02928489500922544
2024-05-21,-0.0076898228955882735
2024-05-22,-0.01321317609564101
2024-05-23,-0.023740152566140725
2024-05-24,0.0010899915479146407
2024-05-28,0.03501321684629424
2024-05-29,0.005105209079435377
2024-05-30,-0.016885428935689065
2024-05-31,-0.02323588823484473
2024-06-03,0.005847646803199419
2024-06-04,-0.01759534024171294
2024-06-05,0.006148756350324669
2024-06-06,0.01708501355075677
2024-06-07,-0.026581860249302702
2024-06-10,0.004325650611448223
2024-06-11,-0.006246553099451023
2024-06-12,0.010454998026201923
2024-06-13,-0.009839582347424587
2024-06-14,0.0035579762869666154
2024-06-17,-0.0006556397949404481
2024-06-18,0.0015366818469384528
2024-06-20,0.010775489424522505
2024-06-21,-0.008601464773752846
2024-06-24,-0.0006250305965395117
2024-06-25,-0.00486527169079466
2024-06-26,0.0005494203298242363
2024-06-27,6.849741959635044e-05
2024-06-28,0.0024274038725154872
2024-07-01,0.00047416022791877874
2024-07-02,0.00039805128562620255
2024-07-03,0.008958484729195712
2024-07-05,0.006023775353418142
2024-07-08,-0.0076115092655653525
2024-07-09,0.0015605779130570512
2024-07-10,-0.0004635250057338367
2024-07-11,0.0074084397565292726
2024-07-12,-0.007448309834426782
2024-07-15,-0.0032094374037850925
2024-07-16,0.006679215540212562
2024-07-17,-0.015998426846888583
2024-07-18,-0.0012588367947078175
2024-07-19,-0.00807877366550503
2024-07-22,0.00033066597379221695
2024-07-23,6.390030115564793e-05
2024-07-24,-0.00012938190639461662
2024-07-25,-0.010590379487974816
2024-07-26,0.0004346036934435469
2024-07-29,-0.0010572310659806507
2024-07-30,0.004483104688640779
2024-07-31,0.002722388637581795
2024-08-01,-0.0024379155515669416
2024-08-02,-0.0004708944862168684
2024-08-05,-0.006501299637470328
2024-08-06,0.00010453363900840948
2024-08-07,-0.0011676140080958373
2024-08-08,0.0029701324346631274
2024-08-09,-5.622747796176348e-05
2024-08-12,0.0018606430401476132
2024-08-13,-0.0009458147950370756
2024-08-14,-0.001903839181146043
2024-08-15,0.003426548349122027
2024-08-16,0.001320429773780217
2024-08-19,0.0013575128649114083
2024-08-20,0.0011066656384003206
2024-08-21,0.00014841145466957273
2024-08-22,-0.005065805564656681
2024-08-23,0.0067169533363025755
2024-08-26,0.002324035532575373
2024-08-27,-0.0003962197979633661
2024-08-28,-0.01270953400539294
2024-08-29,0.0035650735718301065
2024-08-30,-0.007669328755530401
2024-09-03,-0.003797192905667059
2024-09-04,0.0010808714149166507
2024-09-05,0.0027460129211495745
2024-09-06,-0.004451104579810054
2024-09-09,0.0018724653832522494
2024-09-10,-0.0001295604026276071
2024-09-11,0.001167432118697017
2024-09-12,0.0044375650389472795
2024-09-13,0.0051339523956561136
2024-09-16,0.0007513174775858896
2024-09-17,-0.002396306302409879
2024-09-18,-0.004986581121622094
2024-09-19,0.01361456851635318
2024-09-20,0.00158920801158714
2024-09-23,-0.00790574741657162
2024-09-24,0.02632410877028237
2024-09-25,-0.00775061097893805
2024-09-26,0.0062166667345016835
2024-09-27,-0.009521449025038611
2024-09-30,-0.006827837836070497
2024-10-01,0.004214289017486101
2024-10-02,0.0027034176600624358
2024-10-03,0.009244201952467042
2024-10-04,-0.001163852131336944
2024-10-07,-0.007321193129755884
2024-10-08,-0.026972579368409178
2024-10-09,0.0007622025020030479
2024-10-10,0.004745679914235889
2024-10-11,0.0041131605033835296
2024-10-14,-0.004472033145273968
2024-10-15,0.004086188467737034
2024-10-16,0.002504628515937569
2024-10-17,-0.0025259423432282438
2024-10-18,0.019779078669836494
2024-10-21,0.0147044530801029
2024-10-22,0.016482871391119973
2024-10-23,-0.01984293202915885
2024-10-24,-0.0005130424260357441
2024-10-25,-0.00012796878889143355
2024-10-28,0.0036322611023885377
2024-10-29,0.006956153477268651
2024-10-30,-0.00630088618491819
2024-10-31,-0.02268311038969197
2024-11-01,-0.0013235001834928678
2024-11-04,-0.0006131444580583579
2024-11-05,0.0017339380340073542
2024-11-06,-0.014143499948496
2024-11-07,0.004955977387833878
2024-11-08,-0.003635428332360387
2024-11-11,-0.007441138765179606
2024-11-12,0.0011577978749022534
2024-11-13,-0.0007576754024704775
2024-11-14,-0.0006492133812679698
2024-11-15,-0.0010975419024937313
2024-11-18,0.005447945617697555
2024-11-19,0.0003016760044406203
2024-11-20,-0.0016869521851295669
2024-11-21,-0.00029693539867477246
2024-11-22,0.0026830543503723416
2024-11-25,-0.007344856517095513
2024-11-26,0.0010027086046227515
2024-11-27,-0.0015512448073167547
2024-11-29,0.0032440555994666235
2024-12-02,-0.0013088444077837423
2024-12-03,0.0035098521616582787
2024-12-04,0.002343722565717894
2024-12-05,-0.002003985479461722
2024-12-06,0.00028423059260391045
2024-12-09,0.005609799439606312
2024-12-10,0.0009190524277713063
2024-12-11,0.0016783483382296878
2024-12-12,-0.013989589867157887
2024-12-13,-0.0030422534049802685
2024-12-16,0.0002271595737116185
2024-12-17,-0.0006697498822520067
2024-12-18,-0.0008839644743792497
2024-12-19,-0.007190461342138904
2024-12-20,0.002225601129529483
2024-12-23,0.0008794259352434964
2024-12-24,0.0003291835846973219
2024-12-26,0.0002786199547502931
2024-12-27,-0.0015017533394528877
2024-12-30,-0.0015479900540227678
2024-12-31,-0.00047689243873697386
2025-01-02,0.0019705128146988403
2025-01-03,0.0005193945809663155
2025-01-06,0.0015036766519471295
2025-01-07,0.00028936435576039913
2025-01-08,1.37292406605769e-05
2025-01-09,0.0009308478715041831
2025-01-10,0.0007864642403188659
2025-01-13,-0.005743482246846833
2025-01-14,0.00011340825008478251
2025-01-15,0.003241035899892429
2025-01-16,0.0013205239873093106
2025-01-17,-0.006360373222799415
2025-01-21,0.002593393331517516
2025-01-22,-0.0007357484185533287
2025-01-23,-0.005842018697538998
2025-01-24,0.001930196430533477
2025-01-27,-0.005231677089239874
2025-01-28,0.001465478265139137
2025-01-29,0.001526808061995525
2025-01-30,0.007154812691617508
2025-01-31,-0.0032648197244316683
2025-02-03,0.004048712445232659
2025-02-04,0.009828895924569342
2025-02-05,-0.0006050785319000121
2025-02-06,-0.00662257217527886
2025-02-07,-0.0036123679917658058
2025-02-10,0.0011220117477484719
2025-02-11,-0.0030680417881379174
2025-02-12,0.00708623788379462
2025-02-13,-0.0008019595256843713
2025-02-14,0.0026609607609287267
2025-02-18,0.010940302179664666
2025-02-19,-0.006763092246824245
2025-02-20,0.009506472329713637
2025-02-21,-0.009731744442890345
2025-02-24,-0.008510684055326305
2025-02-25,-0.012326490575127535
2025-02-26,0.004446766161716892
2025-02-27,-0.004404702335159812
2025-02-28,-0.004490170828950489
2025-03-03,0.006377456985273813
2025-03-04,0.000488538963216829
2025-03-05,0.004792246304628404
2025-03-06,0.0015979678194902947
2025-03-07,-0.006681632703967587
2025-03-10,-0.00332139701198991
2025-03-11,0.006142702223290147
2025-03-12,0.007718710258642449
2025-03-13,0.010402768306598635
2025-03-14,0.0028665469043033555
2025-03-17,-0.0023722387219608718
2025-03-18,0.010636795524549802
2025-03-19,-0.01253630423673378
2025-03-20,-0.0039925043253249215
2025-03-21,-0.010586898442989386
2025-03-24,-0.00044544302991218954
2025-03-25,0.009701454161303254
2025-03-26,0.000443913543875416
2025-03-27,0.014251864720685107
2025-03-28,-0.0054093961328918186
2025-03-31,-0.004027479895930784
2025-04-01,-0.006494312800657084
2025-04-02,0.006771845183731651
2025-04-03,-0.05782926585727547
2025-04-04,-0.020016281588712655
2025-04-07,0.001793990383672242
2025-04-08,0.0002719193560841369
2025-04-09,0.002417382165929081
2025-04-10,0.0011230736865249444
2025-04-11,0.0036690660162235146
2025-04-14,0.0005516060116250597
2025-04-15,0.000275545544477542
2025-04-16,0.0014040250277936085
2025-04-17,-0.0018612840644480746
2025-04-21,0.00027163310055994933
2025-04-22,0.0018952084784330256
2025-04-23,0.00442484383291897
2025-04-24,-0.0003454427273304175
2025-04-25,-0.0052714806279553095
2025-04-28,-3.839857358622419e-06
2025-04-29,0.0019058885574913447
2025-04-30,-0.0066118479922268065
2025-05-01,-0.0013124030813362096
2025-05-02,-0.0007756392246309881
2025-05-05,0.0008429384161323391
2025-05-06,0.0035045178245718765
2025-05-07,-0.0030916447806135813
2025-05-08,-0.0006632835233179163
2025-05-09,0.0012979927642829143
2025-05-12,-0.001255673010410262
2025-05-13,0.0014489147961365492
2025-05-14,-0.0028829506169126776
2025-05-15,0.000783680968062836
2025-05-16,-0.0009848741567509702
2025-05-19,0.00047736377326399934
2025-05-20,0.002044366054949874
2025-05-21,0.0013930209877498817
2025-05-22,-0.0036258451289639397
2025-05-23,0.0028557285821836243
2025-05-27,-0.003836266641853796
2025-05-28,-0.001742885672158409
2025-05-29,0.0026752058324521276
2025-05-30,-0.005108540634379321
2025-06-02,0.015859874383864034
2025-06-03,-0.0010283573005484754
2025-06-04,0.0002966200382029123
2025-06-05,0.021676653934983244
2025-06-06,0.006021063759336423
2025-06-09,0.011769923004015363
2025-06-10,-0.002545035414788095
2025-06-11,-0.00658051949481064
2025-06-12,0.0008311335889203355
2025-06-13,0.001200854466217769
2025-06-16,0.0017275361346731934
2025-06-17,0.012489745351101424
2025-06-18,-0.004053284380700117
2025-06-20,-0.01624921283739532
2025-06-23,0.002522136366393964
2025-06-24,-0.005903415758455505
2025-06-25,0.004362898646714784
2025-06-26,0.006165262362608774
2025-06-27,-0.00870154999685321
2025-06-30,-0.0026162843543980348
2025-07-01,0.002780284604474125
2025-07-02,0.0040950799965387774
2025-07-03,0.005419051434061536
2025-07-04,-0.000171731621328451
2025-07-07,-0.0030541339373141886
2025-07-08,-0.0027415925778748883
2025-07-09,-0.0023579622751074857
2025-07-10,0.01139546196892111
2025-07-11,0.03221406809727416
2025-07-14,-0.00403037049731165
2025-07-15,-0.011893462567461452
2025-07-16,0.00036582502944993356
2025-07-17,0.003906365576131011
2025-07-18,0.0031964794086092943
2025-07-21,0.016732077744946873
2025-07-22,0.0040797281766746735
2025-07-23,-0.0007780597386839182
2025-07-24,-0.004766095706887628
2025-07-25,-0.015953845483320274
2025-07-28,-0.0025853057399137865
2025-07-29,0.0008227563767173817
2025-07-30,-0.006879373426080656
2025-07-31,-0.012047808690171078
2025-08-01,0.002869599865568649
2025-08-04,0.004913906892221623
2025-08-05,0.005940434189656391
2025-08-06,0.0009356019350072446
2025-08-07,0.0046093578796693796
2025-08-08,0.003534555229916399
2025-08-11,-0.012119763979029786
2025-08-12,0.003247440038199919
2025-08-13,0.008136076953305123
2025-08-14,-0.008466611203790135
2025-08-15,-0.0013373416017407923
2025-08-18,0.0007564218401836874
2025-08-19,-0.008552463482667645
2025-08-20,0.005605249037291748
2025-08-21,0.0040171795262902345
2025-08-22,0.012008061607629534
2025-08-25,-0.005756242756916408
2025-08-26,-0.001763765516722996
2025-08-27,0.0019760692452956
2025-08-28,0.0099638292390512
2025-08-29,0.019830038879494704
2025-09-02,0.01667123635854286
2025-09-03,0.008823944738997728
2025-09-04,-0.011687425040026948
2025-09-05,0.0030656982411379594
2025-09-08,0.006593999871298082
2025-09-09,-0.010178513548331946
2025-09-10,0.0047998636370289215
2025-09-11,0.010539669539667727
2025-09-12,0.01331886628281008
2025-09-15,0.0024684419165479565
2025-09-16,-0.0008707514138968571
2025-09-17,-0.014194204860086152
2025-09-18,-0.0002893542686440739
2025-09-19,0.015998020387366432
2025-09-22,0.023898371321933842
2025-09-23,0.007221900553339736
2025-09-24,-0.00755834673584876
2025-09-25,0.01691462557879765
2025-09-26,0.027442812827416636
2025-09-29,0.006808595793123209
2025-09-30,-0.006198970143432463
2025-10-01,0.018045186097037206
2025-10-02,-0.021955438860089098
2025-10-03,0.02794271132213372
2025-10-06,0.008189527186839659
2025-10-07,-0.014376954912891496
2025-10-08,0.02396584434085246
2025-10-09,-0.028414698363980934
2025-10-10,0.0014063863421438592
2025-10-13,0.04488554873833395
2025-10-14,0.0026623481948208475
2025-10-15,0.010015042707898313
2025-10-16,0.025347835407626668
2025-10-17,-0.03955339127331659
2025-10-20,0.016693371831177813
2025-10-21,-0.04391770359788215
2025-10-22,7.139556429751895e-05
2025-10-23,0.00727125966859682
2025-10-24,-0.0007320280363766874
2025-10-27,-0.012681137159739236
2025-10-28,0.0040869316648262845
2025-10-29,0.004274804009171663
2025-10-30,0.005007617449224817
2025-10-31,-0.0030291161702210036
2025-11-03,-0.000746509981350243
2025-11-04,-0.00535011345448355
2025-11-05,0.005256856230689041
2025-11-06,-0.0004872720970638233
2025-11-07,0.00157707187109932
2025-11-10,0.015187000331172623
2025-11-11,0.0034772485598265255
2025-11-12,0.02371609017129817
2025-11-13,-0.0026012129701998865
2025-11-14,-0.025184055184537982
2025-11-17,0.00031473792633228897
2025-11-18,-0.0014698909525900968
2025-11-19,0.0028657079762536603
2025-11-20,-0.004562552472703414
2025-11-21,-0.0027683654146646074
2025-11-24,0.0027780429533516057
2025-11-25,0.0041712963275743935
2025-11-26,0.012730689375895313
2025-11-28,0.03192827791220884
2025-12-01,0.01979055486652261
2025-12-02,-0.004227929652373953
2025-12-03,-0.0005709501353416229
2025-12-04,-0.009900884888638727
2025-12-05,0.014793756918993425
2025-12-08,-0.005876799289588439
2025-12-09,0.02208681203975921
2025-12-10,0.0018636217368462641
2025-12-11,0.031394067916729954
2025-12-12,-0.021440427489118653
2025-12-15,0.01373132713046134
2025-12-16,-0.002036038135962573
2025-12-17,0.030121224388705372
2025-12-18,-0.01326079698628801
2025-12-19,0.01861495956085605
2025-12-22,0.00796417560547467
2025-12-23,0.019056327521030998
2025-12-24,0.0038867771843481887
2025-12-26,0.03853386627398578
2025-12-29,-0.043493764861296275
2025-12-30,0.053981170651505074
2025-12-31,-0.04108374961923114
2026-01-02,0.002260014865638925
2026-01-05,0.025362012935561458
2026-01-06,0.02167543955360827
2026-01-07,-0.01594101088762863
2026-01-08,-0.011871370317318773
2026-01-09,0.01864231036801181
2026-01-12,0.024257608383378676
2026-01-13,0.005004262288609847
2026-01-14,0.019426020085202878
2026-01-15,0.003703375772851776
2026-01-16,-0.013767309808828208
2026-01-20,0.02319799690372294
2026-01-21,-0.0070805693134115485
2026-01-22,0.013648593449886568
2026-01-23,0.01723221087957143
2026-01-26,0.04687019910838501
2026-01-27,-0.027752839446145438
2026-01-28,0.024030663853810932
2026-01-29,0.002726497608837603
2026-01-30,-0.09501755639758912
2026-02-02,-0.0033825435261346406
2026-02-03,0.007671755176202595
2026-02-04,0.0012716341025860072
2026-02-05,-0.008531281297208386
2026-02-06,0.0002531183742180389
2026-02-09,0.006531510686657127
2026-02-10,-0.0021163559905710973
2026-02-11,0.0041449533165513275
2026-02-12,-0.009215344933783044
2026-02-13,0.0028690578886522633
2026-02-17,-0.00531940239690705
2026-02-18,0.005200511818156166
2026-02-19,6.793815824105389e-05
2026-02-20,0.005719675914512978
2026-02-23,0.004835931164871287
2026-02-24,0.0006717560260906712
2026-02-25,0.0024776024738662277
2026-02-26,-0.0026968302557098455
2026-02-27,0.004065760642728587
2026-03-02,-0.0029529578502365136
2026-03-03,-0.003778861579564142
2026-03-04,-0.000217625665843187
2026-03-05,-0.0007124228928067912
2026-03-06,0.0016218885159890108
2026-03-09,0.00016036718274758404
2026-03-10,0.003740503389441022
2026-03-11,-0.002806803506019223
2026-03-12,-0.0002889668550134278
2026-03-13,-0.0027605321481655185
2026-03-16,-0.0005006740910750375
2026-03-17,-0.0005683119042853513
2026-03-18,-0.0017934148430345498
2026-03-19,-0.005104829148031937
2026-03-20,-0.0013533900854398773
2026-03-23,-0.0002790257482018215
2026-03-24,0.00020277728965350202
2026-03-25,0.0027730852757120042
2026-03-26,-0.004033347726912544
2026-03-27,0.0017233135067870149
2026-03-30,0.0006970570762920512
2026-03-31,0.003863472545010819
2026-04-01,0.0009806387530499959
2026-04-02,-0.0025690081650861416
2026-04-06,-6.330977109166249e-05
2026-04-07,-0.0007151312152899554
2026-04-08,0.0029440095033257743
2026-04-09,0.0008711033616707311
2026-04-10,3.834196237718969e-05
2026-04-13,-0.0006530790986547718
2026-04-14,0.0031871606099969562
2026-04-15,6.427961473736045e-05
2026-04-16,-0.0012161906497366402
2026-04-17,0.00435255771491624
2026-04-20,-0.0023882523014642355
2026-04-21,-0.004847784790040943
2026-04-22,0.0014081435864116995
2026-04-23,-0.0022631155475320492
2026-04-24,0.000883194999782115
2026-04-27,-0.0013117168756504283
2026-04-28,-0.0017404695703417512
2026-04-29,-0.001622554068117661
2026-04-30,0.0019933933616860166
2026-05-01,0.0023864077997505133
2026-05-04,-0.0027520991143306943
2026-05-05,3.577216934333079e-05
2026-05-06,0.0036774303873667318
2026-05-07,0.0027316846458796226
2026-05-08,0.0006179986607642576
2026-05-11,0.0075762526843385055
2026-05-12,-0.0007434170314883136
2026-05-13,0.009692277418914052
2026-05-14,-0.01203900934027296
2026-05-15,-0.01954358153373844
2026-05-18,-0.00011399204945518405
2026-05-19,-0.002911239278784248
2026-05-20,0.0013570076574177434
2026-05-21,0.0005097568947413342
2026-05-22,-0.0004682536445683647
2026-05-26,0.0003728305507936131
2026-05-27,-0.0015354639928935971
2026-05-28,0.0009629660542284734
2026-05-29,-2.632819083701254e-05
2026-06-01,-0.0005531109753076332
2026-06-02,0.0002783398373834414
2026-06-03,-0.0016733652143321532
2026-06-04,0.0002832125075478869
2026-06-05,-0.004501597717546997
2026-06-08,-0.0005160015019685493
2026-06-09,-0.003343283894473744
2026-06-10,-0.0005222517683059638
2026-06-11,-0.0007696794045764217
2026-06-12,0.0020737911357213753
2026-06-15,0.0010842532760374163
2026-06-16,-7.945923637622643e-05
2026-06-17,0.00038012066295128806
2026-06-18,-0.00209421781657544
2026-06-22,-0.0003663081439178407
2026-06-23,-0.0017842315006462916
2026-06-24,-0.002132926454520097
2026-06-25,0.00016998569350438445
2026-06-26,0.0004965114573939773
2026-06-29,-0.00058662014969011
2026-06-30,0.0007461239453419151
2026-07-01,0.00034079148918403113
2026-07-02,0.0003096034507233549
2026-07-06,0.0007020124026617523
2026-07-07,-0.0005324764299137976
2026-07-08,-0.0015139318139241124
2026-07-09,0.0014478191282142581
