signal_time,entry_time,direction,confidence,volume,entry_price,sl,tp,sl_pips,tp_pips,exit_time,exit_price,exit_reason,pnl_pips,pnl_dollars
2024-07-11 15:45:00,2024-07-11 16:00:00,buy,0.46267424324632095,0.01,158.35299999999998,158.05299999999997,158.95299999999997,30.0,60.0,2024-07-11 16:30:00,158.05299999999997,sl,-31.8,-3.18
2024-07-11 16:30:00,2024-07-11 16:45:00,buy,0.40694095347828113,0.01,158.61799999999997,158.31799999999996,159.21799999999996,30.0,60.0,2024-07-12 01:00:00,159.21799999999996,tp,58.2,5.82
2024-07-12 16:15:00,2024-07-12 16:30:00,buy,0.46226669466757675,0.01,158.301,158.00099999999998,158.90099999999998,30.0,60.0,2024-07-12 17:00:00,158.00099999999998,sl,-31.8,-3.18
2024-07-12 17:15:00,2024-07-12 17:30:00,buy,0.4486832796262581,0.01,157.85599999999997,157.55599999999995,158.45599999999996,30.0,60.0,2024-07-12 18:15:00,157.55599999999995,sl,-31.8,-3.18
2024-07-12 18:15:00,2024-07-12 18:30:00,buy,0.41006210508579766,0.01,157.89199999999997,157.59199999999996,158.49199999999996,30.0,60.0,2024-07-15 19:30:00,157.59199999999996,sl,-31.8,-3.18
2024-07-17 10:00:00,2024-07-17 10:15:00,buy,0.4322378779739533,0.01,157.32399999999998,157.02399999999997,157.92399999999998,30.0,60.0,2024-07-17 10:30:00,157.02399999999997,sl,-31.8,-3.18
2024-07-17 12:15:00,2024-07-17 12:30:00,buy,0.41006210508579766,0.01,156.34599999999998,156.04599999999996,156.94599999999997,30.0,60.0,2024-07-18 01:15:00,156.04599999999996,sl,-31.8,-3.18
2024-07-18 02:30:00,2024-07-18 02:45:00,buy,0.402640339101089,0.01,155.68899999999996,155.38899999999995,156.28899999999996,30.0,60.0,2024-07-18 04:45:00,156.28899999999996,tp,58.2,5.82
2024-07-22 09:45:00,2024-07-22 10:00:00,buy,0.40029396609758566,0.01,156.48299999999998,156.18299999999996,157.08299999999997,30.0,60.0,2024-07-22 15:30:00,157.08299999999997,tp,58.2,5.82
2024-07-23 07:00:00,2024-07-23 07:15:00,buy,0.41092679794309095,0.01,156.29799999999997,155.99799999999996,156.89799999999997,30.0,60.0,2024-07-23 10:45:00,155.99799999999996,sl,-31.8,-3.18
2024-07-23 11:00:00,2024-07-23 11:15:00,buy,0.41144095738428355,0.01,155.96499999999997,155.66499999999996,156.56499999999997,30.0,60.0,2024-07-23 20:00:00,155.66499999999996,sl,-31.8,-3.18
2024-07-24 08:30:00,2024-07-24 08:45:00,buy,0.4021588734963065,0.01,154.64799999999997,154.34799999999996,155.24799999999996,30.0,60.0,2024-07-24 12:30:00,154.34799999999996,sl,-31.8,-3.18
2024-07-24 14:45:00,2024-07-24 15:00:00,buy,0.40795095176855456,0.01,154.10899999999998,153.80899999999997,154.70899999999997,30.0,60.0,2024-07-24 15:45:00,153.80899999999997,sl,-31.8,-3.18
2024-07-24 16:45:00,2024-07-24 17:00:00,buy,0.4187180808504921,0.01,153.557,153.25699999999998,154.15699999999998,30.0,60.0,2024-07-24 17:45:00,153.25699999999998,sl,-31.8,-3.18
2024-07-24 17:45:00,2024-07-24 18:00:00,buy,0.4139041044308021,0.01,153.47699999999998,153.17699999999996,154.07699999999997,30.0,60.0,2024-07-24 21:45:00,154.07699999999997,tp,58.2,5.82
2024-07-25 03:45:00,2024-07-25 04:00:00,buy,0.40925727714023485,0.01,153.16799999999998,152.86799999999997,153.76799999999997,30.0,60.0,2024-07-25 04:30:00,152.86799999999997,sl,-31.8,-3.18
2024-07-25 04:30:00,2024-07-25 04:45:00,buy,0.42008936671162117,0.01,152.87699999999998,152.57699999999997,153.47699999999998,30.0,60.0,2024-07-25 05:45:00,152.57699999999997,sl,-31.8,-3.18
2024-07-25 08:00:00,2024-07-25 08:15:00,buy,0.4051566434660199,0.01,152.85399999999998,152.55399999999997,153.45399999999998,30.0,60.0,2024-07-25 09:00:00,152.55399999999997,sl,-31.8,-3.18
2024-07-25 16:15:00,2024-07-25 16:30:00,buy,0.424225137482129,0.01,153.78599999999997,153.48599999999996,154.38599999999997,30.0,60.0,2024-07-25 17:00:00,153.48599999999996,sl,-31.8,-3.18
2024-07-25 17:00:00,2024-07-25 17:15:00,buy,0.4139299669280582,0.01,153.52999999999997,153.22999999999996,154.12999999999997,30.0,60.0,2024-07-25 19:15:00,154.12999999999997,tp,58.2,5.82
2024-07-26 04:45:00,2024-07-26 05:00:00,buy,0.40097608562092224,0.01,153.742,153.44199999999998,154.34199999999998,30.0,60.0,2024-07-26 11:30:00,154.34199999999998,tp,58.2,5.82
2024-07-26 17:15:00,2024-07-26 17:30:00,buy,0.4093108216288318,0.01,153.367,153.06699999999998,153.96699999999998,30.0,60.0,2024-07-29 01:45:00,153.96699999999998,tp,58.2,5.82
2024-07-29 04:00:00,2024-07-29 04:15:00,buy,0.41974077674576743,0.01,153.593,153.29299999999998,154.19299999999998,30.0,60.0,2024-07-29 04:30:00,153.29299999999998,sl,-31.8,-3.18
2024-07-29 04:30:00,2024-07-29 04:45:00,buy,0.44310381363449275,0.01,153.45299999999997,153.15299999999996,154.05299999999997,30.0,60.0,2024-07-29 05:15:00,153.15299999999996,sl,-31.8,-3.18
2024-07-29 05:15:00,2024-07-29 05:30:00,buy,0.4050880366859987,0.01,153.26099999999997,152.96099999999996,153.86099999999996,30.0,60.0,2024-07-29 11:00:00,153.86099999999996,tp,58.2,5.82
2024-07-29 15:15:00,2024-07-29 15:30:00,buy,0.4180735503307439,0.01,153.92799999999997,153.62799999999996,154.52799999999996,30.0,60.0,2024-07-30 03:00:00,153.62799999999996,sl,-31.8,-3.18
2024-07-30 18:15:00,2024-07-30 18:30:00,buy,0.4401588785794396,0.01,153.93899999999996,153.63899999999995,154.53899999999996,30.0,60.0,2024-07-30 19:15:00,153.63899999999995,sl,-31.8,-3.18
2024-07-30 20:45:00,2024-07-30 21:00:00,buy,0.41006210508579766,0.01,153.27899999999997,152.97899999999996,153.87899999999996,30.0,60.0,2024-07-30 23:15:00,152.97899999999996,sl,-31.8,-3.18
2024-07-30 23:15:00,2024-07-30 23:30:00,buy,0.4174202779005046,0.01,152.90899999999996,152.60899999999995,153.50899999999996,30.0,60.0,2024-07-31 00:45:00,152.60899999999995,sl,-31.8,-3.18
2024-07-31 04:30:00,2024-07-31 04:45:00,buy,0.4051566434660199,0.01,152.43899999999996,152.13899999999995,153.03899999999996,30.0,60.0,2024-07-31 05:00:00,153.03899999999996,tp,58.2,5.82
2024-07-31 05:30:00,2024-07-31 05:45:00,buy,0.4023315018342643,0.01,152.90099999999998,152.60099999999997,153.50099999999998,30.0,60.0,2024-07-31 06:45:00,152.60099999999997,sl,-31.8,-3.18
2024-07-31 07:00:00,2024-07-31 07:15:00,buy,0.40241849793265316,0.01,152.789,152.48899999999998,153.38899999999998,30.0,60.0,2024-07-31 07:45:00,152.48899999999998,sl,-31.8,-3.18
2024-07-31 14:00:00,2024-07-31 14:15:00,buy,0.4029817759001202,0.01,150.30899999999997,150.00899999999996,150.90899999999996,30.0,60.0,2024-07-31 15:15:00,150.00899999999996,sl,-31.8,-3.18
2024-07-31 16:00:00,2024-07-31 16:15:00,buy,0.4346685117153649,0.01,150.23499999999999,149.93499999999997,150.83499999999998,30.0,60.0,2024-07-31 16:45:00,149.93499999999997,sl,-31.8,-3.18
2024-07-31 16:45:00,2024-07-31 17:00:00,buy,0.47377620922428604,0.01,150.15899999999996,149.85899999999995,150.75899999999996,30.0,60.0,2024-07-31 20:30:00,150.75899999999996,tp,58.2,5.82
2024-08-01 06:15:00,2024-08-01 06:30:00,buy,0.4156773554698104,0.01,149.557,149.25699999999998,150.15699999999998,30.0,60.0,2024-08-01 09:30:00,150.15699999999998,tp,58.2,5.82
2024-08-01 11:15:00,2024-08-01 11:30:00,buy,0.40097608562092224,0.01,149.87399999999997,149.57399999999996,150.47399999999996,30.0,60.0,2024-08-01 11:45:00,149.57399999999996,sl,-31.8,-3.18
2024-08-01 20:15:00,2024-08-01 20:30:00,buy,0.4034208102709752,0.01,149.68699999999998,149.38699999999997,150.28699999999998,30.0,60.0,2024-08-01 23:45:00,149.38699999999997,sl,-31.8,-3.18
2024-08-02 03:30:00,2024-08-02 03:45:00,buy,0.4069728499159965,0.01,149.39499999999998,149.09499999999997,149.99499999999998,30.0,60.0,2024-08-02 08:45:00,149.09499999999997,sl,-31.8,-3.18
2024-08-02 10:00:00,2024-08-02 10:15:00,buy,0.40097608562092224,0.01,149.11199999999997,148.81199999999995,149.71199999999996,30.0,60.0,2024-08-02 13:00:00,148.81199999999995,sl,-31.8,-3.18
2024-08-02 16:00:00,2024-08-02 16:15:00,buy,0.40664816181906155,0.01,147.67399999999998,147.37399999999997,148.27399999999997,30.0,60.0,2024-08-02 16:30:00,147.37399999999997,sl,-31.8,-3.18
2024-08-02 19:15:00,2024-08-02 19:30:00,buy,0.4474969022980271,0.01,147.07699999999997,146.77699999999996,147.67699999999996,30.0,60.0,2024-08-02 19:45:00,146.77699999999996,sl,-31.8,-3.18
2024-08-02 19:45:00,2024-08-02 20:00:00,buy,0.4513981588336085,0.01,146.95999999999998,146.65999999999997,147.55999999999997,30.0,60.0,2024-08-02 21:45:00,146.65999999999997,sl,-31.8,-3.18
2024-08-02 21:45:00,2024-08-02 22:00:00,buy,0.4111821201252102,0.01,146.60099999999997,146.30099999999996,147.20099999999996,30.0,60.0,2024-08-05 01:00:00,146.30099999999996,sl,-31.8,-3.18
2024-08-05 01:15:00,2024-08-05 01:30:00,buy,0.40125124118392386,0.01,146.41199999999998,146.11199999999997,147.01199999999997,30.0,60.0,2024-08-05 02:00:00,146.11199999999997,sl,-31.8,-3.18
2024-08-05 02:30:00,2024-08-05 02:45:00,buy,0.4259991439930742,0.01,145.605,145.30499999999998,146.20499999999998,30.0,60.0,2024-08-05 03:15:00,145.30499999999998,sl,-31.8,-3.18
2024-08-05 03:15:00,2024-08-05 03:30:00,buy,0.4211628055005451,0.01,145.61899999999997,145.31899999999996,146.21899999999997,30.0,60.0,2024-08-05 03:45:00,145.31899999999996,sl,-31.8,-3.18
2024-08-05 03:45:00,2024-08-05 04:00:00,buy,0.43632234617279214,0.01,144.83599999999998,144.53599999999997,145.43599999999998,30.0,60.0,2024-08-05 05:15:00,145.43599999999998,tp,58.2,5.82
2024-08-05 05:15:00,2024-08-05 05:30:00,buy,0.4872685234815096,0.01,145.13099999999997,144.83099999999996,145.73099999999997,30.0,60.0,2024-08-05 06:00:00,144.83099999999996,sl,-31.8,-3.18
2024-08-05 06:00:00,2024-08-05 06:15:00,buy,0.43215675297807465,0.01,145.045,144.74499999999998,145.64499999999998,30.0,60.0,2024-08-05 06:45:00,144.74499999999998,sl,-31.8,-3.18
2024-08-05 06:45:00,2024-08-05 07:00:00,buy,0.4458571357811632,0.01,143.90399999999997,143.60399999999996,144.50399999999996,30.0,60.0,2024-08-05 07:15:00,143.60399999999996,sl,-31.8,-3.18
2024-08-05 07:15:00,2024-08-05 07:30:00,buy,0.5035129014821533,0.01,143.18999999999997,142.88999999999996,143.78999999999996,30.0,60.0,2024-08-05 07:45:00,142.88999999999996,sl,-31.8,-3.18
2024-08-05 07:45:00,2024-08-05 08:00:00,buy,0.5255022094145791,0.01,143.29599999999996,142.99599999999995,143.89599999999996,30.0,60.0,2024-08-05 08:15:00,142.99599999999995,sl,-31.8,-3.18
2024-08-05 08:15:00,2024-08-05 08:30:00,buy,0.5255022094145791,0.01,142.85299999999998,142.55299999999997,143.45299999999997,30.0,60.0,2024-08-05 08:45:00,142.55299999999997,sl,-31.8,-3.18
2024-08-05 08:45:00,2024-08-05 09:00:00,buy,0.5255022094145791,0.01,142.25499999999997,141.95499999999996,142.85499999999996,30.0,60.0,2024-08-05 09:30:00,142.85499999999996,tp,58.2,5.82
2024-08-05 09:30:00,2024-08-05 09:45:00,buy,0.5255022094145791,0.01,142.76899999999998,142.46899999999997,143.36899999999997,30.0,60.0,2024-08-05 10:15:00,143.36899999999997,tp,58.2,5.82
2024-08-05 10:15:00,2024-08-05 10:30:00,buy,0.43538841814812274,0.01,143.18699999999998,142.88699999999997,143.78699999999998,30.0,60.0,2024-08-05 10:45:00,143.78699999999998,tp,58.2,5.82
2024-08-05 10:45:00,2024-08-05 11:00:00,buy,0.4050340339429603,0.01,142.93399999999997,142.63399999999996,143.53399999999996,30.0,60.0,2024-08-05 11:15:00,142.63399999999996,sl,-31.8,-3.18
2024-08-05 11:15:00,2024-08-05 11:30:00,buy,0.44321521605291114,0.01,142.35799999999998,142.05799999999996,142.95799999999997,30.0,60.0,2024-08-05 11:45:00,142.05799999999996,sl,-31.8,-3.18
2024-08-05 11:45:00,2024-08-05 12:00:00,buy,0.42746759970531656,0.01,142.30999999999997,142.00999999999996,142.90999999999997,30.0,60.0,2024-08-05 12:15:00,142.00999999999996,sl,-31.8,-3.18
2024-08-05 12:15:00,2024-08-05 12:30:00,buy,0.5120098951573556,0.01,142.20099999999996,141.90099999999995,142.80099999999996,30.0,60.0,2024-08-05 14:00:00,142.80099999999996,tp,58.2,5.82
2024-08-05 14:00:00,2024-08-05 14:15:00,buy,0.5020573433489309,0.01,142.82199999999997,142.52199999999996,143.42199999999997,30.0,60.0,2024-08-05 14:30:00,142.52199999999996,sl,-31.8,-3.18
2024-08-05 14:45:00,2024-08-05 15:00:00,buy,0.4427421830689141,0.01,142.26199999999997,141.96199999999996,142.86199999999997,30.0,60.0,2024-08-05 15:30:00,141.96199999999996,sl,-31.8,-3.18
2024-08-05 15:30:00,2024-08-05 15:45:00,buy,0.43346470327935294,0.01,142.26199999999997,141.96199999999996,142.86199999999997,30.0,60.0,2024-08-05 16:45:00,142.86199999999997,tp,58.2,5.82
2024-08-05 17:15:00,2024-08-05 17:30:00,buy,0.4094175745660495,0.01,143.12399999999997,142.82399999999996,143.72399999999996,30.0,60.0,2024-08-05 17:45:00,142.82399999999996,sl,-31.8,-3.18
2024-08-05 19:15:00,2024-08-05 19:30:00,buy,0.40589198075051314,0.01,144.29599999999996,143.99599999999995,144.89599999999996,30.0,60.0,2024-08-05 20:45:00,143.99599999999995,sl,-31.8,-3.18
2024-08-05 22:30:00,2024-08-05 22:45:00,buy,0.41600280931994743,0.01,143.75699999999998,143.45699999999997,144.35699999999997,30.0,60.0,2024-08-06 01:45:00,144.35699999999997,tp,58.2,5.82
2024-08-06 02:15:00,2024-08-06 02:30:00,buy,0.4133660618398863,0.01,145.33799999999997,145.03799999999995,145.93799999999996,30.0,60.0,2024-08-06 03:00:00,145.93799999999996,tp,58.2,5.82
2024-08-06 04:15:00,2024-08-06 04:30:00,buy,0.40693971428290504,0.01,144.682,144.38199999999998,145.28199999999998,30.0,60.0,2024-08-06 05:00:00,144.38199999999998,sl,-31.8,-3.18
2024-08-06 09:15:00,2024-08-06 09:30:00,sell,0.4129514647533273,0.01,145.66000000000003,145.96000000000004,145.06000000000003,30.0,60.0,2024-08-06 11:00:00,145.06000000000003,tp,58.2,5.82
2024-08-06 12:00:00,2024-08-06 12:15:00,buy,0.4636623995371985,0.01,144.88099999999997,144.58099999999996,145.48099999999997,30.0,60.0,2024-08-06 12:30:00,144.58099999999996,sl,-31.8,-3.18
2024-08-06 12:30:00,2024-08-06 12:45:00,buy,0.42074630920876943,0.01,144.76699999999997,144.46699999999996,145.36699999999996,30.0,60.0,2024-08-06 13:00:00,144.46699999999996,sl,-31.8,-3.18
2024-08-06 13:00:00,2024-08-06 13:15:00,buy,0.42159706935417357,0.01,144.88699999999997,144.58699999999996,145.48699999999997,30.0,60.0,2024-08-06 15:30:00,144.58699999999996,sl,-31.8,-3.18
2024-08-06 15:30:00,2024-08-06 15:45:00,buy,0.4048679787616841,0.01,144.61399999999998,144.31399999999996,145.21399999999997,30.0,60.0,2024-08-06 16:15:00,144.31399999999996,sl,-31.8,-3.18
2024-08-06 16:15:00,2024-08-06 16:30:00,buy,0.45832731986165437,0.01,144.236,143.93599999999998,144.83599999999998,30.0,60.0,2024-08-06 17:15:00,144.83599999999998,tp,58.2,5.82
2024-08-06 17:15:00,2024-08-06 17:30:00,buy,0.5327489779741422,0.01,144.92,144.61999999999998,145.51999999999998,30.0,60.0,2024-08-06 17:45:00,144.61999999999998,sl,-31.8,-3.18
2024-08-06 18:00:00,2024-08-06 18:15:00,buy,0.40239138923723666,0.01,144.628,144.32799999999997,145.22799999999998,30.0,60.0,2024-08-06 19:00:00,145.22799999999998,tp,58.2,5.82
2024-08-06 19:00:00,2024-08-06 19:15:00,buy,0.4340810918829199,0.01,145.27499999999998,144.97499999999997,145.87499999999997,30.0,60.0,2024-08-06 22:00:00,144.97499999999997,sl,-31.8,-3.18
2024-08-06 22:00:00,2024-08-06 22:15:00,buy,0.4040254926196491,0.01,145.07699999999997,144.77699999999996,145.67699999999996,30.0,60.0,2024-08-06 22:45:00,144.77699999999996,sl,-31.8,-3.18
2024-08-06 22:45:00,2024-08-06 23:00:00,buy,0.47423810051199283,0.01,144.77199999999996,144.47199999999995,145.37199999999996,30.0,60.0,2024-08-06 23:45:00,144.47199999999995,sl,-31.8,-3.18
2024-08-06 23:45:00,2024-08-07 00:00:00,buy,0.4568042403589245,0.01,144.29899999999998,143.99899999999997,144.89899999999997,30.0,60.0,2024-08-07 03:00:00,144.89899999999997,tp,58.2,5.82
2024-08-07 04:45:00,2024-08-07 05:00:00,buy,0.48202171510165065,0.01,146.73,146.42999999999998,147.32999999999998,30.0,60.0,2024-08-07 05:15:00,146.42999999999998,sl,-31.8,-3.18
2024-08-07 05:15:00,2024-08-07 05:30:00,buy,0.455451831095716,0.01,146.52199999999996,146.22199999999995,147.12199999999996,30.0,60.0,2024-08-07 06:00:00,147.12199999999996,tp,58.2,5.82
2024-08-07 06:00:00,2024-08-07 06:15:00,buy,0.45099902062386743,0.01,147.08499999999998,146.78499999999997,147.68499999999997,30.0,60.0,2024-08-07 07:15:00,147.68499999999997,tp,58.2,5.82
2024-08-07 09:30:00,2024-08-07 09:45:00,buy,0.40612364035566306,0.01,146.59599999999998,146.29599999999996,147.19599999999997,30.0,60.0,2024-08-07 10:15:00,146.29599999999996,sl,-31.8,-3.18
2024-08-07 14:15:00,2024-08-07 14:30:00,buy,0.41128743172117616,0.01,147.14199999999997,146.84199999999996,147.74199999999996,30.0,60.0,2024-08-07 17:15:00,146.84199999999996,sl,-31.8,-3.18
2024-08-07 21:00:00,2024-08-07 21:15:00,buy,0.42654794900886667,0.01,146.97899999999998,146.67899999999997,147.57899999999998,30.0,60.0,2024-08-08 00:00:00,146.67899999999997,sl,-31.8,-3.18
2024-08-08 02:00:00,2024-08-08 02:15:00,buy,0.4301093247564591,0.01,146.06099999999998,145.76099999999997,146.66099999999997,30.0,60.0,2024-08-08 02:30:00,145.76099999999997,sl,-31.8,-3.18
2024-08-08 03:00:00,2024-08-08 03:15:00,buy,0.41128743172117616,0.01,145.83899999999997,145.53899999999996,146.43899999999996,30.0,60.0,2024-08-08 03:45:00,145.53899999999996,sl,-31.8,-3.18
2024-08-08 04:30:00,2024-08-08 04:45:00,sell,0.41613134804165297,0.01,146.36400000000003,146.66400000000004,145.76400000000004,30.0,60.0,2024-08-08 05:15:00,146.66400000000004,sl,-31.8,-3.18
2024-08-08 05:45:00,2024-08-08 06:00:00,buy,0.4306419075304658,0.01,146.45199999999997,146.15199999999996,147.05199999999996,30.0,60.0,2024-08-08 07:00:00,146.15199999999996,sl,-31.8,-3.18
2024-08-08 07:45:00,2024-08-08 08:00:00,buy,0.4248800005629061,0.01,146.23499999999999,145.93499999999997,146.83499999999998,30.0,60.0,2024-08-08 09:00:00,145.93499999999997,sl,-31.8,-3.18
2024-08-08 15:45:00,2024-08-08 16:00:00,buy,0.4274154640139395,0.01,147.22299999999998,146.92299999999997,147.82299999999998,30.0,60.0,2024-08-09 07:45:00,146.92299999999997,sl,-31.8,-3.18
2024-08-09 14:15:00,2024-08-09 14:30:00,buy,0.4025210104108615,0.01,146.90399999999997,146.60399999999996,147.50399999999996,30.0,60.0,2024-08-09 15:30:00,146.60399999999996,sl,-31.8,-3.18
2024-08-15 07:15:00,2024-08-15 07:30:00,buy,0.418385954114098,0.01,147.271,146.97099999999998,147.87099999999998,30.0,60.0,2024-08-15 15:30:00,147.87099999999998,tp,58.2,5.82
2024-08-15 15:45:00,2024-08-15 16:00:00,buy,0.42268446398480497,0.01,149.16499999999996,148.86499999999995,149.76499999999996,30.0,60.0,2024-08-15 17:00:00,148.86499999999995,sl,-31.8,-3.18
2024-08-19 09:45:00,2024-08-19 10:00:00,buy,0.41002329194509335,0.01,145.80499999999998,145.50499999999997,146.40499999999997,30.0,60.0,2024-08-19 13:00:00,146.40499999999997,tp,58.2,5.82
2024-08-19 18:45:00,2024-08-19 19:00:00,buy,0.40339697904607486,0.01,146.42899999999997,146.12899999999996,147.02899999999997,30.0,60.0,2024-08-20 04:00:00,146.12899999999996,sl,-31.8,-3.18
2024-08-20 17:00:00,2024-08-20 17:15:00,buy,0.4179807354907541,0.01,145.759,145.45899999999997,146.35899999999998,30.0,60.0,2024-08-20 19:30:00,145.45899999999997,sl,-31.8,-3.18
2024-08-21 09:15:00,2024-08-21 09:30:00,buy,0.42717963813004944,0.01,145.90099999999998,145.60099999999997,146.50099999999998,30.0,60.0,2024-08-21 16:00:00,145.60099999999997,sl,-31.8,-3.18
2024-08-21 21:15:00,2024-08-21 21:30:00,buy,0.40414596669882397,0.01,144.807,144.50699999999998,145.40699999999998,30.0,60.0,2024-08-22 03:30:00,145.40699999999998,tp,58.2,5.82
2024-08-22 07:30:00,2024-08-22 07:45:00,buy,0.4336706864984191,0.01,145.14799999999997,144.84799999999996,145.74799999999996,30.0,60.0,2024-08-22 12:15:00,145.74799999999996,tp,58.2,5.82
2024-08-22 17:15:00,2024-08-22 17:30:00,sell,0.4219345245008255,0.01,146.27,146.57000000000002,145.67000000000002,30.0,60.0,2024-08-23 04:30:00,145.67000000000002,tp,58.2,5.82
2024-08-23 04:30:00,2024-08-23 04:45:00,buy,0.41869475128954015,0.01,145.49899999999997,145.19899999999996,146.09899999999996,30.0,60.0,2024-08-23 12:45:00,146.09899999999996,tp,58.2,5.82
2024-08-23 17:30:00,2024-08-23 17:45:00,buy,0.4139463461050609,0.01,145.22799999999998,144.92799999999997,145.82799999999997,30.0,60.0,2024-08-23 18:00:00,144.92799999999997,sl,-31.8,-3.18
2024-08-23 22:00:00,2024-08-23 22:15:00,buy,0.46849645543148694,0.01,144.19699999999997,143.89699999999996,144.79699999999997,30.0,60.0,2024-08-26 01:30:00,143.89699999999996,sl,-31.8,-3.18
2024-08-26 01:45:00,2024-08-26 02:00:00,buy,0.4257846197995338,0.01,143.73699999999997,143.43699999999995,144.33699999999996,30.0,60.0,2024-08-26 15:30:00,144.33699999999996,tp,58.2,5.82
2024-08-26 16:15:00,2024-08-26 16:30:00,buy,0.4309853210686699,0.01,144.253,143.95299999999997,144.85299999999998,30.0,60.0,2024-08-27 03:45:00,144.85299999999998,tp,58.2,5.82
2024-08-27 08:00:00,2024-08-27 08:15:00,buy,0.4761950774519927,0.01,144.7,144.39999999999998,145.29999999999998,30.0,60.0,2024-08-27 15:30:00,144.39999999999998,sl,-31.8,-3.18
2024-08-27 15:30:00,2024-08-27 15:45:00,buy,0.42724230082502085,0.01,144.40499999999997,144.10499999999996,145.00499999999997,30.0,60.0,2024-08-27 19:30:00,144.10499999999996,sl,-31.8,-3.18
2024-08-27 19:30:00,2024-08-27 19:45:00,buy,0.4383144092107977,0.01,144.15099999999998,143.85099999999997,144.75099999999998,30.0,60.0,2024-08-28 01:00:00,143.85099999999997,sl,-31.8,-3.18
2024-08-28 01:30:00,2024-08-28 01:45:00,buy,0.4093047941014919,0.01,143.879,143.57899999999998,144.47899999999998,30.0,60.0,2024-08-28 06:00:00,144.47899999999998,tp,58.2,5.82
2024-08-28 12:15:00,2024-08-28 12:30:00,buy,0.4374106788238047,0.01,144.20399999999998,143.90399999999997,144.80399999999997,30.0,60.0,2024-08-28 16:00:00,144.80399999999997,tp,58.2,5.82
2024-08-28 17:45:00,2024-08-28 18:00:00,buy,0.40811648522243765,0.01,144.49499999999998,144.19499999999996,145.09499999999997,30.0,60.0,2024-08-29 15:30:00,145.09499999999997,tp,58.2,5.82
2024-08-29 16:15:00,2024-08-29 16:30:00,buy,0.44244266590893017,0.01,145.34399999999997,145.04399999999995,145.94399999999996,30.0,60.0,2024-08-29 18:45:00,145.04399999999995,sl,-31.8,-3.18
2024-08-29 19:45:00,2024-08-29 20:00:00,buy,0.4152887935211614,0.01,144.89799999999997,144.59799999999996,145.49799999999996,30.0,60.0,2024-08-30 15:30:00,145.49799999999996,tp,58.2,5.82
2024-09-03 02:45:00,2024-09-03 03:00:00,buy,0.42785748402738033,0.01,146.72199999999998,146.42199999999997,147.32199999999997,30.0,60.0,2024-09-03 07:00:00,146.42199999999997,sl,-31.8,-3.18
2024-09-03 10:45:00,2024-09-03 11:00:00,buy,0.43147670058878757,0.01,145.81099999999998,145.51099999999997,146.41099999999997,30.0,60.0,2024-09-03 16:30:00,145.51099999999997,sl,-31.8,-3.18
2024-09-03 18:15:00,2024-09-03 18:30:00,sell,0.43909477340124925,0.01,145.82800000000003,146.12800000000004,145.22800000000004,30.0,60.0,2024-09-04 02:00:00,145.22800000000004,tp,58.2,5.82
2024-09-04 03:45:00,2024-09-04 04:00:00,buy,0.41137899258220995,0.01,145.31799999999998,145.01799999999997,145.91799999999998,30.0,60.0,2024-09-04 09:45:00,145.01799999999997,sl,-31.8,-3.18
2024-09-04 09:45:00,2024-09-04 10:00:00,buy,0.4374106788238047,0.01,145.01999999999998,144.71999999999997,145.61999999999998,30.0,60.0,2024-09-04 17:00:00,144.71999999999997,sl,-31.8,-3.18
2024-09-04 17:00:00,2024-09-04 17:15:00,buy,0.47184148986777397,0.01,144.23099999999997,143.93099999999995,144.83099999999996,30.0,60.0,2024-09-04 21:45:00,143.93099999999995,sl,-31.8,-3.18
2024-09-05 02:30:00,2024-09-05 02:45:00,buy,0.42438612687683736,0.01,143.34999999999997,143.04999999999995,143.94999999999996,30.0,60.0,2024-09-05 15:15:00,143.04999999999995,sl,-31.8,-3.18
2024-09-05 15:15:00,2024-09-05 15:30:00,buy,0.44710046864747194,0.01,143.05599999999998,142.75599999999997,143.65599999999998,30.0,60.0,2024-09-05 17:00:00,143.65599999999998,tp,58.2,5.82
2024-09-05 17:30:00,2024-09-05 17:45:00,buy,0.45411595310620295,0.01,143.93099999999998,143.63099999999997,144.53099999999998,30.0,60.0,2024-09-05 18:30:00,143.63099999999997,sl,-31.8,-3.18
2024-09-05 18:30:00,2024-09-05 18:45:00,buy,0.41245572784228945,0.01,143.44799999999998,143.14799999999997,144.04799999999997,30.0,60.0,2024-09-06 04:00:00,143.14799999999997,sl,-31.8,-3.18
2024-09-06 04:00:00,2024-09-06 04:15:00,buy,0.458909977317012,0.01,143.31199999999998,143.01199999999997,143.91199999999998,30.0,60.0,2024-09-06 06:45:00,143.01199999999997,sl,-31.8,-3.18
2024-09-06 06:45:00,2024-09-06 07:00:00,buy,0.45070999061496686,0.01,142.96599999999998,142.66599999999997,143.56599999999997,30.0,60.0,2024-09-06 08:15:00,142.66599999999997,sl,-31.8,-3.18
2024-09-06 08:15:00,2024-09-06 08:30:00,buy,0.5050507027885477,0.01,142.45699999999997,142.15699999999995,143.05699999999996,30.0,60.0,2024-09-06 10:00:00,142.15699999999995,sl,-31.8,-3.18
2024-09-06 10:30:00,2024-09-06 10:45:00,buy,0.40590154829470915,0.01,142.53799999999998,142.23799999999997,143.13799999999998,30.0,60.0,2024-09-06 15:00:00,143.13799999999998,tp,58.2,5.82
2024-09-06 15:45:00,2024-09-06 16:00:00,buy,0.45875089684822196,0.01,143.19599999999997,142.89599999999996,143.79599999999996,30.0,60.0,2024-09-06 16:30:00,143.79599999999996,tp,58.2,5.82
2024-09-06 16:30:00,2024-09-06 16:45:00,buy,0.44269386238303216,0.01,143.53799999999998,143.23799999999997,144.13799999999998,30.0,60.0,2024-09-06 17:00:00,143.23799999999997,sl,-31.8,-3.18
2024-09-06 17:00:00,2024-09-06 17:15:00,buy,0.4546232342666003,0.01,142.65099999999998,142.35099999999997,143.25099999999998,30.0,60.0,2024-09-06 17:30:00,142.35099999999997,sl,-31.8,-3.18
2024-09-06 17:30:00,2024-09-06 17:45:00,buy,0.4706069584481769,0.01,142.45299999999997,142.15299999999996,143.05299999999997,30.0,60.0,2024-09-06 18:00:00,142.15299999999996,sl,-31.8,-3.18
2024-09-06 18:00:00,2024-09-06 18:15:00,buy,0.5011154340518191,0.01,142.10999999999999,141.80999999999997,142.70999999999998,30.0,60.0,2024-09-09 03:15:00,142.70999999999998,tp,58.2,5.82
2024-09-09 03:45:00,2024-09-09 04:00:00,buy,0.4146897594598962,0.01,142.688,142.38799999999998,143.28799999999998,30.0,60.0,2024-09-09 10:00:00,143.28799999999998,tp,58.2,5.82
2024-09-09 10:00:00,2024-09-09 10:15:00,buy,0.44407068551889883,0.01,143.23499999999999,142.93499999999997,143.83499999999998,30.0,60.0,2024-09-09 16:15:00,142.93499999999997,sl,-31.8,-3.18
2024-09-09 16:15:00,2024-09-09 16:30:00,buy,0.4633321051399368,0.01,142.86299999999997,142.56299999999996,143.46299999999997,30.0,60.0,2024-09-10 03:45:00,143.46299999999997,tp,58.2,5.82
2024-09-10 03:45:00,2024-09-10 04:00:00,buy,0.47020107918070997,0.01,143.42199999999997,143.12199999999996,144.02199999999996,30.0,60.0,2024-09-10 07:30:00,143.12199999999996,sl,-31.8,-3.18
2024-09-10 07:30:00,2024-09-10 07:45:00,buy,0.4429489407851957,0.01,143.09499999999997,142.79499999999996,143.69499999999996,30.0,60.0,2024-09-10 11:15:00,143.69499999999996,tp,58.2,5.82
2024-09-10 11:15:00,2024-09-10 11:30:00,buy,0.46114520567323636,0.01,143.49599999999998,143.19599999999997,144.09599999999998,30.0,60.0,2024-09-10 12:30:00,143.19599999999997,sl,-31.8,-3.18
2024-09-10 12:30:00,2024-09-10 12:45:00,buy,0.5011154340518191,0.01,143.17399999999998,142.87399999999997,143.77399999999997,30.0,60.0,2024-09-10 15:30:00,142.87399999999997,sl,-31.8,-3.18
2024-09-10 15:30:00,2024-09-10 15:45:00,buy,0.46038997713047874,0.01,142.88099999999997,142.58099999999996,143.48099999999997,30.0,60.0,2024-09-10 17:15:00,142.58099999999996,sl,-31.8,-3.18
2024-09-10 17:15:00,2024-09-10 17:30:00,buy,0.5047249560193141,0.01,142.7,142.39999999999998,143.29999999999998,30.0,60.0,2024-09-10 18:45:00,142.39999999999998,sl,-31.8,-3.18
2024-09-10 18:45:00,2024-09-10 19:00:00,buy,0.4647547276407312,0.01,142.34499999999997,142.04499999999996,142.94499999999996,30.0,60.0,2024-09-11 03:15:00,142.04499999999996,sl,-31.8,-3.18
2024-09-11 03:15:00,2024-09-11 03:30:00,buy,0.48403530075476475,0.01,142.093,141.79299999999998,142.69299999999998,30.0,60.0,2024-09-11 04:30:00,141.79299999999998,sl,-31.8,-3.18
2024-09-11 04:30:00,2024-09-11 04:45:00,buy,0.44350579268397405,0.01,141.84499999999997,141.54499999999996,142.44499999999996,30.0,60.0,2024-09-11 06:15:00,141.54499999999996,sl,-31.8,-3.18
2024-09-11 06:15:00,2024-09-11 06:30:00,buy,0.507774174035363,0.01,141.32899999999998,141.02899999999997,141.92899999999997,30.0,60.0,2024-09-11 07:15:00,141.02899999999997,sl,-31.8,-3.18
2024-09-11 07:45:00,2024-09-11 08:00:00,buy,0.4820492867518042,0.01,140.94899999999998,140.64899999999997,141.54899999999998,30.0,60.0,2024-09-11 10:30:00,141.54899999999998,tp,58.2,5.82
2024-09-11 12:30:00,2024-09-11 12:45:00,buy,0.46114520567323636,0.01,141.58599999999998,141.28599999999997,142.18599999999998,30.0,60.0,2024-09-11 15:30:00,142.18599999999998,tp,58.2,5.82
2024-09-11 15:30:00,2024-09-11 15:45:00,buy,0.4497061587737132,0.01,142.307,142.00699999999998,142.90699999999998,30.0,60.0,2024-09-11 16:45:00,142.00699999999998,sl,-31.8,-3.18
2024-09-11 16:45:00,2024-09-11 17:00:00,buy,0.43909542869273965,0.01,141.54799999999997,141.24799999999996,142.14799999999997,30.0,60.0,2024-09-11 20:00:00,142.14799999999997,tp,58.2,5.82
2024-09-11 20:00:00,2024-09-11 20:15:00,buy,0.4262128511129667,0.01,142.26799999999997,141.96799999999996,142.86799999999997,30.0,60.0,2024-09-12 03:15:00,142.86799999999997,tp,58.2,5.82
2024-09-12 04:00:00,2024-09-12 04:15:00,buy,0.4386334522613936,0.01,142.581,142.28099999999998,143.18099999999998,30.0,60.0,2024-09-12 15:15:00,142.28099999999998,sl,-31.8,-3.18
2024-09-12 15:15:00,2024-09-12 15:30:00,buy,0.48182243266937486,0.01,142.134,141.83399999999997,142.73399999999998,30.0,60.0,2024-09-12 22:30:00,141.83399999999997,sl,-31.8,-3.18
2024-09-12 22:30:00,2024-09-12 22:45:00,buy,0.4916814771528208,0.01,141.89799999999997,141.59799999999996,142.49799999999996,30.0,60.0,2024-09-13 02:15:00,141.59799999999996,sl,-31.8,-3.18
2024-09-13 02:15:00,2024-09-13 02:30:00,buy,0.4327992821691934,0.01,141.56999999999996,141.26999999999995,142.16999999999996,30.0,60.0,2024-09-13 03:00:00,141.26999999999995,sl,-31.8,-3.18
2024-09-13 03:00:00,2024-09-13 03:15:00,buy,0.41728012534014436,0.01,141.29999999999998,140.99999999999997,141.89999999999998,30.0,60.0,2024-09-13 05:15:00,140.99999999999997,sl,-31.8,-3.18
2024-09-13 05:15:00,2024-09-13 05:30:00,buy,0.4487042126702708,0.01,140.91499999999996,140.61499999999995,141.51499999999996,30.0,60.0,2024-09-13 11:00:00,140.61499999999995,sl,-31.8,-3.18
2024-09-13 11:00:00,2024-09-13 11:15:00,buy,0.44810800772195963,0.01,140.89099999999996,140.59099999999995,141.49099999999996,30.0,60.0,2024-09-13 12:15:00,140.59099999999995,sl,-31.8,-3.18
2024-09-13 12:15:00,2024-09-13 12:30:00,buy,0.4916814771528208,0.01,140.44899999999998,140.14899999999997,141.04899999999998,30.0,60.0,2024-09-16 06:30:00,140.14899999999997,sl,-31.8,-3.18
2024-09-16 06:30:00,2024-09-16 06:45:00,buy,0.45070999061496686,0.01,140.14,139.83999999999997,140.73999999999998,30.0,60.0,2024-09-16 09:30:00,139.83999999999997,sl,-31.8,-3.18
2024-09-16 09:30:00,2024-09-16 09:45:00,buy,0.4048687820516119,0.01,139.86499999999998,139.56499999999997,140.46499999999997,30.0,60.0,2024-09-16 16:15:00,140.46499999999997,tp,58.2,5.82
2024-09-16 16:15:00,2024-09-16 16:30:00,buy,0.4376518980124898,0.01,140.438,140.13799999999998,141.03799999999998,30.0,60.0,2024-09-17 02:15:00,141.03799999999998,tp,58.2,5.82
2024-09-17 02:15:00,2024-09-17 02:30:00,buy,0.4376518980124898,0.01,140.86799999999997,140.56799999999996,141.46799999999996,30.0,60.0,2024-09-17 03:30:00,140.56799999999996,sl,-31.8,-3.18
2024-09-17 03:30:00,2024-09-17 03:45:00,buy,0.4880719551853258,0.01,140.67999999999998,140.37999999999997,141.27999999999997,30.0,60.0,2024-09-17 04:45:00,140.37999999999997,sl,-31.8,-3.18
2024-09-17 04:45:00,2024-09-17 05:00:00,buy,0.5047249560193141,0.01,140.37399999999997,140.07399999999996,140.97399999999996,30.0,60.0,2024-09-17 15:30:00,140.97399999999996,tp,58.2,5.82
2024-09-17 15:30:00,2024-09-17 15:45:00,buy,0.4231318963921695,0.01,140.986,140.68599999999998,141.58599999999998,30.0,60.0,2024-09-17 16:45:00,141.58599999999998,tp,58.2,5.82
2024-09-17 17:00:00,2024-09-17 17:15:00,buy,0.43394230487901997,0.01,141.694,141.39399999999998,142.29399999999998,30.0,60.0,2024-09-17 22:30:00,142.29399999999998,tp,58.2,5.82
2024-09-18 01:00:00,2024-09-18 01:15:00,buy,0.43717341555604455,0.01,142.25799999999998,141.95799999999997,142.85799999999998,30.0,60.0,2024-09-18 02:30:00,141.95799999999997,sl,-31.8,-3.18
2024-09-18 02:30:00,2024-09-18 02:45:00,buy,0.4916814771528208,0.01,142.02299999999997,141.72299999999996,142.62299999999996,30.0,60.0,2024-09-18 03:45:00,141.72299999999996,sl,-31.8,-3.18
2024-09-18 03:45:00,2024-09-18 04:00:00,buy,0.4263816115030704,0.01,141.71599999999998,141.41599999999997,142.31599999999997,30.0,60.0,2024-09-18 05:30:00,141.41599999999997,sl,-31.8,-3.18
2024-09-18 05:30:00,2024-09-18 05:45:00,buy,0.4412614199799848,0.01,141.48299999999998,141.18299999999996,142.08299999999997,30.0,60.0,2024-09-18 21:00:00,141.18299999999996,sl,-31.8,-3.18
2024-09-18 21:00:00,2024-09-18 21:15:00,buy,0.4017687702368707,0.01,140.89199999999997,140.59199999999996,141.49199999999996,30.0,60.0,2024-09-18 21:30:00,140.59199999999996,sl,-31.8,-3.18
2024-09-18 21:30:00,2024-09-18 21:45:00,buy,0.5047249560193141,0.01,141.146,140.84599999999998,141.74599999999998,30.0,60.0,2024-09-18 22:00:00,141.74599999999998,tp,58.2,5.82
2024-09-18 22:00:00,2024-09-18 22:15:00,buy,0.4613832462316901,0.01,142.027,141.72699999999998,142.62699999999998,30.0,60.0,2024-09-18 22:45:00,142.62699999999998,tp,58.2,5.82
2024-09-19 00:15:00,2024-09-19 00:30:00,buy,0.4338726076419479,0.01,142.12499999999997,141.82499999999996,142.72499999999997,30.0,60.0,2024-09-19 02:30:00,142.72499999999997,tp,58.2,5.82
2024-09-19 03:00:00,2024-09-19 03:15:00,buy,0.4385259497780609,0.01,143.16199999999998,142.86199999999997,143.76199999999997,30.0,60.0,2024-09-19 04:30:00,143.76199999999997,tp,58.2,5.82
2024-09-19 06:00:00,2024-09-19 06:15:00,buy,0.45880505255599086,0.01,143.10799999999998,142.80799999999996,143.70799999999997,30.0,60.0,2024-09-19 08:15:00,142.80799999999996,sl,-31.8,-3.18
2024-09-19 08:15:00,2024-09-19 08:30:00,buy,0.4804257787872698,0.01,142.74999999999997,142.44999999999996,143.34999999999997,30.0,60.0,2024-09-19 09:30:00,142.44999999999996,sl,-31.8,-3.18
2024-09-19 09:45:00,2024-09-19 10:00:00,buy,0.46287091884206905,0.01,142.14299999999997,141.84299999999996,142.74299999999997,30.0,60.0,2024-09-19 11:00:00,142.74299999999997,tp,58.2,5.82
2024-09-19 12:30:00,2024-09-19 12:45:00,buy,0.43073385048109936,0.01,142.77399999999997,142.47399999999996,143.37399999999997,30.0,60.0,2024-09-19 15:30:00,143.37399999999997,tp,58.2,5.82
2024-09-19 15:30:00,2024-09-19 15:45:00,buy,0.5011154340518191,0.01,143.771,143.47099999999998,144.37099999999998,30.0,60.0,2024-09-19 16:00:00,143.47099999999998,sl,-31.8,-3.18
2024-09-19 16:00:00,2024-09-19 16:15:00,buy,0.400699906186831,0.01,143.51,143.20999999999998,144.10999999999999,30.0,60.0,2024-09-19 17:00:00,143.20999999999998,sl,-31.8,-3.18
2024-09-19 17:00:00,2024-09-19 17:15:00,buy,0.46168984603468716,0.01,143.07099999999997,142.77099999999996,143.67099999999996,30.0,60.0,2024-09-19 18:15:00,142.77099999999996,sl,-31.8,-3.18
2024-09-19 18:15:00,2024-09-19 18:30:00,buy,0.4804257787872698,0.01,142.95999999999998,142.65999999999997,143.55999999999997,30.0,60.0,2024-09-19 21:15:00,142.65999999999997,sl,-31.8,-3.18
2024-09-19 21:15:00,2024-09-19 21:30:00,buy,0.5047249560193141,0.01,142.71999999999997,142.41999999999996,143.31999999999996,30.0,60.0,2024-09-20 03:45:00,142.41999999999996,sl,-31.8,-3.18
2024-09-20 03:45:00,2024-09-20 04:00:00,buy,0.4880719551853258,0.01,142.23099999999997,141.93099999999995,142.83099999999996,30.0,60.0,2024-09-20 09:15:00,141.93099999999995,sl,-31.8,-3.18
2024-09-20 09:15:00,2024-09-20 09:30:00,buy,0.5011154340518191,0.01,142.42899999999997,142.12899999999996,143.02899999999997,30.0,60.0,2024-09-20 09:45:00,143.02899999999997,tp,58.2,5.82
2024-09-20 09:45:00,2024-09-20 10:00:00,buy,0.42335058988816127,0.01,142.85299999999998,142.55299999999997,143.45299999999997,30.0,60.0,2024-09-20 10:30:00,143.45299999999997,tp,58.2,5.82
2024-09-20 10:30:00,2024-09-20 10:45:00,buy,0.4706069584481769,0.01,143.64399999999998,143.34399999999997,144.24399999999997,30.0,60.0,2024-09-20 13:45:00,144.24399999999997,tp,58.2,5.82
2024-09-20 15:30:00,2024-09-20 15:45:00,buy,0.44408764707484416,0.01,143.68399999999997,143.38399999999996,144.28399999999996,30.0,60.0,2024-09-20 17:15:00,144.28399999999996,tp,58.2,5.82
2024-09-20 18:45:00,2024-09-20 19:00:00,buy,0.411992320034002,0.01,143.71899999999997,143.41899999999995,144.31899999999996,30.0,60.0,2024-09-23 04:00:00,144.31899999999996,tp,58.2,5.82
2024-09-23 04:00:00,2024-09-23 04:15:00,buy,0.41379381766184126,0.01,144.40699999999998,144.10699999999997,145.00699999999998,30.0,60.0,2024-09-23 08:45:00,144.10699999999997,sl,-31.8,-3.18
2024-09-23 09:30:00,2024-09-23 09:45:00,buy,0.46075337114590587,0.01,144.00599999999997,143.70599999999996,144.60599999999997,30.0,60.0,2024-09-23 10:15:00,143.70599999999996,sl,-31.8,-3.18
2024-09-23 10:15:00,2024-09-23 10:30:00,buy,0.4631910526892128,0.01,143.59599999999998,143.29599999999996,144.19599999999997,30.0,60.0,2024-09-23 13:30:00,143.29599999999996,sl,-31.8,-3.18
2024-09-23 13:30:00,2024-09-23 13:45:00,buy,0.4984451523883385,0.01,143.38799999999998,143.08799999999997,143.98799999999997,30.0,60.0,2024-09-23 16:45:00,143.98799999999997,tp,58.2,5.82
2024-09-23 16:45:00,2024-09-23 17:00:00,buy,0.41133302263938737,0.01,144.26599999999996,143.96599999999995,144.86599999999996,30.0,60.0,2024-09-23 17:15:00,143.96599999999995,sl,-31.8,-3.18
2024-09-23 17:45:00,2024-09-23 18:00:00,buy,0.4375771235274889,0.01,143.88099999999997,143.58099999999996,144.48099999999997,30.0,60.0,2024-09-23 18:45:00,143.58099999999996,sl,-31.8,-3.18
2024-09-23 18:45:00,2024-09-23 19:00:00,buy,0.45862459076142564,0.01,143.52899999999997,143.22899999999996,144.12899999999996,30.0,60.0,2024-09-24 08:45:00,144.12899999999996,tp,58.2,5.82
2024-09-24 13:15:00,2024-09-24 13:30:00,buy,0.40618308142254006,0.01,144.015,143.71499999999997,144.61499999999998,30.0,60.0,2024-09-24 17:00:00,143.71499999999997,sl,-31.8,-3.18
2024-09-24 17:15:00,2024-09-24 17:30:00,buy,0.46881371666964045,0.01,143.533,143.23299999999998,144.13299999999998,30.0,60.0,2024-09-24 22:15:00,143.23299999999998,sl,-31.8,-3.18
2024-09-24 22:15:00,2024-09-24 22:30:00,buy,0.46072495534518565,0.01,143.26799999999997,142.96799999999996,143.86799999999997,30.0,60.0,2024-09-25 01:45:00,142.96799999999996,sl,-31.8,-3.18
2024-09-25 02:00:00,2024-09-25 02:15:00,buy,0.4032518104439678,0.01,143.09399999999997,142.79399999999995,143.69399999999996,30.0,60.0,2024-09-25 09:45:00,143.69399999999996,tp,58.2,5.82
2024-09-25 09:45:00,2024-09-25 10:00:00,buy,0.4240139415123464,0.01,143.61399999999998,143.31399999999996,144.21399999999997,30.0,60.0,2024-09-25 12:15:00,144.21399999999997,tp,58.2,5.82
2024-09-25 16:15:00,2024-09-25 16:30:00,buy,0.4677821003045647,0.01,144.009,143.70899999999997,144.60899999999998,30.0,60.0,2024-09-25 20:00:00,144.60899999999998,tp,58.2,5.82
2024-09-26 13:45:00,2024-09-26 14:00:00,buy,0.40047371902511475,0.01,144.37699999999998,144.07699999999997,144.97699999999998,30.0,60.0,2024-09-26 17:15:00,144.97699999999998,tp,58.2,5.82
2024-09-26 22:15:00,2024-09-26 22:30:00,buy,0.42270063811823855,0.01,144.64499999999998,144.34499999999997,145.24499999999998,30.0,60.0,2024-09-27 03:30:00,145.24499999999998,tp,58.2,5.82
2024-09-27 09:45:00,2024-09-27 10:00:00,buy,0.40677589453408264,0.01,143.07399999999998,142.77399999999997,143.67399999999998,30.0,60.0,2024-09-27 11:15:00,143.67399999999998,tp,58.2,5.82
2024-09-27 11:15:00,2024-09-27 11:30:00,buy,0.40903118593847987,0.01,143.07199999999997,142.77199999999996,143.67199999999997,30.0,60.0,2024-09-27 15:30:00,142.77199999999996,sl,-31.8,-3.18
2024-09-27 15:45:00,2024-09-27 16:00:00,buy,0.46114520567323636,0.01,142.64999999999998,142.34999999999997,143.24999999999997,30.0,60.0,2024-09-27 20:15:00,142.34999999999997,sl,-31.8,-3.18
2024-09-27 20:15:00,2024-09-27 20:30:00,buy,0.42459151664929023,0.01,142.34999999999997,142.04999999999995,142.94999999999996,30.0,60.0,2024-09-30 02:45:00,142.94999999999996,tp,58.2,5.82
2024-09-30 03:30:00,2024-09-30 03:45:00,buy,0.4458108097053338,0.01,142.70099999999996,142.40099999999995,143.30099999999996,30.0,60.0,2024-09-30 05:00:00,142.40099999999995,sl,-31.8,-3.18
2024-09-30 05:00:00,2024-09-30 05:15:00,buy,0.5011154340518191,0.01,142.42099999999996,142.12099999999995,143.02099999999996,30.0,60.0,2024-09-30 07:45:00,142.12099999999995,sl,-31.8,-3.18
2024-09-30 07:45:00,2024-09-30 08:00:00,buy,0.44922999080150017,0.01,142.009,141.70899999999997,142.60899999999998,30.0,60.0,2024-09-30 08:45:00,141.70899999999997,sl,-31.8,-3.18
2024-09-30 08:45:00,2024-09-30 09:00:00,buy,0.5047249560193141,0.01,141.89699999999996,141.59699999999995,142.49699999999996,30.0,60.0,2024-09-30 11:15:00,142.49699999999996,tp,58.2,5.82
2024-09-30 14:15:00,2024-09-30 14:30:00,buy,0.44869879182935407,0.01,142.54799999999997,142.24799999999996,143.14799999999997,30.0,60.0,2024-09-30 17:00:00,143.14799999999997,tp,58.2,5.82
2024-09-30 17:15:00,2024-09-30 17:30:00,buy,0.46446244873780385,0.01,142.95899999999997,142.65899999999996,143.55899999999997,30.0,60.0,2024-09-30 21:00:00,143.55899999999997,tp,58.2,5.82
2024-09-30 21:00:00,2024-09-30 21:15:00,buy,0.4567804551629838,0.01,143.85599999999997,143.55599999999995,144.45599999999996,30.0,60.0,2024-10-01 00:00:00,143.55599999999995,sl,-31.8,-3.18
2024-10-01 00:00:00,2024-10-01 00:15:00,buy,0.4395478226993424,0.01,143.611,143.31099999999998,144.21099999999998,30.0,60.0,2024-10-01 06:30:00,144.21099999999998,tp,58.2,5.82
2024-10-01 10:15:00,2024-10-01 10:30:00,buy,0.4133718985740874,0.01,144.09499999999997,143.79499999999996,144.69499999999996,30.0,60.0,2024-10-01 11:00:00,143.79499999999996,sl,-31.8,-3.18
2024-10-01 11:30:00,2024-10-01 11:45:00,buy,0.44316254966955515,0.01,143.82199999999997,143.52199999999996,144.42199999999997,30.0,60.0,2024-10-01 16:30:00,143.52199999999996,sl,-31.8,-3.18
2024-10-01 16:30:00,2024-10-01 16:45:00,buy,0.46114520567323636,0.01,143.53799999999998,143.23799999999997,144.13799999999998,30.0,60.0,2024-10-01 17:00:00,143.23799999999997,sl,-31.8,-3.18
2024-10-01 17:00:00,2024-10-01 17:15:00,buy,0.46114520567323636,0.01,143.29999999999998,142.99999999999997,143.89999999999998,30.0,60.0,2024-10-01 18:30:00,143.89999999999998,tp,58.2,5.82
2024-10-01 19:00:00,2024-10-01 19:15:00,buy,0.4376518980124898,0.01,143.61299999999997,143.31299999999996,144.21299999999997,30.0,60.0,2024-10-01 19:30:00,143.31299999999996,sl,-31.8,-3.18
2024-10-01 19:30:00,2024-10-01 19:45:00,buy,0.4567804551629838,0.01,143.64899999999997,143.34899999999996,144.24899999999997,30.0,60.0,2024-10-01 20:15:00,143.34899999999996,sl,-31.8,-3.18
2024-10-01 20:15:00,2024-10-01 20:30:00,buy,0.4880719551853258,0.01,143.72599999999997,143.42599999999996,144.32599999999996,30.0,60.0,2024-10-02 11:45:00,144.32599999999996,tp,58.2,5.82
2024-10-02 11:45:00,2024-10-02 12:00:00,buy,0.4300198465636245,0.01,144.361,144.06099999999998,144.96099999999998,30.0,60.0,2024-10-02 15:15:00,144.96099999999998,tp,58.2,5.82
2024-10-02 17:45:00,2024-10-02 18:00:00,sell,0.4082376467790598,0.01,146.14300000000003,146.44300000000004,145.54300000000003,30.0,60.0,2024-10-02 22:30:00,146.44300000000004,sl,-31.8,-3.18
2024-10-03 01:15:00,2024-10-03 01:30:00,buy,0.4097126333880178,0.01,146.587,146.28699999999998,147.18699999999998,30.0,60.0,2024-10-03 04:00:00,147.18699999999998,tp,58.2,5.82
2024-10-04 15:45:00,2024-10-04 16:00:00,buy,0.4041095657285254,0.01,148.60299999999998,148.30299999999997,149.20299999999997,30.0,60.0,2024-10-07 05:15:00,148.30299999999997,sl,-31.8,-3.18
2024-10-07 10:45:00,2024-10-07 11:00:00,buy,0.4042244121875334,0.01,148.26299999999998,147.96299999999997,148.86299999999997,30.0,60.0,2024-10-07 16:00:00,147.96299999999997,sl,-31.8,-3.18
2024-10-08 10:15:00,2024-10-08 10:30:00,buy,0.40080034101993756,0.01,147.56099999999998,147.26099999999997,148.16099999999997,30.0,60.0,2024-10-08 15:30:00,148.16099999999997,tp,58.2,5.82
2024-10-10 17:30:00,2024-10-10 17:45:00,sell,0.411457105342266,0.01,148.70600000000002,149.00600000000003,148.10600000000002,30.0,60.0,2024-10-10 20:00:00,149.00600000000003,sl,-31.8,-3.18
2024-10-15 10:30:00,2024-10-15 10:45:00,sell,0.4027463585563565,0.01,149.22100000000003,149.52100000000004,148.62100000000004,30.0,60.0,2024-10-15 20:00:00,149.52100000000004,sl,-31.8,-3.18
2024-10-18 16:30:00,2024-10-18 16:45:00,buy,0.4128126614359167,0.01,149.74999999999997,149.44999999999996,150.34999999999997,30.0,60.0,2024-10-18 19:30:00,149.44999999999996,sl,-31.8,-3.18
2024-10-22 18:45:00,2024-10-22 19:00:00,buy,0.4070700087689799,0.01,151.16199999999998,150.86199999999997,151.76199999999997,30.0,60.0,2024-10-23 04:30:00,151.76199999999997,tp,58.2,5.82
2024-10-23 12:30:00,2024-10-23 12:45:00,buy,0.40095352159961745,0.01,152.736,152.43599999999998,153.33599999999998,30.0,60.0,2024-10-24 05:45:00,152.43599999999998,sl,-31.8,-3.18
2024-10-24 17:45:00,2024-10-24 18:00:00,buy,0.4121718598460081,0.01,151.84999999999997,151.54999999999995,152.44999999999996,30.0,60.0,2024-10-25 08:00:00,151.54999999999995,sl,-31.8,-3.18
2024-10-28 00:30:00,2024-10-28 00:45:00,buy,0.40447536837866194,0.01,152.89699999999996,152.59699999999995,153.49699999999996,30.0,60.0,2024-10-28 04:00:00,153.49699999999996,tp,58.2,5.82
2024-10-28 04:00:00,2024-10-28 04:15:00,sell,0.41757817526255614,0.01,153.55400000000003,153.85400000000004,152.95400000000004,30.0,60.0,2024-10-28 04:45:00,153.85400000000004,sl,-31.8,-3.18
2024-10-28 10:00:00,2024-10-28 10:15:00,buy,0.41216649610207856,0.01,153.31099999999998,153.01099999999997,153.91099999999997,30.0,60.0,2024-10-28 12:30:00,153.01099999999997,sl,-31.8,-3.18
2024-10-29 04:45:00,2024-10-29 05:00:00,buy,0.4139517062121529,0.01,152.968,152.66799999999998,153.56799999999998,30.0,60.0,2024-10-29 14:45:00,153.56799999999998,tp,58.2,5.82
2024-10-29 20:15:00,2024-10-29 20:30:00,buy,0.4109444125675875,0.01,153.46899999999997,153.16899999999995,154.06899999999996,30.0,60.0,2024-10-30 02:00:00,153.16899999999995,sl,-31.8,-3.18
2024-10-30 11:30:00,2024-10-30 11:45:00,buy,0.4048893044096724,0.01,152.867,152.56699999999998,153.46699999999998,30.0,60.0,2024-10-30 15:30:00,153.46699999999998,tp,58.2,5.82
2024-10-31 10:00:00,2024-10-31 10:15:00,sell,0.40527161550995017,0.01,152.24300000000002,152.54300000000003,151.64300000000003,30.0,60.0,2024-10-31 10:30:00,152.54300000000003,sl,-31.8,-3.18
2024-10-31 11:00:00,2024-10-31 11:15:00,buy,0.4154005915491233,0.01,152.02999999999997,151.72999999999996,152.62999999999997,30.0,60.0,2024-10-31 14:00:00,152.62999999999997,tp,58.2,5.82
2024-10-31 14:30:00,2024-10-31 14:45:00,buy,0.404605293296191,0.01,152.73499999999999,152.43499999999997,153.33499999999998,30.0,60.0,2024-10-31 18:15:00,152.43499999999997,sl,-31.8,-3.18
2024-10-31 21:15:00,2024-10-31 21:30:00,buy,0.4062920096309062,0.01,151.96299999999997,151.66299999999995,152.56299999999996,30.0,60.0,2024-11-01 08:15:00,152.56299999999996,tp,58.2,5.82
2024-11-01 16:45:00,2024-11-01 17:00:00,buy,0.4154005915491233,0.01,152.706,152.40599999999998,153.30599999999998,30.0,60.0,2024-11-04 00:00:00,152.40599999999998,sl,-31.8,-3.18
2024-11-04 00:15:00,2024-11-04 00:30:00,buy,0.4573472379631994,0.01,152.40399999999997,152.10399999999996,153.00399999999996,30.0,60.0,2024-11-04 02:15:00,152.10399999999996,sl,-31.8,-3.18
2024-11-04 05:15:00,2024-11-04 05:30:00,buy,0.4135530509113769,0.01,151.688,151.38799999999998,152.28799999999998,30.0,60.0,2024-11-05 01:45:00,152.28799999999998,tp,58.2,5.82
2024-11-06 03:00:00,2024-11-06 03:15:00,sell,0.4066411256282606,0.01,152.95100000000002,153.25100000000003,152.35100000000003,30.0,60.0,2024-11-06 04:00:00,153.25100000000003,sl,-31.8,-3.18
2024-11-07 17:15:00,2024-11-07 17:30:00,sell,0.41270571003395673,0.01,152.94100000000003,153.24100000000004,152.34100000000004,30.0,60.0,2024-11-07 21:00:00,153.24100000000004,sl,-31.8,-3.18
2024-11-08 05:15:00,2024-11-08 05:30:00,buy,0.41668004777821527,0.01,152.86499999999998,152.56499999999997,153.46499999999997,30.0,60.0,2024-11-08 06:15:00,152.56499999999997,sl,-31.8,-3.18
2024-11-08 10:00:00,2024-11-08 10:15:00,buy,0.4335132555965512,0.01,152.56199999999998,152.26199999999997,153.16199999999998,30.0,60.0,2024-11-08 11:45:00,152.26199999999997,sl,-31.8,-3.18
2024-11-15 17:15:00,2024-11-15 17:30:00,buy,0.4028920083135711,0.01,155.09099999999998,154.79099999999997,155.69099999999997,30.0,60.0,2024-11-15 18:00:00,154.79099999999997,sl,-31.8,-3.18
2024-11-15 18:15:00,2024-11-15 18:30:00,buy,0.4121078714917246,0.01,154.66299999999998,154.36299999999997,155.26299999999998,30.0,60.0,2024-11-15 19:30:00,154.36299999999997,sl,-31.8,-3.18
2024-11-19 11:00:00,2024-11-19 11:15:00,buy,0.40902968931838135,0.01,153.44199999999998,153.14199999999997,154.04199999999997,30.0,60.0,2024-11-19 13:45:00,154.04199999999997,tp,58.2,5.82
2024-11-20 10:30:00,2024-11-20 10:45:00,buy,0.40429272515047343,0.01,155.646,155.34599999999998,156.24599999999998,30.0,60.0,2024-11-20 17:00:00,155.34599999999998,sl,-31.8,-3.18
2024-11-27 10:30:00,2024-11-27 10:45:00,buy,0.40898087462488614,0.01,151.83999999999997,151.53999999999996,152.43999999999997,30.0,60.0,2024-11-27 11:30:00,151.53999999999996,sl,-31.8,-3.18
2024-11-27 11:45:00,2024-11-27 12:00:00,buy,0.41963036969000206,0.01,151.46599999999998,151.16599999999997,152.06599999999997,30.0,60.0,2024-11-27 16:15:00,151.16599999999997,sl,-31.8,-3.18
2024-11-27 19:45:00,2024-11-27 20:00:00,buy,0.40898087462488614,0.01,150.79899999999998,150.49899999999997,151.39899999999997,30.0,60.0,2024-11-28 02:00:00,151.39899999999997,tp,58.2,5.82
2024-11-29 03:15:00,2024-11-29 03:30:00,sell,0.40926225219207835,0.01,150.01300000000003,150.31300000000005,149.41300000000004,30.0,60.0,2024-11-29 04:30:00,150.31300000000005,sl,-31.8,-3.18
2024-11-29 04:30:00,2024-11-29 04:45:00,buy,0.4661981919072984,0.01,150.17399999999998,149.87399999999997,150.77399999999997,30.0,60.0,2024-11-29 06:15:00,149.87399999999997,sl,-31.8,-3.18
2024-11-29 10:00:00,2024-11-29 10:15:00,sell,0.40526487727112537,0.01,150.18500000000003,150.48500000000004,149.58500000000004,30.0,60.0,2024-11-29 18:15:00,150.48500000000004,sl,-31.8,-3.18
2024-11-29 20:45:00,2024-11-29 21:00:00,buy,0.4573472379631994,0.01,149.61399999999998,149.31399999999996,150.21399999999997,30.0,60.0,2024-12-02 02:00:00,150.21399999999997,tp,58.2,5.82
2024-12-02 18:30:00,2024-12-02 18:45:00,buy,0.4121078714917246,0.01,149.27999999999997,148.97999999999996,149.87999999999997,30.0,60.0,2024-12-03 02:15:00,149.87999999999997,tp,58.2,5.82
2024-12-03 16:15:00,2024-12-03 16:30:00,sell,0.40077290753202444,0.01,148.735,149.03500000000003,148.13500000000002,30.0,60.0,2024-12-03 17:00:00,149.03500000000003,sl,-31.8,-3.18
2024-12-03 17:30:00,2024-12-03 17:45:00,buy,0.4042231492533334,0.01,149.16599999999997,148.86599999999996,149.76599999999996,30.0,60.0,2024-12-04 02:15:00,149.76599999999996,tp,58.2,5.82
