time,P3
2016-01-01,0.00011784933276317688
2016-01-04,-0.0012940801238983197
2016-01-05,-0.0003978236435202935
2016-01-06,0.0004988477020166165
2016-01-07,2.0160982202752867e-05
2016-01-08,-0.0012936460824702377
2016-01-11,0.0017331030426992553
2016-01-12,-0.00039134123027635015
2016-01-13,-0.000259345603456228
2016-01-14,-0.0005395163416894671
2016-01-15,-0.002479580387286685
2016-01-18,-4.633726015127099e-05
2016-01-19,0.0015567865832686965
2016-01-20,0.0014233318311979394
2016-01-21,-0.0021146141006291867
2016-01-22,-0.002109445939610741
2016-01-25,0.0008075645284642149
2016-01-26,-0.00040012199386027313
2016-01-27,-0.001246238833122208
2016-01-28,-0.0009015820949060106
2016-01-29,0.001065447514506263
2016-02-01,0.0024129119618738586
2016-02-02,0.0005383929792886806
2016-02-03,0.0009504790066195983
2016-02-04,0.004234470534933517
2016-02-05,0.0025626062140474584
2016-02-08,0.006667179149378764
2016-02-09,0.0003737413466717257
2016-02-10,0.0010094791789489854
2016-02-11,0.0075127238005347425
2016-02-12,-0.0032616883113761306
2016-02-15,-0.0022614506645668763
2016-02-16,-0.0010574577763410849
2016-02-17,-0.0006278151619493102
2016-02-18,0.003675669589809974
2016-02-19,-0.00010615086252381582
2016-02-22,-0.0020117090149864496
2016-02-23,0.0002948377777518526
2016-02-24,-0.0008638422078603219
2016-02-25,0.0011859062984938024
2016-02-26,-0.0007097080896298147
2016-02-29,0.001284137771505026
2016-03-01,-5.0119714833161e-05
2016-03-02,0.0006314080985754218
2016-03-03,0.0016973759975399613
2016-03-04,-0.00047797383362108083
2016-03-07,-0.00015322086151995837
2016-03-08,-0.002906640060498481
2016-03-09,-0.00048595325524914665
2016-03-10,4.9283622324699886e-05
2016-03-11,0.00043804837267209237
2016-03-14,-0.0010047913323594172
2016-03-15,-0.002206345947946042
2016-03-16,0.002584922420612431
2016-03-17,0.0026558009674318966
2016-03-18,0.0006153369740037553
2016-03-21,-0.0012077958526590781
2016-03-22,-0.00025422000732507966
2016-03-23,-0.0038376282543968296
2016-03-24,-0.0027292885226645053
2016-03-25,8.960398579561101e-05
2016-03-28,0.0004617101268313355
2016-03-29,0.0017463631696342486
2016-03-30,-0.00011454471591608327
2016-03-31,-0.0005062191074460379
2016-04-01,-0.00013226263917355693
2016-04-04,-0.0010109180323603969
2016-04-05,-0.001233629632106714
2016-04-06,0.0008272481474444502
2016-04-07,-0.0009986127866618859
2016-04-08,-0.0004458292834670875
2016-04-11,0.0006485786818494515
2016-04-12,-6.365497360700217e-05
2016-04-13,0.0005921130151302971
2016-04-14,-0.0011219579791450884
2016-04-15,0.0008762932459718681
2016-04-18,5.18791043524589e-05
2016-04-19,0.004671796619467981
2016-04-20,0.0009997380112417508
2016-04-21,0.0004463358056901972
2016-04-22,-0.003898588026858525
2016-04-25,-0.00022891390239762805
2016-04-26,0.00046596479347466745
2016-04-27,-0.0010015013003896924
2016-04-28,0.00022202470989461347
2016-04-29,0.00271594116033412
2016-05-02,-0.0016701139920840592
2016-05-03,-0.0009762483509285517
2016-05-04,-0.0025791297122542004
2016-05-05,-0.0008573945249476028
2016-05-06,0.002673300424458645
2016-05-09,-0.0033279290182100757
2016-05-10,0.0019083884893933258
2016-05-11,0.0013634932014167723
2016-05-12,-0.0016901575342772451
2016-05-13,-2.1924101699790108e-05
2016-05-16,0.0006022793508242357
2016-05-17,0.00047979442923794046
2016-05-18,-0.0035326022453441345
2016-05-19,-0.0023512654481913295
2016-05-20,0.0007518656266945048
2016-05-23,-0.0006929100977359105
2016-05-24,-0.0009350861358249732
2016-05-25,0.0020198817874478602
2016-05-26,0.0006893811939483259
2016-05-27,0.0007957241407647765
2016-05-30,0.0007105032432099576
2016-05-31,-0.0009694542472726565
2016-06-01,-0.0006660317409040365
2016-06-02,0.0012229394763768108
2016-06-03,0.004452343204654583
2016-06-06,0.0021408331100093597
2016-06-07,8.553321830307037e-05
2016-06-08,0.0032129645872893135
2016-06-09,-0.0014419362178064799
2016-06-10,-0.002110575275945476
2016-06-13,0.0010976685908080609
2016-06-14,-0.0019039994899916265
2016-06-15,0.0015044395568653115
2016-06-16,0.0016087594238260248
2016-06-17,0.001790453671943328
2016-06-20,-0.0013605605677209167
2016-06-21,-0.006811353889443625
2016-06-22,-0.003536032331605697
2016-06-23,0.0010930769587948607
2016-06-24,-0.0005478414965070802
2016-06-27,0.0009218319220766778
2016-06-28,0.001753111358774738
2016-06-29,0.003131689627654547
2016-06-30,0.0016232726103402872
2016-07-01,0.004826307442963142
2016-07-04,0.0006464239606708
2016-07-05,0.00014996108370035244
2016-07-06,-0.00020524424871669276
2016-07-07,-0.003009496381736759
2016-07-08,0.0031068785193019426
2016-07-11,0.0009021257173428863
2016-07-12,-0.0016105156962767694
2016-07-13,0.0017264885226470608
2016-07-14,0.0004406718730255411
2016-07-15,-0.0017567658467372502
2016-07-18,0.0005638756519272913
2016-07-19,0.0008088699966174411
2016-07-20,-5.271782307694622e-05
2016-07-21,0.0010378113605642165
2016-07-22,-0.001422320823315147
2016-07-25,-0.0012254202277892112
2016-07-26,0.0010787349887616039
2016-07-27,0.002498981517921141
2016-07-28,0.0001882651601857536
2016-07-29,0.002903371235462636
2016-08-01,0.0002269639259587508
2016-08-02,-0.003145430049613532
2016-08-03,-0.002407437535656135
2016-08-04,0.0028221138898167184
2016-08-05,-0.003650062118448155
2016-08-08,4.5922252079299095e-06
2016-08-09,0.0017682388872598605
2016-08-10,-0.0003188170806436187
2016-08-11,-0.0004768000865470376
2016-08-12,-0.00027441973784427524
2016-08-15,3.218514227820192e-06
2016-08-16,-0.0026038473187579418
2016-08-17,-0.0005988497276353952
2016-08-18,0.00034804604788869027
2016-08-19,-0.0023480863335270737
2016-08-22,0.0005748149236857095
2016-08-23,0.001554527731446686
2016-08-24,-0.002661076292718412
2016-08-25,-0.0007504485190458909
2016-08-26,-8.933544792253947e-05
2016-08-29,0.0023090985586212876
2016-08-30,-0.0005992969975620859
2016-08-31,-0.0009871805158701281
2016-09-01,-0.0005170211580490605
2016-09-02,0.0016956419798934135
2016-09-05,0.000699949202327068
2016-09-06,0.0034520415225904257
2016-09-07,-0.00043981468133841187
2016-09-08,-0.0030793729044402258
2016-09-09,-0.008351404830314402
2016-09-12,-0.0009269237839573426
2016-09-13,-0.0020888551688829347
2016-09-14,0.00041307334542078173
2016-09-15,-0.0005590036168513921
2016-09-16,-0.0008039394643474916
2016-09-19,0.0012265427634009654
2016-09-20,0.000524492716187048
2016-09-21,0.0021292947493421403
2016-09-22,0.0018974171190621213
2016-09-23,-0.0007596200413449465
2016-09-26,-0.0005911092265156898
2016-09-27,-0.0006679795755954811
2016-09-28,0.0004741433536203041
2016-09-29,-0.000444473359645459
2016-09-30,-0.0005076986502724917
2016-10-03,-0.0007561787168462226
2016-10-04,-0.0033116890221003927
2016-10-05,-0.0003069678948038726
2016-10-06,-0.0008349357500254569
2016-10-07,0.0002007063063546189
2016-10-10,0.0011930122133659024
2016-10-11,-0.00033154608847031365
2016-10-12,-0.0007733118461488352
2016-10-13,-0.0018556384489329357
2016-10-14,0.00015403084112705108
2016-10-17,-0.0006518185957522432
2016-10-18,0.0013179611257579536
2016-10-19,-2.1162447431955806e-05
2016-10-20,-0.0002600110334460334
2016-10-21,-4.3115366713950455e-05
2016-10-24,0.0006568693642461056
2016-10-25,0.0011307441667204876
2016-10-26,-0.0003680289468170875
2016-10-27,0.0003182472499007128
2016-10-28,-0.00014103244820681357
2016-10-31,-0.0016515366419602325
2016-11-01,0.0011145413020077239
2016-11-02,-0.0006227164242343816
2016-11-03,-0.0032951873993230245
2016-11-04,0.00048409249098165023
2016-11-07,0.002893249604756728
2016-11-08,0.0010328590930839402
2016-11-09,0.0030512010298262998
2016-11-10,0.0011127558898105865
2016-11-11,-0.0004134742104544217
2016-11-14,-0.0009896269223074717
2016-11-15,0.00040498842566916274
2016-11-16,-0.00033182042841654923
2016-11-17,0.0008476199528761576
2016-11-18,-0.00042473925080675377
2016-11-21,0.0026774311386460695
2016-11-22,0.0020145400994924854
2016-11-23,0.0010500380914885154
2016-11-24,0.0001457924874790263
2016-11-25,0.0025220572781903205
2016-11-28,-0.0023151257857390102
2016-11-29,-0.0010745187664341035
2016-11-30,0.00015040416842020718
2016-12-01,0.0018900341724355603
2016-12-02,-0.0015640699069916122
2016-12-05,0.00031872852511056636
2016-12-06,0.0010003177254391188
2016-12-07,0.0037034038428925653
2016-12-08,0.002823893575652855
2016-12-09,0.0037844947741804483
2016-12-12,0.0004153825500318261
2016-12-13,0.002659742605220356
2016-12-14,-0.0012750884914021303
2016-12-15,0.0006570816589793303
2016-12-16,0.0007831889116542696
2016-12-19,-0.0010093580966000716
2016-12-20,0.002859643815446903
2016-12-21,0.0015856463759112173
2016-12-22,0.003214549195405404
2016-12-23,0.003273128809730585
2016-12-26,0.0005563714998591593
2016-12-27,0.0031741967052116697
2016-12-28,4.4654769472149865e-06
2016-12-29,-0.0015059840090461398
2016-12-30,-0.0023924036718827807
2017-01-02,0.0015775420765244458
2017-01-03,0.003431353934038022
2017-01-04,0.007887627187745341
2017-01-05,-0.006680735708201476
2017-01-06,-0.0007317617130887582
2017-01-09,-0.0013791114864204123
2017-01-10,-5.0382662884590047e-05
2017-01-11,0.0014911917377360142
2017-01-12,-0.0005357727318512046
2017-01-13,0.0016630581537223491
2017-01-16,-0.0006138825758213398
2017-01-17,-0.0017084421054481922
2017-01-18,-0.000892219463830888
2017-01-19,-4.541859766879889e-05
2017-01-20,0.0025385759797482738
2017-01-23,-0.0017222460877802882
2017-01-24,0.0022157719732189608
2017-01-25,0.0032240713178037384
2017-01-26,-0.0015938751403459345
2017-01-27,3.4109673025333565e-05
2017-01-30,-0.005076050967856222
2017-01-31,-0.00016306643160454978
2017-02-01,0.0024758317812180112
2017-02-02,-0.00017696053690255376
2017-02-03,0.0023320272837961237
2017-02-06,0.0003392531483802453
2017-02-07,-4.528845419148938e-06
2017-02-08,0.001551502749527015
2017-02-09,-0.00024124651483458826
2017-02-10,0.005695233294755855
2017-02-13,0.0025893401508177935
2017-02-14,0.0018355925299237575
2017-02-15,0.004818186023670924
2017-02-16,-0.0010613179921913187
2017-02-17,-0.001428910595787086
2017-02-20,0.0009481371521914659
2017-02-21,0.004047937655457651
2017-02-22,0.0007225344068326947
2017-02-23,0.0014784461582003276
2017-02-24,-0.0007139012763156255
2017-02-27,0.0001597819315960293
2017-02-28,-0.0018305760770447432
2017-03-01,0.011535103425589083
2017-03-02,-0.0049393564813965795
2017-03-03,0.0003598531419982375
2017-03-06,-0.002090375220113629
2017-03-07,-0.002657565034538633
2017-03-08,-0.0034977716478449
2017-03-09,0.0006228465794194572
2017-03-10,0.0006286368181737122
2017-03-13,0.0005849239127557086
2017-03-14,-0.0012626772177099217
2017-03-15,0.0017390711158915253
2017-03-16,0.0005236213010790897
2017-03-17,-0.0015590302630237543
2017-03-20,-0.001455568607832498
2017-03-21,-0.005088397093460903
2017-03-22,-0.0031423189706796598
2017-03-23,0.0019757205541878074
2017-03-24,-0.0009714330730011942
2017-03-27,-0.0011220037944537924
2017-03-28,0.0039984873588994095
2017-03-29,0.0012171282028681936
2017-03-30,-4.5473618719620036e-05
2017-03-31,0.00012250625849250643
2017-04-03,-0.0009931308484349875
2017-04-04,0.0007322351440650219
2017-04-05,-0.0001932799531940122
2017-04-06,-0.0017399926557781593
2017-04-07,0.00028010661721260727
2017-04-10,0.00034678062817556195
2017-04-11,0.0018530403903451297
2017-04-12,0.0002780822785983268
2017-04-13,-0.003814181816990541
2017-04-14,-0.00012136518789122686
2017-04-17,0.0006416594769452826
2017-04-18,-0.004446985701231034
2017-04-19,-0.0025203459696205833
2017-04-20,0.0037895281374719994
2017-04-21,-0.00016895979787964928
2017-04-24,0.007595097899232524
2017-04-25,0.0019818156133867225
2017-04-26,0.0016609989464515754
2017-04-27,0.0007381974141618606
2017-04-28,-0.001601127704547493
2017-05-01,0.0020689763780456
2017-05-02,0.0017173085514240237
2017-05-03,-0.0022690924723873847
2017-05-04,0.0027215526649688217
2017-05-05,0.0015923910062054212
2017-05-08,0.002783497167918007
2017-05-09,0.0009615842661044215
2017-05-10,6.67559283741398e-05
2017-05-11,0.0008863140308206429
2017-05-12,-0.0021768525752150565
2017-05-15,0.0007658014817353147
2017-05-16,0.0006184957102782405
2017-05-17,-0.011787944445548745
2017-05-18,0.00011744909357794583
2017-05-19,0.002633685763046559
2017-05-22,0.003733642894526264
2017-05-23,0.0022347424965798316
2017-05-24,0.0031582997692561447
2017-05-25,2.95566903832795e-05
2017-05-26,-5.6038793697258315e-05
2017-05-29,0.0002247527964794472
2017-05-30,-0.00218653539292245
2017-05-31,0.0013059642534655298
2017-06-01,0.004196204812269625
2017-06-02,0.006856833123813172
2017-06-05,0.0007826975012707916
2017-06-06,0.0013070523701862304
2017-06-07,-0.002458880648142276
2017-06-08,-0.0006714618158501587
2017-06-09,-0.0037316388185563622
2017-06-12,-0.005057080934221221
2017-06-13,0.0029293947747482166
2017-06-14,-0.0013253138160220022
2017-06-15,-0.0021463961986291323
2017-06-16,0.0012007587286696519
2017-06-19,0.004388243193112551
2017-06-20,-0.0014435712172809056
2017-06-21,0.0007864816169433986
2017-06-22,0.0011612931840658445
2017-06-23,-0.0011095218063924646
2017-06-26,-0.0010426621398909699
2017-06-27,-0.0027044251616548127
2017-06-28,0.0016773620405328268
2017-06-29,-0.0035050936178821768
2017-06-30,-0.0024127733407799815
2017-07-03,-0.0005113486269069495
2017-07-04,0.00018797280968438696
2017-07-05,0.0007486092642181538
2017-07-06,-0.0032212896482881506
2017-07-07,0.00019681999925504775
2017-07-10,0.0014652092042031614
2017-07-11,0.00028822644646168326
2017-07-12,0.0012995662644717306
2017-07-13,-0.002191869664688463
2017-07-14,0.0008076895634987189
2017-07-17,0.00214990436566209
2017-07-18,-0.0008059148470207592
2017-07-19,0.001106745703565744
2017-07-20,0.0017728295152382642
2017-07-21,-0.0010435185387123365
2017-07-24,-0.0013131468393487616
2017-07-25,0.0016858363848818144
2017-07-26,0.002700348729340628
2017-07-27,0.0003053910085695455
2017-07-28,0.00033160789492023106
2017-07-31,-0.00028166381659523927
2017-08-01,-0.00013386649857624676
2017-08-02,-5.4898111230090964e-06
2017-08-03,0.0006360246537807272
2017-08-04,-0.0006644283331683258
2017-08-07,0.002666609790639736
2017-08-08,0.00043792621556266987
2017-08-09,-0.0005725395681943163
2017-08-10,-0.004862545377512524
2017-08-11,0.0017310821183822685
2017-08-14,0.0007658103857486066
2017-08-15,-0.0021943249554758916
2017-08-16,0.004183777956557766
2017-08-17,-0.004019883319564747
2017-08-18,-0.003082137170618561
2017-08-21,0.0015189112723240502
2017-08-22,0.0010681784587458758
2017-08-23,0.0007365090904877996
2017-08-24,-0.0005850676214325555
2017-08-25,0.0014009894543402495
2017-08-28,0.00687695778140966
2017-08-29,-0.0005232724671626141
2017-08-30,0.00024321066834337015
2017-08-31,0.0036443273219767583
2017-09-01,0.0025067225902108956
2017-09-04,-0.0018547207541663362
2017-09-05,-0.0010130651406587527
2017-09-06,-0.00014474815280607537
2017-09-07,0.0038627697238856327
2017-09-08,-0.0037288510926961425
2017-09-11,0.0007880823275326267
2017-09-12,0.0010601625923715734
2017-09-13,-0.0024794275335800965
2017-09-14,-0.0014553780512645434
2017-09-15,-0.0013312690280966272
2017-09-18,0.0006567821551200025
2017-09-19,0.00158425109156676
2017-09-20,-0.0007330862732397196
2017-09-21,-0.0025764022158355528
2017-09-22,0.0006043557064111588
2017-09-25,0.0014739778244133625
2017-09-26,-0.0014550120955544546
2017-09-27,0.0010759307450178414
2017-09-28,0.0015887493752740336
2017-09-29,0.0011680759694915634
2017-10-02,0.00111655659647233
2017-10-03,0.002141070441141966
2017-10-04,-4.481098643160921e-05
2017-10-05,0.004548308769815931
2017-10-06,-0.00017877973067041456
2017-10-09,0.0005183623406312736
2017-10-10,0.0025643910653890055
2017-10-11,0.0025486147589149164
2017-10-12,0.002036780359612128
2017-10-13,0.0029681107569320565
2017-10-16,0.004150510690913912
2017-10-17,-0.00018247950263539588
2017-10-18,0.001876905338796585
2017-10-19,-0.0005106441932276927
2017-10-20,0.003800129932634736
2017-10-23,-0.0010221468660043208
2017-10-24,0.0016163842277446777
2017-10-25,-0.0027322573312755605
2017-10-26,0.0025400295148488993
2017-10-27,0.0038313929825229613
2017-10-30,-0.0006256079468798937
2017-10-31,0.0014891169632133081
2017-11-01,0.006313585606056993
2017-11-02,0.000887629239152657
2017-11-03,0.0030155577922437843
2017-11-06,0.0014033735099134935
2017-11-07,0.0006229409093371272
2017-11-08,0.0016614857097618522
2017-11-09,-0.003916666022901821
2017-11-10,-0.003898772726657703
2017-11-13,-3.4151857745321695e-05
2017-11-14,-0.0034621922212004948
2017-11-15,-0.003974257127207824
2017-11-16,0.004380879548984344
2017-11-17,0.0003331206679703903
2017-11-20,-0.0005169856762861693
2017-11-21,0.0038797754730230914
2017-11-22,0.0006935015561418636
2017-11-23,-0.0006531816894976904
2017-11-24,0.0028512390059650186
2017-11-27,0.00025123400497543833
2017-11-28,0.0034993049530746786
2017-11-29,-0.0033794457613229027
2017-11-30,0.004489599066346576
2017-12-01,2.1554013389597862e-05
2017-12-04,0.00019113189066833952
2017-12-05,-0.0031662716748769772
2017-12-06,0.0002879497577711437
2017-12-07,0.007549359230249949
2017-12-08,0.0029218666468998414
2017-12-11,0.0035986164805322358
2017-12-12,0.0010188232289021176
2017-12-13,-0.0014673798717039133
2017-12-14,-0.0015358336213524917
2017-12-15,0.002954400896757112
2017-12-18,0.0054398356945540545
2017-12-19,-0.0016418020973265528
2017-12-20,-0.00023137424732859417
2017-12-21,0.0012495827159855245
2017-12-22,-9.781258813555975e-05
2017-12-25,0.00011936039162001507
2017-12-26,0.0017010248306324595
2017-12-27,0.00013858096079132892
2017-12-28,0.001996351124369078
2017-12-29,-0.0006998219797141395
2018-01-01,0.0008433711482950727
2018-01-02,0.005767785084005424
2018-01-03,0.0015505071687543371
2018-01-04,0.007876231613485477
2018-01-05,0.005114086790951444
2018-01-08,-0.0003704931497598331
2018-01-09,0.001142933060901343
2018-01-10,0.0013766466965121633
2018-01-11,0.0033914000629435338
2018-01-12,0.007672777088718771
2018-01-15,0.0010870068004485405
2018-01-16,-0.0022571339953153563
2018-01-17,0.001447959638516348
2018-01-18,-0.0009118999951452504
2018-01-19,0.00308577628964454
2018-01-22,0.0036815465357710794
2018-01-23,0.00408378427849558
2018-01-24,0.0032747611123289115
2018-01-25,-0.0035319589951995733
2018-01-26,0.006098799671814591
2018-01-29,-0.005719018527954066
2018-01-30,-0.009352495169715985
2018-01-31,0.0018473468760791545
2018-02-01,0.001599618965246823
2018-02-02,-0.009509043132637661
2018-02-05,-0.01338481238385763
2018-02-06,-0.0044646567279221705
2018-02-07,-0.001390901728659589
2018-02-08,-0.003334656878223338
2018-02-09,-0.0029694750619539013
2018-02-12,0.002773711906297736
2018-02-13,0.000633714888051835
2018-02-14,0.00486382904360516
2018-02-15,0.0010580934892778825
2018-02-16,-0.0003036663845676363
2018-02-19,3.801047041283864e-05
2018-02-20,-0.002233878998908635
2018-02-21,0.0007450244965884271
2018-02-22,-0.00011840283125205487
2018-02-23,0.00033788968276109117
2018-02-26,0.0016029471291481767
2018-02-27,-0.0007848260708965647
2018-02-28,-0.0025509143958723627
2018-03-01,-0.0021816890636161533
2018-03-02,0.000536074453239382
2018-03-05,0.002792978588853879
2018-03-06,0.000408972624391915
2018-03-07,-0.0021863965540362463
2018-03-08,-0.00014128433697968728
2018-03-09,0.0018908022169172682
2018-03-12,-0.0005567446443344297
2018-03-13,-0.001476222614540574
2018-03-14,-0.001525228135010802
2018-03-15,1.1270893922245038e-05
2018-03-16,0.0003249475028662986
2018-03-19,-0.004094185914688937
2018-03-20,0.0016841779705938616
2018-03-21,0.0033360611875877465
2018-03-22,-0.003689223372742413
2018-03-23,-0.000506060695927241
2018-03-26,0.0011705544569421214
2018-03-27,-0.0025602273631870477
2018-03-28,-0.0025992217922089314
2018-03-29,0.0013274348783815042
2018-03-30,1.7403756096822965e-05
2018-04-02,-0.0016030627342594654
2018-04-03,0.0015285086456948832
2018-04-04,-0.0006866664764808888
2018-04-05,0.002605581286697453
2018-04-06,-0.0026490730826873765
2018-04-09,0.0015025732234859757
2018-04-10,0.0031316435702265556
2018-04-11,2.7470986217902136e-05
2018-04-12,0.0005851241142645769
2018-04-13,0.0004740185242782438
2018-04-16,-0.0006461380794776296
2018-04-17,0.0014652581687668378
2018-04-18,0.004625970428974879
2018-04-19,0.00015576628707003763
2018-04-20,-0.00047626375278890537
2018-04-23,-0.0009172921705477892
2018-04-24,0.0013921168328212368
2018-04-25,-0.000570725476032503
2018-04-26,0.000511134359409696
2018-04-27,3.193916761573052e-05
2018-04-30,-0.000665421570768137
2018-05-01,0.0003040332843924927
2018-05-02,0.0003853317891384625
2018-05-03,0.001000835631852525
2018-05-04,0.0018975753273771882
2018-05-07,0.000979717714084529
2018-05-08,-0.0008844239953874417
2018-05-09,0.003898540416319318
2018-05-10,0.0011719844469441749
2018-05-11,-0.000532750437144157
2018-05-14,0.0009528546302493379
2018-05-15,4.496020458729126e-05
2018-05-16,0.0008561775420327249
2018-05-17,0.0012340800348723101
2018-05-18,-0.0010378169010512941
2018-05-21,0.0008709306193947601
2018-05-22,-0.000291287828525584
2018-05-23,-0.0038492831886557926
2018-05-24,-0.0026262981076991387
2018-05-25,-0.002492073144716626
2018-05-28,-0.000491403800169744
2018-05-29,-0.005895114107738173
2018-05-30,0.002188376313158464
2018-05-31,-0.0011243906420722258
2018-06-01,0.002285714478062313
2018-06-04,0.0001289077211898464
2018-06-05,-6.0513317309923665e-06
2018-06-06,0.003303167860962833
2018-06-07,0.001121904143745067
2018-06-08,-0.0001565713885480011
2018-06-11,0.000379570694020101
2018-06-12,0.00046248004092116194
2018-06-13,-0.00019722904914696928
2018-06-14,6.3575966024973516e-06
2018-06-15,-0.0053991645363496215
2018-06-18,-0.0011941665958504146
2018-06-19,-0.003013432168550606
2018-06-20,0.002142807008877883
2018-06-21,-0.00012384744891354933
2018-06-22,0.0005175395962175984
2018-06-25,-0.0030831436271510867
2018-06-26,0.0002392124530029358
2018-06-27,-0.0008171058835365654
2018-06-28,0.0012826743291906094
2018-06-29,0.0005644104512383658
2018-07-02,0.00013313236997368298
2018-07-03,1.688921818806172e-05
2018-07-04,-0.00033138509005684085
2018-07-05,0.001106549268050845
2018-07-06,-0.0007164160007655023
2018-07-09,0.002668346928041271
2018-07-10,-0.00011943319512017865
2018-07-11,-0.0037854630015945316
2018-07-12,0.0030726136939554054
2018-07-13,0.0010695566869081132
2018-07-16,-0.0023337578470021838
2018-07-17,-1.7649944652615198e-05
2018-07-18,0.0015582624176641996
2018-07-19,-0.0017341472264773975
2018-07-20,-0.00022640879963421617
2018-07-23,-0.0002496323887476285
2018-07-24,0.003471273102602762
2018-07-25,0.0011191255158201569
2018-07-26,-0.00030816054397860736
2018-07-27,-0.00040176595935097724
2018-07-30,-0.0018062066696717392
2018-07-31,-0.00014544061672945339
2018-08-01,5.2707461176483505e-05
2018-08-02,-0.002057350908802759
2018-08-03,-0.0005030230867282085
2018-08-06,0.000549167536101913
2018-08-07,0.0012794098096692013
2018-08-08,-0.0004076208590477888
2018-08-09,-0.0007173908731303696
2018-08-10,-0.003867795022889966
2018-08-13,-0.001970197750999329
2018-08-14,0.002049100905590738
2018-08-15,-0.002737433994101077
2018-08-16,0.0015161184763416425
2018-08-17,0.00161145368271222
2018-08-20,0.00034922967315480837
2018-08-21,-0.00042362080477965843
2018-08-22,-0.0002768279423314077
2018-08-23,-0.0009278974285037832
2018-08-24,0.0016136498971992697
2018-08-27,0.0023469758742413536
2018-08-28,0.002230052396222564
2018-08-29,0.0023390630447375003
2018-08-30,-0.0021842090416806566
2018-08-31,-0.0015487716214681504
2018-09-03,-0.0005268325522424848
2018-09-04,-0.0005466374253734152
2018-09-05,-0.004329778831893631
2018-09-06,-0.0020779387186959214
2018-09-07,-0.0006630421855907008
2018-09-10,-1.3140630046566413e-05
2018-09-11,0.0030362773871458206
2018-09-12,-0.0003818905054767298
2018-09-13,0.0009045376339792162
2018-09-14,0.0010731379246958753
2018-09-17,-0.000899696655693564
2018-09-18,0.004146141114644381
2018-09-19,0.0006315159126884335
2018-09-20,0.0016963945901835274
2018-09-21,0.0011006546881071803
2018-09-24,7.99404252574165e-05
2018-09-25,0.0003843188365407481
2018-09-26,-0.0012469679636224805
2018-09-27,-0.000928538971256631
2018-09-28,0.0011008131268492372
2018-10-01,0.0013334294846756413
2018-10-02,-0.0009718296676592712
2018-10-03,0.0030867864924628494
2018-10-04,-0.00440698768364451
2018-10-05,-0.001975510797435779
2018-10-08,-0.0024387794603672273
2018-10-09,-0.0007874454009667818
2018-10-10,-0.006254646553605637
2018-10-11,-0.006366130403877718
2018-10-12,0.000805361581208341
2018-10-15,0.0007018903912858611
2018-10-16,0.0011599142732124034
2018-10-17,-0.00037051946937324983
2018-10-18,-0.0008887410492958411
2018-10-19,0.0008402977000472886
2018-10-22,-0.0020416009132213924
2018-10-23,-0.00027444568885712293
2018-10-24,-0.0013379220337402895
2018-10-25,-0.00048217820607335883
2018-10-26,-0.0015034386067800537
2018-10-29,-0.0011692575486758853
2018-10-30,-0.0007521592869543696
2018-10-31,0.0008312150038653062
2018-11-01,0.0007148737018711354
2018-11-02,0.0016616772066247447
2018-11-05,-0.0014129213868483814
2018-11-06,-0.00038829747414211463
2018-11-07,0.0008832323281280568
2018-11-08,-6.434525833912149e-05
2018-11-09,-0.0028119407804832546
2018-11-12,-0.002214259769305941
2018-11-13,0.0005948427926156121
2018-11-14,-0.0014347610196311568
2018-11-15,6.719748753815102e-05
2018-11-16,-0.0007783458879732268
2018-11-19,-0.00158205326406685
2018-11-20,-5.0357198481884797e-05
2018-11-21,0.0003890070117155979
2018-11-22,-0.000133715997028015
2018-11-23,0.001246531438420081
2018-11-26,-0.0007100005516287529
2018-11-27,-0.0017439305358481702
2018-11-28,0.0021942297286272326
2018-11-29,-0.00046725063561433243
2018-11-30,-0.0005853096539260465
2018-12-03,-0.0007116315778985773
2018-12-04,-0.0030391557696273154
2018-12-05,-0.0006357806240849255
2018-12-06,-0.0013441605651029148
2018-12-07,0.0008402950837115437
2018-12-10,-0.0011867177758189296
2018-12-11,0.0004186076457974802
2018-12-12,0.0024491319784744176
2018-12-13,-0.0017270652377540656
2018-12-14,-0.002053834518809631
2018-12-17,0.0021790087633342466
2018-12-18,0.0018096633681952748
2018-12-19,-0.003023696152971553
2018-12-20,0.004763575364122344
2018-12-21,-0.0023571668020504572
2018-12-24,0.003545403699564463
2018-12-25,-0.0009754309439605622
2018-12-26,-0.00020164341717666197
2018-12-27,0.002809806233100468
2018-12-28,0.0020123747248628333
2018-12-31,-6.653631330642444e-05
2019-01-01,-0.00013978952751907418
2019-01-02,0.0009046762556782802
2019-01-03,0.0008903839890344356
2019-01-04,-0.0017644332062421613
2019-01-07,0.000558309039061795
2019-01-08,-0.001125556008367771
2019-01-09,0.0007634806169876846
2019-01-10,-0.0024066287385654237
2019-01-11,0.0003212804956719437
2019-01-14,0.0006972413313323654
2019-01-15,-0.0001597136599720388
2019-01-16,0.000866895749292276
2019-01-17,0.00026133596508896005
2019-01-18,-0.000848740898569161
2019-01-21,-0.000724018890942174
2019-01-22,-0.0012169896213250623
2019-01-23,-0.00027331288871382465
2019-01-24,2.8233289594939767e-05
2019-01-25,0.004328451657603148
2019-01-28,-0.00051011540803951
2019-01-29,0.001089345050240161
2019-01-30,0.0039730071803080755
2019-01-31,0.0013839182814209322
2019-02-01,-0.0012737531323811205
2019-02-04,0.00010515372972703099
2019-02-05,0.004720922586827992
2019-02-06,-0.002565070200271221
2019-02-07,-0.0015420982032732335
2019-02-08,0.00011557179562254149
2019-02-11,-0.002113436989004475
2019-02-12,0.0026120886777010305
2019-02-13,-0.0003830731956997709
2019-02-14,-0.0003538744853568071
2019-02-15,0.004182128341500571
2019-02-18,0.004173124875141141
2019-02-19,0.003652683586879686
2019-02-20,0.002961426019910406
2019-02-21,-0.006538744041437742
2019-02-22,0.004177788050980012
2019-02-25,0.0016431888336868007
2019-02-26,-0.00015962158102961473
2019-02-27,-0.003064960629389805
2019-02-28,-0.0019549568279955396
2019-03-01,-0.0015723538711972932
2019-03-04,-9.516001852159176e-05
2019-03-05,-0.0003650041479573332
2019-03-06,0.0002248214818836278
2019-03-07,-0.0003312199126908022
2019-03-08,-0.0016753077667660632
2019-03-11,0.0004022200958938528
2019-03-12,9.287859877831998e-05
2019-03-13,0.00103099345991516
2019-03-14,-0.0019669824375510947
2019-03-15,0.0015635526504836194
2019-03-18,0.0012100526291109108
2019-03-19,0.0015339276156159645
2019-03-20,-0.0009468800424851576
2019-03-21,0.0010395545184154575
2019-03-22,-0.0038499178971705627
2019-03-25,-0.0012050070541749702
2019-03-26,0.0001685256205308839
2019-03-27,-8.732247460823397e-05
2019-03-28,-0.0018076491414456659
2019-03-29,0.0010040438087698161
2019-04-01,0.0005582992377070155
2019-04-02,0.010747445506357261
2019-04-03,0.0009206850477096987
2019-04-04,-0.0014574944622211775
2019-04-05,0.0029253635187238805
2019-04-08,0.0021286758772920277
2019-04-09,-0.002263364005225419
2019-04-10,0.0019185875219651755
2019-04-11,-0.00505583939134232
2019-04-12,0.001764605582933667
2019-04-15,-0.0005117746687112556
2019-04-16,0.0011745082303601443
2019-04-17,0.0011287197420310321
2019-04-18,0.000585171528482448
2019-04-19,6.693594028644549e-05
2019-04-22,0.0010801160296077163
2019-04-23,0.004352014114929653
2019-04-24,0.00031132854883089765
2019-04-25,-0.0035667991017037915
2019-04-26,0.0009555968039237831
2019-04-29,-0.0006767963283138868
2019-04-30,0.0009262731373009948
2019-05-01,-0.0017702852323169523
2019-05-02,-0.003417881488347237
2019-05-03,0.0042284132115758466
2019-05-06,-0.0008733115343093619
2019-05-07,-0.004939153401952557
2019-05-08,0.00029991410150255644
2019-05-09,0.000950285342059542
2019-05-10,0.002675820389354508
2019-05-13,0.0031132078271367777
2019-05-14,0.0016015248191199065
2019-05-15,0.00529728037743418
2019-05-16,-0.0002272938537801757
2019-05-17,-0.0030624773635221977
2019-05-20,-0.0029213144967925654
2019-05-21,0.0004287080253812337
2019-05-22,-0.0012292692577416887
2019-05-23,-7.778017704424603e-05
2019-05-24,-0.0004944336789209671
2019-05-27,0.0009516581645802294
2019-05-28,-0.00025769507362737926
2019-05-29,-0.001911395313680046
2019-05-30,-0.0021704549232552228
2019-05-31,0.002453720391741497
2019-06-03,-0.0019176765025015717
2019-06-04,-0.001589066794598224
2019-06-05,0.0015070974945202125
2019-06-06,0.0012855739355699756
2019-06-07,0.003897537529359533
2019-06-10,-0.0016181515835830274
2019-06-11,0.0012066368390944444
2019-06-12,0.002499871853011933
2019-06-13,0.003176982887703095
2019-06-14,0.0004980027772018958
2019-06-17,0.0019719840571264147
2019-06-18,0.0020175012205673297
2019-06-19,0.0032657577716673036
2019-06-20,0.011900134975915957
2019-06-21,0.0016910292677353878
2019-06-24,0.004007032903968813
2019-06-25,-0.00028910626415016893
2019-06-26,0.0007339751630460152
2019-06-27,-0.005317521588524987
2019-06-28,0.002321408422412227
2019-07-01,9.329838322995144e-05
2019-07-02,0.0062357217803996196
2019-07-03,0.004538595585874094
2019-07-04,-7.344061704543673e-05
2019-07-05,-0.005123484198491581
2019-07-08,-0.0019023803050812157
2019-07-09,-0.0003049597018298528
2019-07-10,0.00028680558024260435
2019-07-11,-0.002131743421991001
2019-07-12,0.0031516294937561883
2019-07-15,5.494707474295828e-05
2019-07-16,-0.0033095891217442205
2019-07-17,0.0029654772982814054
2019-07-18,0.0032195156910692184
2019-07-19,-0.0023710757364337645
2019-07-22,1.0816720190440424e-05
2019-07-23,0.0001421345059833674
2019-07-24,0.0025985196003049144
2019-07-25,-0.003573878623896885
2019-07-26,0.0010154379649006506
2019-07-29,0.0018774440104488152
2019-07-30,-0.0008446393627172334
2019-07-31,-0.005313150856244509
2019-08-01,0.003597671552227464
2019-08-02,-0.0021622940371710925
2019-08-05,0.00037167274227514416
2019-08-06,-0.0007998960840284304
2019-08-07,0.006507673295227095
2019-08-08,1.9709494200363203e-05
2019-08-09,-0.002281716306564548
2019-08-12,0.0028218868511016727
2019-08-13,-0.0030960393822557215
2019-08-14,0.0022341057384594864
2019-08-15,0.0007484865572093477
2019-08-16,-0.0013218814575606931
2019-08-19,-0.0010982741032004133
2019-08-20,0.0019170881982674907
2019-08-21,-0.0011716015586235998
2019-08-22,-0.0012655701684660913
2019-08-23,0.004511936026710507
2019-08-26,-0.0008438534501602683
2019-08-27,0.0036721909139948643
2019-08-28,-0.0005214466104863259
2019-08-29,-0.0015329280460737711
2019-08-30,0.00011155668572701316
2019-09-02,0.00014796699581644794
2019-09-03,0.005635870713064717
2019-09-04,0.001104841976206297
2019-09-05,-0.005281643058017079
2019-09-06,-0.0017198977234648683
2019-09-09,-0.001990558560615381
2019-09-10,-0.0027394687604796225
2019-09-11,0.002148211020335707
2019-09-12,-0.0006152190527256136
2019-09-13,-0.0017399345117086532
2019-09-16,-0.0030814916390769775
2019-09-17,0.003211852615459164
2019-09-18,-9.265853271514936e-05
2019-09-19,0.0029879892950562628
2019-09-20,0.00018480296062172057
2019-09-23,-0.0006636604814908581
2019-09-24,-0.0035818737553730516
2019-09-25,-0.005077583513968379
2019-09-26,0.0002548455999534433
2019-09-27,-0.0008853304469462266
2019-09-30,-0.0022863228375079128
2019-10-01,-0.0004584307134775059
2019-10-02,-0.0020278143364002156
2019-10-03,0.0010088493533647904
2019-10-04,0.00031310442483260516
2019-10-07,-0.0011379254056143296
2019-10-08,0.0007423727505952103
2019-10-09,-8.670305411177223e-05
2019-10-10,-0.002172150869872004
2019-10-11,-0.001415209712098701
2019-10-14,0.0015661278088049378
2019-10-15,-0.0007169584689797758
2019-10-16,0.0007241774849913178
2019-10-17,0.00014152335554506987
2019-10-18,-0.001461981526629538
2019-10-21,0.0004240369235700852
2019-10-22,-0.0004447260603098418
2019-10-23,0.0010862410733993948
2019-10-24,0.00209804927006532
2019-10-25,0.0015283216810001877
2019-10-28,-0.000498928520253192
2019-10-29,-7.148155510084646e-05
2019-10-30,0.00022991338835099556
2019-10-31,0.0009209930224260884
2019-11-01,0.002469124585019133
2019-11-04,0.0009904643285292465
2019-11-05,-0.0028524697702709666
2019-11-06,0.0010608349471031696
2019-11-07,-0.0014197829831762258
2019-11-08,-0.002751285972082304
2019-11-11,-0.0025493038787986334
2019-11-12,0.0018268287581993693
2019-11-13,-0.00014467733487093142
2019-11-14,-0.00019802437093109052
2019-11-15,0.0023271746800916965
2019-11-18,0.00034941566528592997
2019-11-19,1.6159215486268622e-05
2019-11-20,-0.002148393554037071
2019-11-21,-0.0025853084789938022
2019-11-22,0.0005239565003805168
2019-11-25,0.0026855827639722042
2019-11-26,0.00158339776858911
2019-11-27,0.0015735582657445282
2019-11-28,-0.00045246340727557135
2019-11-29,-0.0013831232626681262
2019-12-02,-0.004856505398234382
2019-12-03,-0.0014087312694954076
2019-12-04,-0.0007808633072110121
2019-12-05,0.0008703392109685806
2019-12-06,0.0009789015701755395
2019-12-09,0.00015220937730578754
2019-12-10,0.00037701883203116257
2019-12-11,0.0024093014706584883
2019-12-12,0.0005950066751321709
2019-12-13,0.002828962483410699
2019-12-16,0.002692689057326452
2019-12-17,-0.0009101851586689852
2019-12-18,-0.00046709314036904275
2019-12-19,0.0014998490422992218
2019-12-20,0.0010672374518166925
2019-12-23,0.0010872362088238405
2019-12-24,0.004064801810805676
2019-12-25,-6.294550121396896e-05
2019-12-26,0.005332247242690601
2019-12-27,0.0005850674564234973
2019-12-30,-0.0032981994652841844
2019-12-31,-0.0016364994669537793
2020-01-01,0.0003374445229206589
2020-01-02,0.0065320475223745915
2020-01-03,0.003791187699178957
2020-01-06,0.0003315385404866788
2020-01-07,0.0060093466100687954
2020-01-08,-0.005958005719272605
2020-01-09,0.0019783747537906486
2020-01-10,0.002878943446631602
2020-01-13,-0.0003547081305197395
2020-01-14,0.00846467489477582
2020-01-15,0.0014364255154837907
2020-01-16,0.0011115590277370328
2020-01-17,0.00561946444786298
2020-01-20,0.00022480763137784998
2020-01-21,-0.0029113433050757457
2020-01-22,0.0007201360212486484
2020-01-23,-0.00417330365975449
2020-01-24,-0.0005307566848295088
2020-01-27,-0.008469947098802458
2020-01-28,0.0008498722841979489
2020-01-29,0.0010377236551033428
2020-01-30,0.0019353976415377447
2020-01-31,-0.003060482868286866
2020-02-03,0.0003075101202016544
2020-02-04,-0.0011872616059381122
2020-02-05,0.005271290526617421
2020-02-06,0.004456311488275289
2020-02-07,0.001511031070908105
2020-02-10,0.0004357022213942909
2020-02-11,0.0026746550441401743
2020-02-12,0.006669499091730864
2020-02-13,-0.0015528750979021122
2020-02-14,0.0025133337389013706
2020-02-17,0.0006144580356096787
2020-02-18,0.005155711637421724
2020-02-19,0.0009250856521893012
2020-02-20,-4.438456566610454e-05
2020-02-21,0.0019136302897947426
2020-02-24,-0.011549333024865953
2020-02-25,-0.00868287725845957
2020-02-26,-0.002736296082538269
2020-02-27,-0.004100335464126804
2020-02-28,-0.005052060216833795
2020-03-02,0.001674127709508376
2020-03-03,0.0008758819314841335
2020-03-04,0.0012540504139159825
2020-03-05,0.0020563154572013132
2020-03-06,0.005840464597767568
2020-03-09,0.005357857288665484
2020-03-10,-0.003711043936695609
2020-03-11,-0.001425080887764809
2020-03-12,-0.008900871865143349
2020-03-13,-0.0003921879950638726
2020-03-16,0.0016982711123304823
2020-03-17,0.0002824408155971346
2020-03-18,0.00026882166576615123
2020-03-19,-0.00193009531517166
2020-03-20,0.001437592348374749
2020-03-23,0.0007901552527205339
2020-03-24,0.001658850780442359
2020-03-25,0.00022985627569135412
2020-03-26,0.001689038717785328
2020-03-27,0.000960124453671387
2020-03-30,0.003095222096804604
2020-03-31,-0.0006203026059102188
2020-04-01,0.0005736634046177401
2020-04-02,-0.0034290942238835533
2020-04-03,-0.0020008492718977065
2020-04-06,0.0036104074684769182
2020-04-07,-0.0002707621645252738
2020-04-08,-1.8417152759428327e-05
2020-04-09,0.0023912342737320495
2020-04-10,-0.0015223881792893147
2020-04-13,0.0017024922843164082
2020-04-14,0.003351230608247093
2020-04-15,-0.0004644177295003435
2020-04-16,0.000508614089131135
2020-04-17,-0.0011435700617138365
2020-04-20,0.013397170707851057
2020-04-21,1.5871089913415456e-05
2020-04-22,-0.0001552945580631119
2020-04-23,0.00044557328300240824
2020-04-24,0.0014507299863799597
2020-04-27,0.0017969196710487482
2020-04-28,-0.0004668443676708067
2020-04-29,0.0037340277113413977
2020-04-30,-0.0065319845372762255
2020-05-01,-0.00232083152808457
2020-05-04,0.0006209192645123675
2020-05-05,-0.0010843933091957937
2020-05-06,-0.00018045003444019293
2020-05-07,0.004176027060543726
2020-05-08,-0.0012359144600221008
2020-05-11,-0.000999569682617346
2020-05-12,-0.0009438925107956342
2020-05-13,0.0014483573387435399
2020-05-14,0.0010380959154485108
2020-05-15,0.0011717326212007286
2020-05-18,-0.0018940453760932848
2020-05-19,0.0014919380980546496
2020-05-20,0.0013055077458041283
2020-05-21,-0.004759668313060243
2020-05-22,0.000941844101857851
2020-05-25,0.001324404496202158
2020-05-26,0.0006042481445471937
2020-05-27,0.001975740959554642
2020-05-28,0.0021119027184023577
2020-05-29,0.0007979563960645097
2020-06-01,0.003682801359940027
2020-06-02,-0.0012723282772244152
2020-06-03,0.0009210073582644444
2020-06-04,-0.0005137352135109173
2020-06-05,0.0012179563212627168
2020-06-08,0.002499002663929707
2020-06-09,0.0013347706257753657
2020-06-10,0.00244422550110321
2020-06-11,-0.010137182455696682
2020-06-12,-0.00019380497740434494
2020-06-15,-0.0017142595328713955
2020-06-16,0.0011649528794719685
2020-06-17,0.0002347688509421115
2020-06-18,1.4326396795644354e-05
2020-06-19,0.0015927489382103583
2020-06-22,0.0008865249452364609
2020-06-23,0.002108994066249389
2020-06-24,-0.003007582894098828
2020-06-25,0.0007857191032048971
2020-06-26,0.0006853194265566905
2020-06-29,-0.0008899846832796133
2020-06-30,0.0013530488849776603
2020-07-01,-0.0027289630840085267
2020-07-02,0.0020165937564613364
2020-07-03,-0.00026531511784749106
2020-07-06,0.0037395677466638432
2020-07-07,0.000812906087853696
2020-07-08,0.0022622758545430416
2020-07-09,-0.0006802830738656386
2020-07-10,4.905388645107914e-05
2020-07-13,0.0010366579514147843
2020-07-14,0.0008202359661462129
2020-07-15,0.001106649614050619
2020-07-16,-0.002826154578071093
2020-07-17,0.0012833621352520738
2020-07-20,0.003153087427243703
2020-07-21,0.006796512283705455
2020-07-22,0.005317050732972801
2020-07-23,0.0024383164967991316
2020-07-24,1.5616875494875433e-05
2020-07-27,0.011369103258578548
2020-07-28,-0.002307435812867732
2020-07-29,0.0016400398666636983
2020-07-30,-8.25932628306537e-06
2020-07-31,0.0031411290106654172
2020-08-03,0.0023776630942792536
2020-08-04,0.006940579474775335
2020-08-05,0.002958499547109432
2020-08-06,0.003560780254935343
2020-08-07,-0.0070153725235537695
2020-08-10,0.0027449984798072827
2020-08-11,-0.013848579453402335
2020-08-12,0.0031669655235062135
2020-08-13,0.0030138732992067356
2020-08-14,-0.00027150486412609245
2020-08-17,0.0025650895312038543
2020-08-18,0.001087845336220664
2020-08-19,-0.003690428134472377
2020-08-20,0.0009635365384079495
2020-08-21,-0.003142114458203553
2020-08-24,0.00212585706540917
2020-08-25,-0.0014072827014765205
2020-08-26,0.002604356824137842
2020-08-27,-0.0018192058860811
2020-08-28,0.002781722697570337
2020-08-31,0.0017188208368826804
2020-09-01,0.004361882405761122
2020-09-02,-0.002060065532217203
2020-09-03,-0.009848003558531744
2020-09-04,-0.0014244518966213462
2020-09-07,8.229911954580764e-05
2020-09-08,-0.0022916294046724747
2020-09-09,0.0018041937954019988
2020-09-10,0.000166585811445345
2020-09-11,0.0015255504457930766
2020-09-14,0.0018346770299093491
2020-09-15,-0.0011670803662571767
2020-09-16,0.0003779667433949151
2020-09-17,-0.00042642440322639537
2020-09-18,0.00013909851126411022
2020-09-21,-0.006344700927852981
2020-09-22,-0.00012565549700343178
2020-09-23,-0.004710487394910124
2020-09-24,0.0004527759736829291
2020-09-25,0.0007606940773437881
2020-09-28,0.0015399638677453438
2020-09-29,0.0009636731089169172
2020-09-30,0.0007110297126510177
2020-10-01,-0.00028512808819621465
2020-10-02,-0.0006297020745074754
2020-10-05,0.00046501766561252606
2020-10-06,-0.0006407557894914455
2020-10-07,0.0013865344432029412
2020-10-08,0.0010368216795717527
2020-10-09,0.0031334391214701313
2020-10-12,0.0005801236671709803
2020-10-13,-0.0014138154398035169
2020-10-14,0.0003593488874666224
2020-10-15,0.0007021637371320707
2020-10-16,-0.0014552080406757901
2020-10-19,0.0011785325074765674
2020-10-20,0.0006041530024481215
2020-10-21,0.004440546806795084
2020-10-22,4.1109334823462544e-05
2020-10-23,7.822714689881778e-06
2020-10-26,-0.0017813348395376808
2020-10-27,0.0019958922455159127
2020-10-28,-0.007453787540302364
2020-10-29,-0.0014456248468904646
2020-10-30,-0.0008898896445191096
2020-11-02,0.0015724551986727325
2020-11-03,0.0031875857996603346
2020-11-04,0.0032021470906229556
2020-11-05,0.007182961789681737
2020-11-06,0.0028031352231622825
2020-11-09,-0.005436126666690941
2020-11-10,0.002366076853032918
2020-11-11,0.0029138046448197123
2020-11-12,-1.4728898211099703e-05
2020-11-13,0.0025510609977834283
2020-11-16,0.006977287423960507
2020-11-17,0.002655336713605074
2020-11-18,-0.00044103346829120466
2020-11-19,-0.0012132006982244123
2020-11-20,0.004742098250552745
2020-11-23,0.002667403842012754
2020-11-24,0.004806994306764012
2020-11-25,-0.0031448791513370004
2020-11-26,-0.005389827766384295
2020-11-27,0.0021274785801108074
2020-11-30,-0.0010078264616588159
2020-12-01,0.0005311894880910399
2020-12-02,0.001794057328588855
2020-12-03,0.0020907880088557257
2020-12-04,-0.0020542352631104355
2020-12-07,-0.00023030071221689108
2020-12-08,-0.0031889988309483264
2020-12-09,0.0014266796438056064
2020-12-10,-5.4424507503080345e-05
2020-12-11,-0.0017823269054883593
2020-12-14,-9.529571093407829e-05
2020-12-15,0.0024962538446760703
2020-12-16,0.006241316131905547
2020-12-17,0.0061028867315431785
2020-12-18,0.00023454266210134325
2020-12-21,-0.004951177974123308
2020-12-22,-0.0008457354543924977
2020-12-23,0.00030495671142255097
2020-12-24,0.0027555843607129133
2020-12-25,0.0014417385380558736
2020-12-28,0.00401846092092432
2020-12-29,0.003212730819009835
2020-12-30,0.0040859545607593905
2020-12-31,0.0005847356882868181
2021-01-01,9.870443351121463e-05
2021-01-04,0.0021902650906330053
2021-01-05,0.00778027413658455
2021-01-06,0.003189147564152275
2021-01-07,0.0046690028551689975
2021-01-08,-0.0011120273806987397
2021-01-11,-0.008813170154771826
2021-01-12,0.0016719812908179436
2021-01-13,0.004219586696573263
2021-01-14,0.0052486454570323795
2021-01-15,-0.006071714802729951
2021-01-18,0.0003141433084514858
2021-01-19,0.0036261546597926545
2021-01-20,0.0022045688985001806
2021-01-21,-0.004426550475506114
2021-01-22,-0.002878487650915298
2021-01-25,0.001013378684131513
2021-01-26,0.001759030362101957
2021-01-27,-0.0077372285854795724
2021-01-28,0.00021790768082671847
2021-01-29,-0.001350740952062889
2021-02-01,0.004218439969998808
2021-02-02,0.003412606756218177
2021-02-03,0.0044072441820937865
2021-02-04,-0.0003205644575631081
2021-02-05,0.0044787096596407075
2021-02-08,0.009441414937689784
2021-02-09,0.0011839852996564056
2021-02-10,-0.002350445229619119
2021-02-11,0.002741818095791135
2021-02-12,0.0020010814647189383
2021-02-15,0.0016625177075264303
2021-02-16,0.004296097110189253
2021-02-17,0.0006856143785565146
2021-02-18,0.0008139914849216973
2021-02-19,0.0027276284374282964
2021-02-22,0.0005121826930364384
2021-02-23,-0.00306436682232746
2021-02-24,0.003951262703632528
2021-02-25,-0.005050365512058573
2021-02-26,-0.00837756873696973
2021-03-01,0.003994516383465727
2021-03-02,-0.00010731502874433479
2021-03-03,-0.0011031125493810715
2021-03-04,-0.0030281145033460234
2021-03-05,0.003145332840498677
2021-03-08,0.001870985518732009
2021-03-09,0.00035630807009320257
2021-03-10,0.0002450673064804377
2021-03-11,0.0039864006271736535
2021-03-12,0.0013793120323193186
2021-03-15,-0.001278730884341157
2021-03-16,0.0010604694778268886
2021-03-17,0.0013089837432097128
2021-03-18,-0.0034652305901877838
2021-03-19,-0.0006344487135362353
2021-03-22,-0.0020399722506255734
2021-03-23,-0.0025665875133037753
2021-03-24,-0.0011441832910691451
2021-03-25,-0.0020602876412002236
2021-03-26,0.006086363217148221
2021-03-29,0.00166300208061678
2021-03-30,-0.0012238819517542178
2021-03-31,0.003072160601890353
2021-04-01,0.0011249964572265818
2021-04-02,0.0022005192228053984
2021-04-05,0.003314454005850177
2021-04-06,-0.000488602649658576
2021-04-07,-0.0020821278113038097
2021-04-08,0.004543486079583632
2021-04-09,0.00041553759143851736
2021-04-12,-0.0022463748277718703
2021-04-13,0.004245745079020888
2021-04-14,0.003051048791065066
2021-04-15,0.003840408531920227
2021-04-16,0.0012527914746541782
2021-04-19,-0.0013159129470241898
2021-04-20,-0.0028854007112328398
2021-04-21,0.0038225984151476784
2021-04-22,0.0002520868616161488
2021-04-23,0.001318836221494115
2021-04-26,0.005912850601254072
2021-04-27,0.0038463904649224654
2021-04-28,-0.0006356064634168658
2021-04-29,-0.0003256574034939271
2021-04-30,-0.0006114403317333122
2021-05-03,0.004490319267584906
2021-05-04,-0.0038331072511586487
2021-05-05,0.006377408203790968
2021-05-06,0.005664572472884331
2021-05-07,0.00582856894546369
2021-05-10,-0.002178695864123974
2021-05-11,-0.00211600407788584
2021-05-12,-0.007870003636969077
2021-05-13,-0.0037612291176864743
2021-05-14,0.005656115751429605
2021-05-17,0.0006506970447276295
2021-05-18,0.0006365356588732471
2021-05-19,-0.00824623627513918
2021-05-20,0.002956167956881679
2021-05-21,-0.0007658886124118066
2021-05-24,0.0025175329659960547
2021-05-25,0.0008055113064280653
2021-05-26,0.00028214799456568427
2021-05-27,0.003154140570883301
2021-05-28,0.001721392850670472
2021-05-31,0.00019355555580150992
2021-06-01,0.0011032669727435963
2021-06-02,0.0021762309815105806
2021-06-03,-0.005966751779214275
2021-06-04,0.0036316549101621325
2021-06-07,-0.0006314720459740948
2021-06-08,-0.0006650683630464251
2021-06-09,-0.0016395559773720533
2021-06-10,0.0010924383813480057
2021-06-11,-0.0004475193967693355
2021-06-14,-0.0006220817497419561
2021-06-15,-0.0006040802687376537
2021-06-16,-0.0008936333042079801
2021-06-17,-0.007967403179363354
2021-06-18,-0.004728934314685066
2021-06-21,0.001460582293229453
2021-06-22,0.0034620675411239244
2021-06-23,0.00017813541738568643
2021-06-24,0.00138164731917399
2021-06-25,0.0017164143046326788
2021-06-28,-0.0004033932877881245
2021-06-29,0.00026257522027678685
2021-06-30,-0.0002540334486959516
2021-07-01,0.0011848172017280862
2021-07-02,0.001491025891130783
2021-07-05,4.015650352652527e-06
2021-07-06,-0.00400310922118252
2021-07-07,0.0007006817441670205
2021-07-08,-0.0045231804029999155
2021-07-09,0.004371744158096554
2021-07-12,0.0017564377836636017
2021-07-13,0.0005388961929358755
2021-07-14,-0.000496001332064191
2021-07-15,-0.003771060034711735
2021-07-16,-0.0025963197201632347
2021-07-19,-0.010991989704344
2021-07-20,0.003192633104347592
2021-07-21,0.0046053223659877265
2021-07-22,0.0024100574667741243
2021-07-23,0.0025266760001911985
2021-07-26,0.002008674416640101
2021-07-27,-0.0011734379940773452
2021-07-28,7.084728565776939e-05
2021-07-29,0.002818199454106774
2021-07-30,-0.0020575007292876982
2021-08-02,-0.00029177713149496385
2021-08-03,-2.490070369917372e-05
2021-08-04,0.0011341479829297307
2021-08-05,0.0031679939992572963
2021-08-06,0.0009344671423424966
2021-08-09,0.001204330993290171
2021-08-10,0.0019058372838523104
2021-08-11,0.001873758066317153
2021-08-12,0.00037976596031124335
2021-08-13,0.004755845884555528
2021-08-16,-0.0028098033195455663
2021-08-17,-0.004896009217289969
2021-08-18,-0.002647805221000068
2021-08-19,-0.0026578050494655086
2021-08-20,0.0020714202545650978
2021-08-23,0.00385570099053837
2021-08-24,-0.0007406748859326157
2021-08-25,0.0009867059850724098
2021-08-26,-0.0032024472757973045
2021-08-27,0.0050488633238208
2021-08-30,0.0005295043698481479
2021-08-31,0.00023097398519068978
2021-09-01,0.0026925887218750342
2021-09-02,0.0003660047732288104
2021-09-03,0.00360417654161068
2021-09-06,0.0014780076304012058
2021-09-07,-0.009804908349373863
2021-09-08,-0.0020619470019154207
2021-09-09,-0.003282985236731817
2021-09-10,-0.001511132406258311
2021-09-13,0.0006135783328345707
2021-09-14,0.00013391611792226108
2021-09-15,0.001287898323581284
2021-09-16,-0.001251535902811526
2021-09-17,-0.0026585172933001294
2021-09-20,-0.0075740399565188375
2021-09-21,-0.0007225412396484225
2021-09-22,0.003821875860061575
2021-09-23,0.0028674943219931786
2021-09-24,0.00044380551564502323
2021-09-27,-0.00011945923831363904
2021-09-28,-0.0038774121852283724
2021-09-29,-0.0009482747227756103
2021-09-30,0.0011290817676105247
2021-10-01,0.001620344189874422
2021-10-04,-0.0005881771941034639
2021-10-05,0.001904219731596036
2021-10-06,0.0005767046171163076
2021-10-07,0.0016729649253445784
2021-10-08,0.00044516887752680135
2021-10-11,0.0019775924735325845
2021-10-12,-0.0013963813567637428
2021-10-13,0.0010869723666985147
2021-10-14,0.0037025018126692366
2021-10-15,0.0031520986477175986
2021-10-18,-0.0012008564250346136
2021-10-19,0.003294598689371294
2021-10-20,0.004381718059085277
2021-10-21,-0.0038885669157758
2021-10-22,-0.0003296196004727628
2021-10-25,0.003297574463944132
2021-10-26,-0.0012678011542723079
2021-10-27,-0.004529763907129568
2021-10-28,0.004945310734794819
2021-10-29,-0.0006801479498336759
2021-11-01,0.0044211188379677325
2021-11-02,0.0013740268191857804
2021-11-03,0.00019679176099600393
2021-11-04,0.0001010361881697241
2021-11-05,0.0018876055314706952
2021-11-08,0.00367692602355339
2021-11-09,-0.001464818272551049
2021-11-10,-0.00015142146329659865
2021-11-11,0.003909496887630838
2021-11-12,0.001427706404338742
2021-11-15,-0.0006940753993231333
2021-11-16,-0.003093220895767756
2021-11-17,0.0004802899935854945
2021-11-18,-0.0025234863875498227
2021-11-19,-0.0019062988041570657
2021-11-22,-0.004906576957903284
2021-11-23,0.0016890395828489068
2021-11-24,-0.0011255739101449138
2021-11-25,0.0007477055318885118
2021-11-26,-0.01633495596870213
2021-11-29,0.0015054319148341047
2021-11-30,-0.005476182413683371
2021-12-01,-0.0009324236193609272
2021-12-02,0.0011796279542822805
2021-12-03,-0.0022404674958189214
2021-12-06,0.002925796617633531
2021-12-07,0.002567251325171488
2021-12-08,0.00068325062086356
2021-12-09,-0.003018594782501527
2021-12-10,-4.346221445962487e-05
2021-12-13,-0.002124982141484649
2021-12-14,-0.0013312187050321216
2021-12-15,0.0014661306130758214
2021-12-16,-0.00020593162016011834
2021-12-17,-0.00199561470617351
2021-12-20,-0.0023218335047779735
2021-12-21,0.003085385714870331
2021-12-22,0.001945444462681603
2021-12-23,0.001259839854270926
2021-12-24,3.701182905695645e-05
2021-12-27,0.0016217052444066182
2021-12-28,-0.0017371684287375573
2021-12-29,0.0007310994295461594
2021-12-30,-0.0005121879041920683
2021-12-31,-0.0007937188640460796
2022-01-03,-0.0006881669455232279
2022-01-04,0.0049229108731991406
2022-01-05,-0.004054055680048008
2022-01-06,-0.005992677035156397
2022-01-07,0.0005266626141855969
2022-01-10,-0.001430062634851911
2022-01-11,0.002004854678299061
2022-01-12,0.0018541388204752326
2022-01-13,-0.002359591491619212
2022-01-14,-0.00039350263707417873
2022-01-17,0.0005464284591871149
2022-01-18,-0.0005112080151065756
2022-01-19,0.0020849312591376184
2022-01-20,6.088300624279674e-05
2022-01-21,-0.006045749152666927
2022-01-24,-0.0028442940402422477
2022-01-25,0.0018097467419942671
2022-01-26,-0.0015647671058201258
2022-01-27,-0.004023306844759496
2022-01-28,0.001373694064974323
2022-01-31,0.001708450874531803
2022-02-01,0.0014310177663025133
2022-02-02,-4.223302598017926e-06
2022-02-03,0.00020920727717577362
2022-02-04,0.002909212336828917
2022-02-07,0.0009231280140998551
2022-02-08,0.000701537033601074
2022-02-09,0.0030482036989691566
2022-02-10,-0.0006789936536553535
2022-02-11,-0.0004353333015167054
2022-02-14,0.0010516127721700661
2022-02-15,-0.001896770751118728
2022-02-16,0.002529063948663376
2022-02-17,-0.0013203479391379676
2022-02-18,-0.0015849703497932592
2022-02-21,3.94830671486326e-05
2022-02-22,0.0007548144029339536
2022-02-23,0.0022794482306791246
2022-02-24,-0.0003328734827971062
2022-02-25,-0.0027034210273977695
2022-02-28,0.0018107060546114948
2022-03-01,0.004099471845508125
2022-03-02,0.002965133658489699
2022-03-03,0.00012540154372878677
2022-03-04,0.0016530420062644648
2022-03-07,-0.0004685572552606062
2022-03-08,0.006539879614379553
2022-03-09,-0.0070360141718043235
2022-03-10,0.00011577307900274019
2022-03-11,-2.356143181029057e-05
2022-03-14,-0.002228720695190402
2022-03-15,-0.001169464956823148
2022-03-16,0.0006189852096611035
2022-03-17,0.003668949478660503
2022-03-18,-6.373059365063252e-05
2022-03-21,0.0037411553592898218
2022-03-22,0.001735053382859959
2022-03-23,0.0008606403641851952
2022-03-24,0.0019164505311358116
2022-03-25,0.0028391748275950882
2022-03-28,-0.001558456042157668
2022-03-29,0.001160818144820876
2022-03-30,0.0005978049410693725
2022-03-31,-0.006306903305970435
2022-04-01,0.0005979788342968525
2022-04-04,0.0033159297153495548
2022-04-05,-0.0005133759959426003
2022-04-06,-0.005084576924471973
2022-04-07,0.00014943476127755577
2022-04-08,0.0029382532494935773
2022-04-11,-0.0008537354236691787
2022-04-12,0.0010353620236255026
2022-04-13,0.0016093090005818624
2022-04-14,0.0010489580746067043
2022-04-15,6.344246420493224e-05
2022-04-18,0.0014993860157271252
2022-04-19,-0.0029254913716500867
2022-04-20,-0.00028263025779911444
2022-04-21,3.434100337337003e-05
2022-04-22,-0.005316554033966102
2022-04-25,-0.0032006419047424343
2022-04-26,-0.0019659199239901643
2022-04-27,0.0005743912803221408
2022-04-28,0.0025583515773940817
2022-04-29,-0.0004967206404520709
2022-05-02,-0.00034274444005063745
2022-05-03,-0.00141049727272705
2022-05-04,0.002048222882578155
2022-05-05,5.9993549776075806e-05
2022-05-06,-0.0008831424153493689
2022-05-09,-0.004642121908734158
2022-05-10,-0.0014287953008787126
2022-05-11,-4.1775967323753696e-05
2022-05-12,-0.0014920018631691308
2022-05-13,0.002879782026467867
2022-05-16,6.183354677443808e-05
2022-05-17,0.0014790175610634821
2022-05-18,-0.003603506197420864
2022-05-19,0.0004704279046636537
2022-05-20,-0.0011500609808399456
2022-05-23,0.0015002293962685504
2022-05-24,-0.0018711557959629765
2022-05-25,1.970505657277088e-05
2022-05-26,0.0003544553106376608
2022-05-27,0.001210189455165137
2022-05-30,0.0010598120464553914
2022-05-31,-0.0009978089258096663
2022-06-01,-0.0009773625893107428
2022-06-02,0.0015891154905792737
2022-06-03,-0.0004431601675469474
2022-06-06,0.002258696113789051
2022-06-07,-0.0007102473619119424
2022-06-08,0.0011704029249533787
2022-06-09,-0.001414283357523167
2022-06-10,-0.0014108091485164323
2022-06-13,-0.0020982021611446002
2022-06-14,-0.000212458286809348
2022-06-15,-0.0006576560902190092
2022-06-16,-0.001563456048704161
2022-06-17,-0.0026107017427728705
2022-06-20,4.712440924990762e-05
2022-06-21,0.0009605293760370508
2022-06-22,-0.00200230912555235
2022-06-23,-0.0022497702771481745
2022-06-24,0.0006914857176999537
2022-06-27,0.0009424093810752328
2022-06-28,0.0001197418487693441
2022-06-29,-0.0015023692675627774
2022-06-30,-0.002812590741840103
2022-07-01,-0.0009526995239415659
2022-07-04,0.0005077454910309909
2022-07-05,-0.0030778897394466193
2022-07-06,0.001041494341359162
2022-07-07,0.0017820612071080472
2022-07-08,0.0006646003468683019
2022-07-11,-0.0018069745489408269
2022-07-12,-0.0015370312202432526
2022-07-13,-1.6941730946565562e-06
2022-07-14,0.00015079827521173833
2022-07-15,-0.00020090924488336617
2022-07-18,0.0015606293251303148
2022-07-19,0.001093593591487918
2022-07-20,0.0003909731453967632
2022-07-21,0.0003048623745100268
2022-07-22,-0.0016464216094719422
2022-07-25,-0.002675181602060534
2022-07-26,-0.0021434469544184057
2022-07-27,0.002855312546888837
2022-07-28,0.0017769026755052458
2022-07-29,0.0018592111497390785
2022-08-01,-0.000198674013586166
2022-08-02,-0.0006944951624177027
2022-08-03,0.0019845940465326394
2022-08-04,0.00014682560262977752
2022-08-05,0.0018820859386145137
2022-08-08,0.002075355895790806
2022-08-09,-0.002554214507597899
2022-08-10,0.004163617106983912
2022-08-11,0.0007081289957853649
2022-08-12,0.004927654126861608
2022-08-15,-0.0019812673107309784
2022-08-16,0.0011178536028259936
2022-08-17,-0.0022436065995291685
2022-08-18,8.300015910863471e-05
2022-08-19,-0.003949037359615504
2022-08-22,-0.003813404987766892
2022-08-23,-0.0016583969274736557
2022-08-24,-5.058534886969346e-05
2022-08-25,0.0008409989217732782
2022-08-26,-0.0019616022199926723
2022-08-29,-0.0016619384930088115
2022-08-30,-0.0005805476490485838
2022-08-31,-0.0003844523583228792
2022-09-01,0.0008553557285850289
2022-09-02,-0.0008053308774234645
2022-09-05,1.839100341813573e-05
2022-09-06,0.0009069128035167523
2022-09-07,-0.00024314945128869848
2022-09-08,0.0008242583102641071
2022-09-09,0.00095798826000124
2022-09-12,0.000837686758209577
2022-09-13,-0.0026895269524418682
2022-09-14,-0.0012065191033791116
2022-09-15,-0.00027715536254744
2022-09-16,-0.00031330488742888237
2022-09-19,0.0007396021314742561
2022-09-20,0.00015545798148919708
2022-09-21,-0.0006080435681512271
2022-09-22,0.001275906204782311
2022-09-23,-0.0010351602783240188
2022-09-26,0.0015202923219221484
2022-09-27,0.0005805919207460005
2022-09-28,-0.0021492237762600554
2022-09-29,0.0005894091879889142
2022-09-30,-0.00021364590545878772
2022-10-03,-0.0002205652811724748
2022-10-04,0.0009904225403928905
2022-10-05,0.0010241175741900748
2022-10-06,-7.945896369765542e-06
2022-10-07,-0.0017322991472672612
2022-10-10,-0.00017042981335400951
2022-10-11,-0.0007886847972935901
2022-10-12,-0.00018620651643951177
2022-10-13,0.000928813097656672
2022-10-14,0.0005999089247795871
2022-10-17,0.0008030280419623724
2022-10-18,0.0004109121360113827
2022-10-19,0.0009930595954119152
2022-10-20,0.0008902981091340133
2022-10-21,0.0008607756552431057
2022-10-24,0.0014857392934783473
2022-10-25,1.4318429360031401e-05
2022-10-26,0.0008691137825290862
2022-10-27,-0.0012128774973313768
2022-10-28,0.0021873535836370557
2022-10-31,-0.0005809812053092513
2022-11-01,0.0008193417682711883
2022-11-02,-0.0042018148355913295
2022-11-03,-0.000721089858058249
2022-11-04,0.003865706136521065
2022-11-07,0.0013957256556477692
2022-11-08,-0.002229222405232677
2022-11-09,-0.0022693215190696787
2022-11-10,0.004112517560149164
2022-11-11,0.00416426366636749
2022-11-14,0.0008965925038692703
2022-11-15,0.0006816539197218295
2022-11-16,-0.0029757312119375588
2022-11-17,-0.0015826054935896003
2022-11-18,0.0013760254748090414
2022-11-21,-0.0023169364259015518
2022-11-22,0.0017437313774568998
2022-11-23,0.0017752869313176585
2022-11-24,0.0007998773830894037
2022-11-25,0.00026062186468223526
2022-11-28,-0.003079335793912522
2022-11-29,0.0003787478282922604
2022-11-30,0.0023798635887108707
2022-12-01,0.002420454886208856
2022-12-02,-3.515362380100167e-05
2022-12-05,-0.004013850537288807
2022-12-06,-0.0019321551409245774
2022-12-07,-1.1486130551138952e-06
2022-12-08,0.0018973476661153406
2022-12-09,0.001544765087709527
2022-12-12,-0.0034053489056029124
2022-12-13,0.002354033149648601
2022-12-14,-0.00031591529665758505
2022-12-15,-0.008845120026662493
2022-12-16,0.0005440193507096216
2022-12-19,-5.893961395683762e-05
2022-12-20,0.002420603072569928
2022-12-21,-0.00035997713608975756
2022-12-22,-0.0026025732805032525
2022-12-23,0.00012950647358637621
2022-12-26,0.0003765216618568325
2022-12-27,0.001810409756706774
2022-12-28,-0.0016636938181598356
2022-12-29,0.0019122740219461541
2022-12-30,-0.0007731678113301474
2023-01-02,0.0007452477955930151
2023-01-03,0.0013470739782940912
2023-01-04,0.003209837680076513
2023-01-05,-0.003166093091430084
2023-01-06,0.003898936961970026
2023-01-09,0.0012979234696696017
2023-01-10,0.00295341988626749
2023-01-11,0.002751293794084956
2023-01-12,0.004101730324860913
2023-01-13,0.0055825583401515645
2023-01-16,0.001516401573747993
2023-01-17,-0.0014080335284235416
2023-01-18,-0.004853500350005075
2023-01-19,0.0023215188623491615
2023-01-20,0.0056198867700401585
2023-01-23,0.0018339516915064794
2023-01-24,-0.0012729389096770266
2023-01-25,0.0021782907883521716
2023-01-26,-0.0008491129175123858
2023-01-27,5.854197340910528e-05
2023-01-30,-0.0042973670911876805
2023-01-31,0.0014568789142282606
2023-02-01,0.0031706060328833014
2023-02-02,-0.0004473090969312253
2023-02-03,-0.0025932185226947104
2023-02-06,-0.0019029811055039497
2023-02-07,0.0020603700293580344
2023-02-08,-0.0014936187044225042
2023-02-09,-0.0026893351484738592
2023-02-10,-0.0021044803866988606
2023-02-13,0.000496584203644747
2023-02-14,0.0012181389351605739
2023-02-15,0.001334885174183489
2023-02-16,-0.00020204059558870857
2023-02-17,0.00019033970391129558
2023-02-20,0.0011639889514706405
2023-02-21,-0.001668295845892942
2023-02-22,-0.0018772824276342753
2023-02-23,-0.0012613482896285785
2023-02-24,-0.0034148018047847144
2023-02-27,0.0013571389735714838
2023-02-28,-0.00025714164383577306
2023-03-01,0.00022572147981184945
2023-03-02,0.0008136197833867759
2023-03-03,3.8748431988122664e-05
2023-03-06,0.0011011886769590267
2023-03-07,-0.0016153695855985956
2023-03-08,0.0005622207437990717
2023-03-09,-0.00035127903368583285
2023-03-10,-0.005327812849744592
2023-03-13,-0.0034811524856308527
2023-03-14,0.0012773616452256844
2023-03-15,-0.0026743980033803343
2023-03-16,0.001638224873934014
2023-03-17,0.006281262826626203
2023-03-20,-0.00034732607807032144
2023-03-21,0.0009499131076957794
2023-03-22,-0.001058417272719669
2023-03-23,0.0034398506870677733
2023-03-24,-0.0037087864906228452
2023-03-27,-0.004278823210300784
2023-03-28,0.0010219288136331865
2023-03-29,0.001394023090566434
2023-03-30,0.0017919879276027705
2023-03-31,0.001187608328148352
2023-04-03,-0.00016638907074944644
2023-04-04,0.004464272517321102
2023-04-05,-0.0003850655784388333
2023-04-06,-0.0009336612542891325
2023-04-07,-0.00022106082787063966
2023-04-10,0.0009129312600251318
2023-04-11,0.002476894489291033
2023-04-12,0.0010315982927580794
2023-04-13,0.006370109948112028
2023-04-14,-0.001053731118345771
2023-04-17,-0.0024436155075108854
2023-04-18,0.002970584010020517
2023-04-19,-0.005164668315066837
2023-04-20,-0.00017159941707642142
2023-04-21,-0.0026714037624290376
2023-04-24,0.0011158790576354849
2023-04-25,-0.0012080851787472733
2023-04-26,-0.0010937780810846053
2023-04-27,0.002183974412825901
2023-04-28,0.000636940271926416
2023-05-01,-0.0007975476648847853
2023-05-02,-0.0007797552909597393
2023-05-03,-8.745616615820561e-05
2023-05-04,-0.00038303889092675445
2023-05-05,-0.0001165795395649567
2023-05-08,-0.0008450199442478968
2023-05-09,0.0012620337451891013
2023-05-10,-0.00019230050973159172
2023-05-11,-0.002618674067611708
2023-05-12,0.0004239069082997385
2023-05-15,0.0010158568501021977
2023-05-16,-0.0010329258433629657
2023-05-17,0.0018993173276592914
2023-05-18,0.002289494634720849
2023-05-19,0.00298730341100068
2023-05-22,-0.0008485143021878632
2023-05-23,-0.0024917005963796383
2023-05-24,-0.004837088353953344
2023-05-25,0.0006257161161762043
2023-05-26,0.002253729378066754
2023-05-29,0.0006108743044629607
2023-05-30,0.0023506808014986122
2023-05-31,-0.0028962318051996105
2023-06-01,0.0011530555553482917
2023-06-02,0.001015028784541556
2023-06-05,0.00046249342099191024
2023-06-06,0.0014406145487661259
2023-06-07,-0.0034198863111932092
2023-06-08,0.001784942437550518
2023-06-09,0.0012637628503427546
2023-06-12,0.0026644266247274283
2023-06-13,0.001590928374558657
2023-06-14,0.001581875903985316
2023-06-15,0.000900688175852172
2023-06-16,-0.0005212117571253466
2023-06-19,-0.0011878329890949776
2023-06-20,-0.0013327299038767674
2023-06-21,-0.0014374321177575862
2023-06-22,-0.001277542159683372
2023-06-23,-0.0029207302537008245
2023-06-26,-0.002489392975176983
2023-06-27,0.002234333595636149
2023-06-28,-0.0020304261933381633
2023-06-29,0.0016141168346639027
2023-06-30,0.0033242960130580694
2023-07-03,0.002284246338720706
2023-07-04,-0.0014583774356265666
2023-07-05,-0.0021457142766576095
2023-07-06,-0.006547360404511018
2023-07-07,-0.0006072707357101104
2023-07-10,0.00042396386283382015
2023-07-11,0.0009656506804203106
2023-07-12,0.001665257812362578
2023-07-13,0.0029354804673411053
2023-07-14,-0.001789671341290303
2023-07-17,0.0010723969783649537
2023-07-18,0.0032941190979564124
2023-07-19,0.00029850917378271004
2023-07-20,-0.002815148387241398
2023-07-21,-0.0015893663944179343
2023-07-24,-0.0005772305662747967
2023-07-25,0.0025572810195076245
2023-07-26,0.0005181387239771022
2023-07-27,-0.0011983675270612058
2023-07-28,0.0023961200305179418
2023-07-31,0.0015756818349581044
2023-08-01,-0.0011952529417989409
2023-08-02,-0.009230146623371212
2023-08-03,-0.0006190057139041158
2023-08-04,-0.0008821096191263252
2023-08-07,0.0008268430204801772
2023-08-08,-0.0012033007296201506
2023-08-09,-0.0009471305309759481
2023-08-10,0.0009949999264146977
2023-08-11,0.0003820611688569444
2023-08-14,0.0004326872035367648
2023-08-15,-0.0012935123369645564
2023-08-16,-0.0023750185298788535
2023-08-17,-0.002384879586841485
2023-08-18,-0.0015042615980066388
2023-08-21,0.0019012242770662842
2023-08-22,5.890923133725607e-05
2023-08-23,-0.00018787955118670092
2023-08-24,-0.0007640213999893527
2023-08-25,0.0003401493623532979
2023-08-28,0.0010321962331775333
2023-08-29,0.0026284149880428254
2023-08-30,0.0001625356296369379
2023-08-31,-0.0007731389506923791
2023-09-01,0.0011999550615310651
2023-09-04,8.932730868326556e-05
2023-09-05,-0.0005149691535055505
2023-09-06,-0.0018247050747366713
2023-09-07,-0.000622480565637761
2023-09-08,-0.0003410832124555918
2023-09-11,0.0004412256656809905
2023-09-12,0.0006989000412045001
2023-09-13,-0.0008610033048891125
2023-09-14,0.0034036548549104856
2023-09-15,-0.0009759668219759474
2023-09-18,0.0005295824287607291
2023-09-19,-0.0006452940492749712
2023-09-20,-0.001967558987969773
2023-09-21,-0.0009460901819029307
2023-09-22,-0.0005154930990896137
2023-09-25,0.00037296779113955386
2023-09-26,-0.0014620603854854696
2023-09-27,0.0016842522177284221
2023-09-28,-0.00023131827529637586
2023-09-29,0.00039881668064485246
2023-10-02,-0.004674035242697955
2023-10-03,-0.0007195297410353257
2023-10-04,-0.002406118860157361
2023-10-05,-0.0015240581479137325
2023-10-06,0.0034627207481877074
2023-10-09,-0.0009840005734877446
2023-10-10,0.0007255289557903284
2023-10-11,-0.0008489378814100463
2023-10-12,-0.00011794184301655488
2023-10-13,-4.529265052449193e-05
2023-10-16,0.0017276366806650923
2023-10-17,0.001500769734301611
2023-10-18,0.000219472144749221
2023-10-19,0.0018060705451989768
2023-10-20,0.0009163326410604661
2023-10-23,0.004876679126653435
2023-10-24,0.0016457806963198665
2023-10-25,0.00303726463630149
2023-10-26,-0.002147015818237164
2023-10-27,0.0014140088816460153
2023-10-30,0.0003193162982001022
2023-10-31,-0.0006315379923116462
2023-11-01,0.0016992689048430174
2023-11-02,-0.0018867940103782198
2023-11-03,0.00018071304747649722
2023-11-06,0.0006908296243958688
2023-11-07,-0.002332342767738228
2023-11-08,-0.0020516953086265194
2023-11-09,0.010308698994025938
2023-11-10,-0.00029604022213055453
2023-11-13,-0.0004496618216138124
2023-11-14,-0.0008127804895725967
2023-11-15,0.00720480131895341
2023-11-16,-0.003464581977589134
2023-11-17,0.001204910031275863
2023-11-20,0.0024497332857387364
2023-11-21,-0.0015794168568804168
2023-11-22,0.0012900019495625367
2023-11-23,0.000463064469227425
2023-11-24,0.004437505268652168
2023-11-27,-0.000821197400776518
2023-11-28,0.004826017194014622
2023-11-29,-0.000494488552245019
2023-11-30,0.0023951610886973184
2023-12-01,0.008380456087591427
2023-12-04,-0.00601937342350374
2023-12-05,-0.000567905535680153
2023-12-06,-0.0004956092646563543
2023-12-07,0.0017987773734115867
2023-12-08,0.0023929998377323655
2023-12-11,-0.0033072643498983736
2023-12-12,0.002012480955064708
2023-12-13,0.005759061644381405
2023-12-14,0.0028796762219617886
2023-12-15,-0.0022255292924936265
2023-12-18,0.001303196548074788
2023-12-19,0.0027209611677835553
2023-12-20,-0.002202932422200168
2023-12-21,0.003004231837728105
2023-12-22,0.0009690227755785132
2023-12-25,0.0007512131873356661
2023-12-26,-0.0005144458362504687
2023-12-27,0.005469171474276135
2023-12-28,-0.0018872867673813912
2023-12-29,-0.0017342584696212052
2024-01-01,0.0019028793401278182
2024-01-02,-0.0004963641896920427
2024-01-03,-0.011159730575090553
2024-01-04,0.0012039987718307078
2024-01-05,-0.00015671926228620509
2024-01-08,0.004814674069497023
2024-01-09,-0.0007916543794684183
2024-01-10,0.004736707608463299
2024-01-11,0.0005511620573370387
2024-01-12,-0.0015196837149892516
2024-01-15,0.0009884618820364419
2024-01-16,-0.002296437253047698
2024-01-17,-0.003571394727673763
2024-01-18,0.0008849956490207207
2024-01-19,0.004658876598402763
2024-01-22,-0.0002338751660809463
2024-01-23,-2.595016967849748e-05
2024-01-24,0.0001342974842413219
2024-01-25,0.0017117241855517148
2024-01-26,0.0008916832035872776
2024-01-29,0.004407238115053366
2024-01-30,8.241408596550625e-05
2024-01-31,-0.003764796368540147
2024-02-01,0.002116941856581679
2024-02-02,0.0032264721635470073
2024-02-05,-0.0028433884190909673
2024-02-06,0.0017348587980806913
2024-02-07,0.0024891750239936085
2024-02-08,0.0021708074533642765
2024-02-09,0.002927015911665233
2024-02-12,0.0031493105878512106
2024-02-13,-0.00510682343220972
2024-02-14,0.006261881951817795
2024-02-15,0.0052509167587375715
2024-02-16,0.00021767955830957666
2024-02-19,0.0007342625548627866
2024-02-20,-0.000988960552083641
2024-02-21,-0.0005598569074909171
2024-02-22,0.007527767836408215
2024-02-23,0.0006142136601301648
2024-02-26,0.0015264895594682912
2024-02-27,0.004193569770642989
2024-02-28,0.00513930948288424
2024-02-29,0.0009493437922132057
2024-03-01,0.008801740087312557
2024-03-04,0.007187549869480245
2024-03-05,-0.005854887233857273
2024-03-06,0.008458938729258113
2024-03-07,0.004607056436916067
2024-03-08,0.0002219304656314191
2024-03-11,0.00013922587304565146
2024-03-12,-0.0004082211191591338
2024-03-13,0.005277383489558748
2024-03-14,-0.004168333303981802
2024-03-15,-0.0055192527563900666
2024-03-18,0.0007314817352180185
2024-03-19,-0.004479944019488542
2024-03-20,0.00864150681580834
2024-03-21,0.0033168164636668833
2024-03-22,-0.004107081828433316
2024-03-25,0.0005389611455321837
2024-03-26,0.0005557452632724793
2024-03-27,0.004300454702987928
2024-03-28,0.003754455974883148
2024-03-29,-0.00021338759554006948
2024-04-01,-0.0012284826339819099
2024-04-02,-0.002089047210856447
2024-04-03,0.003167441662691605
2024-04-04,-0.0008010542673139957
2024-04-05,0.0019638790161044975
2024-04-08,0.0056049562438558916
2024-04-09,-0.0006974637741326613
2024-04-10,-0.0009298350786307851
2024-04-11,0.0025893153851453926
2024-04-12,-0.005742026446637699
2024-04-15,0.0016064574067336044
2024-04-16,-0.004004194011593932
2024-04-17,-0.0029521837224638693
2024-04-18,0.0033957886728727543
2024-04-19,-0.0012484987571030359
2024-04-22,-0.004140478903936497
2024-04-23,0.001317148022129777
2024-04-24,-7.300436393179405e-05
2024-04-25,0.0012219627871186394
2024-04-26,0.0019328741656791408
2024-04-29,0.00024030226629089988
2024-04-30,-0.006166634029567159
2024-05-01,-0.0014122984719524027
2024-05-02,-0.001373498924192212
2024-05-03,0.002166286344911094
2024-05-06,0.002588618702913007
2024-05-07,0.0009836074929816744
2024-05-08,-0.0005825385870037217
2024-05-09,0.004124512226836053
2024-05-10,0.0029316836129602165
2024-05-13,5.585921208564373e-07
2024-05-14,0.003502809340851049
2024-05-15,0.006385649043260379
2024-05-16,-0.0017290330521726879
2024-05-17,0.006357768610106448
2024-05-20,0.0047458716790004215
2024-05-21,-0.00033962449615136
2024-05-22,-0.008298810971834351
2024-05-23,-0.007374423406668925
2024-05-24,-3.9256873547235976e-05
2024-05-27,0.002128700767271717
2024-05-28,0.001020101537053283
2024-05-29,-0.004583488813875229
2024-05-30,-0.0028516360736314528
2024-05-31,-0.0007109485898395936
2024-06-03,0.002124716878731728
2024-06-04,-0.0030809542515936855
2024-06-05,0.0037064330715650424
2024-06-06,0.0012973056285910483
2024-06-07,-0.005923610759845742
2024-06-10,0.0006670863967886642
2024-06-11,-0.002525919094847002
2024-06-12,0.0030573822317411475
2024-06-13,-0.0035139110509336863
2024-06-14,0.00041014694407802595
2024-06-17,0.0012549923757584184
2024-06-18,0.0006682272724018966
2024-06-19,0.0001418157049445373
2024-06-20,0.002089767672225506
2024-06-21,-0.0024774672776280986
2024-06-24,-0.001441183010473114
2024-06-25,0.00024460713614375625
2024-06-26,-0.00044924656317247284
2024-06-27,0.00033656629268317495
2024-06-28,0.0003721940369513837
2024-07-01,0.0013333258588949333
2024-07-02,0.001178576811305586
2024-07-03,0.003590801024948062
2024-07-04,0.000259323444440136
2024-07-05,0.0025793947749393913
2024-07-08,-0.0007858882810338093
2024-07-09,0.001669537008206614
2024-07-10,0.00381171268230028
2024-07-11,0.0009932731472536386
2024-07-12,0.0018269405564352622
2024-07-15,0.0028242137646555397
2024-07-16,0.005699950914113509
2024-07-17,-0.004565474131955076
2024-07-18,-0.0048116666283106345
2024-07-19,-0.006690375149437628
2024-07-22,-0.0015712259586034092
2024-07-23,0.0005290407245749706
2024-07-24,-0.0064732533736033574
2024-07-25,-0.005107577101012188
2024-07-26,0.005755073699632399
2024-07-29,-0.0012012861920987679
2024-07-30,0.0014982017430191013
2024-07-31,0.004252731000683474
2024-08-01,-0.0026019041599243927
2024-08-02,-0.0072840229898653115
2024-08-05,-0.009170987902375891
2024-08-06,0.0016714429807156176
2024-08-07,-0.000480457452394928
2024-08-08,0.003170255277529566
2024-08-09,-0.0005765705195669835
2024-08-12,0.0008902990287026715
2024-08-13,0.0021639681377385693
2024-08-14,-0.00011522335569351676
2024-08-15,0.0024019715188170407
2024-08-16,0.004059486710797912
2024-08-19,0.0003044020817005477
2024-08-20,0.00032414517427826784
2024-08-21,0.0011856561922611213
2024-08-22,-0.0028438928153976914
2024-08-23,0.004118719307592742
2024-08-26,-0.0011917992988127915
2024-08-27,-0.001212493139177395
2024-08-28,-0.0023112100614354567
2024-08-29,0.0003314954838709956
2024-08-30,-0.0006581587276581935
2024-09-02,0.00034031104430601165
2024-09-03,-0.005993620181570603
2024-09-04,-0.002962050300101562
2024-09-05,0.0008792398869487479
2024-09-06,-0.002198746807053008
2024-09-09,0.0019280532623620762
2024-09-10,0.002408277107221948
2024-09-11,-0.000988444902641465
2024-09-12,0.003561352345317582
2024-09-13,0.003201528640091747
2024-09-16,-0.0016047249773337333
2024-09-17,-0.001045770911567983
2024-09-18,-0.0020376654059726025
2024-09-19,0.006194674879473013
2024-09-20,0.002143696117709707
2024-09-23,0.0007818579172938197
2024-09-24,0.005428017563807467
2024-09-25,-0.0030859464176862562
2024-09-26,0.00837436712741054
2024-09-27,0.00015770905320362317
2024-09-30,-0.006287458005689343
2024-10-01,-0.0017087649699978923
2024-10-02,-0.0010779581538931775
2024-10-03,-0.0032431788705866126
2024-10-04,-0.00018361396670149718
2024-10-07,-0.0037778449549412466
2024-10-08,-0.002414414218694222
2024-10-09,0.0005566323931985622
2024-10-10,0.0007653958555843841
2024-10-11,0.0038306583849366596
2024-10-14,0.002566496769148515
2024-10-15,0.00011819875654395428
2024-10-16,0.0015430268202077824
2024-10-17,0.00192890407693299
2024-10-18,0.004511627304380536
2024-10-21,-0.004213134026110787
2024-10-22,3.116142377050606e-05
2024-10-23,-0.007554556606150766
2024-10-24,0.0024771269053491993
2024-10-25,-3.195713810043491e-05
2024-10-28,0.0028668801901414413
2024-10-29,0.0044293006205860155
2024-10-30,-0.0014040764804271507
2024-10-31,-0.009743122520265301
2024-11-01,-0.0007889042644650705
2024-11-04,-0.0011461851678574552
2024-11-05,0.0021572115481841366
2024-11-06,-0.0016998343940556589
2024-11-07,0.0033614007247064217
2024-11-08,-0.00024183669393598942
2024-11-11,0.004182750145175564
2024-11-12,-0.003390451662419896
2024-11-13,-0.0009437993296977261
2024-11-14,-0.0028813525992295182
2024-11-15,-0.0003996406582402607
2024-11-18,0.0017391589929462656
2024-11-19,0.0014176434111261866
2024-11-20,0.0010273768335431499
2024-11-21,0.0036647824946532763
2024-11-22,0.0022373186726627726
2024-11-25,-0.003050309835033377
2024-11-26,-0.0008483809448593115
2024-11-27,0.004000676968092857
2024-11-28,-6.33399368713504e-05
2024-11-29,0.0020120501726295158
2024-12-02,-0.000846086974610063
2024-12-03,0.0007824555714275712
2024-12-04,0.005258242025853746
2024-12-05,-0.0018883737774882104
2024-12-06,0.0033231220216549773
2024-12-09,-0.003853430114771793
2024-12-10,-0.0014760364492772276
2024-12-11,0.0037431373404354534
2024-12-12,-0.002934903679766959
2024-12-13,-0.0008389849637852077
2024-12-16,0.0010856689999489669
2024-12-17,-0.00170344971631052
2024-12-18,-0.010732887719481138
2024-12-19,-0.003898497805478622
2024-12-20,0.0007276569719920776
2024-12-23,0.0017324464216869346
2024-12-24,0.0020929945083225316
2024-12-25,0.00016369796966929262
2024-12-26,-0.0010755802385577198
2024-12-27,-0.001068336380451861
2024-12-30,-0.002868540242945535
2024-12-31,-0.00029942387119641703
2025-01-01,0.00020350111139804764
2025-01-02,0.0017953817039695877
2025-01-03,0.0014468213542532526
2025-01-06,0.0016269541011355384
2025-01-07,-0.001246609454643024
2025-01-08,0.00042982086635864593
2025-01-09,-0.0002624044866944108
2025-01-10,0.0006026232230729355
2025-01-13,-0.0027696762507579916
2025-01-14,0.0018790610161007846
2025-01-15,0.004230663500681037
2025-01-16,0.0018766803414577199
2025-01-17,0.0014261096599293983
2025-01-20,0.0021522511235674735
2025-01-21,0.004231855410033722
2025-01-22,0.0017316223861003567
2025-01-23,0.0008919063569580262
2025-01-24,0.0005032702092832291
2025-01-27,-0.006323664335594365
2025-01-28,0.0036459073594054038
2025-01-29,0.001829861374701687
2025-01-30,0.0060618674972133845
2025-01-31,-0.00043980438210001793
2025-02-03,-0.0017291333465638584
2025-02-04,0.0028089671604861924
2025-02-05,0.0032137502629007698
2025-02-06,0.001920282816295142
2025-02-07,-0.000751904935294854
2025-02-10,0.006774064260762709
2025-02-11,-0.0021790151540883296
2025-02-12,0.004765428182846409
2025-02-13,0.004438258530969291
2025-02-14,-0.005298077185325007
2025-02-17,0.0021013782231456613
2025-02-18,0.003089722107894561
2025-02-19,-0.0027008454727512504
2025-02-20,-0.0019985078988020966
2025-02-21,-0.005129488036207534
2025-02-24,-0.0019903777154130532
2025-02-25,-0.005291922546219802
2025-02-26,0.0005133677535900445
2025-02-27,-0.005286293906100004
2025-02-28,-0.0010094829229551061
2025-03-03,0.0014168400970925859
2025-03-04,-0.002118224305885175
2025-03-05,0.004194230211408567
2025-03-06,-0.002338419336018293
2025-03-07,-0.00280651045406909
2025-03-10,-0.005167207512530843
2025-03-11,0.0012958178945518366
2025-03-12,0.0014215429871962334
2025-03-13,0.0034801583147614913
2025-03-14,0.0009970975552585177
2025-03-17,0.0013407637215197103
2025-03-18,0.0033730004562564898
2025-03-19,0.001713435963810907
2025-03-20,-0.0018467319983418494
2025-03-21,-0.002006461506140111
2025-03-24,-0.00040012175975744183
2025-03-25,0.0026678652489545364
2025-03-26,-0.0009503236449882758
2025-03-27,0.0011770500242466084
2025-03-28,0.00022023742978901772
2025-03-31,0.00011241304522253513
2025-04-01,-9.361312410347828e-05
2025-04-02,0.0013883491372497397
2025-04-03,-0.007398670513567885
2025-04-04,-0.010685217171219933
2025-04-07,-0.003150793379633402
2025-04-08,0.0006824862965130149
2025-04-09,0.002572868796614606
2025-04-10,0.0025363516409612056
2025-04-11,0.0013992693402756322
2025-04-14,0.0005839333496336988
2025-04-15,0.0009643224249260279
2025-04-16,0.0029450188564894646
2025-04-17,-0.0014030593625765657
2025-04-18,-2.8779682045795835e-05
2025-04-21,0.0035890175212301314
2025-04-22,0.0006460943175803273
2025-04-23,-0.0016604398827025236
2025-04-24,0.002691517260399051
2025-04-25,-0.0009226257055172534
2025-04-28,0.0024953997313314873
2025-04-29,0.00017597072764014425
2025-04-30,-0.0004790747273248419
2025-05-01,0.0006797987667985249
2025-05-02,0.0025216543801454593
2025-05-05,0.001557294954954151
2025-05-06,0.0002874082015302888
2025-05-07,-0.0007598200035436898
2025-05-08,0.0030326770388666067
2025-05-09,0.001909058205001304
2025-05-12,0.0012089253674018594
2025-05-13,0.0026642559440914954
2025-05-14,-0.0024410877373215226
2025-05-15,0.0012312128670632395
2025-05-16,0.0003840087716983611
2025-05-19,-0.00018590735407306993
2025-05-20,0.001388650056383334
2025-05-21,-2.7533114526764278e-05
2025-05-22,2.3383890092660614e-05
2025-05-23,-0.0028861119007438578
2025-05-26,0.0007312541816933611
2025-05-27,0.0011028875886168429
2025-05-28,-0.0016601031523222024
2025-05-29,0.000521948957796538
2025-05-30,-0.002096889883351684
2025-06-02,0.0022018144165988325
2025-06-03,-0.00013276067192290381
2025-06-04,0.0017923670667193664
2025-06-05,-0.0013312489333293558
2025-06-06,-0.0001476334067373244
2025-06-09,0.0017664990723869928
2025-06-10,0.0016595329025367127
2025-06-11,-0.0017219678030889623
2025-06-12,-0.0008263408650521919
2025-06-13,-0.002577706185555153
2025-06-16,-0.0007478272897714438
2025-06-17,-0.0007432309753649299
2025-06-18,-0.0005593361660243321
2025-06-19,-0.000827131743320989
2025-06-20,-0.0013404076678685303
2025-06-23,0.0005692916179057222
2025-06-24,-4.0366431527905836e-05
2025-06-25,0.0004892498881543683
2025-06-26,0.00291503775324895
2025-06-27,-0.00045321131291545073
2025-06-30,0.0016923600677314018
2025-07-01,0.00018036899728295173
2025-07-02,0.0025685684282499444
2025-07-03,0.0002602289343423913
2025-07-04,-0.0011017332091703053
2025-07-07,-0.0004981534870431764
2025-07-08,0.0028369117160091865
2025-07-09,0.001580668193572933
2025-07-10,0.0055914286058924385
2025-07-11,0.0015954061438179991
2025-07-14,-0.0009026188912403204
2025-07-15,-0.0005158970062191245
2025-07-16,0.0016182019823973483
2025-07-17,0.0029520196981738943
2025-07-18,0.0014498588868713897
2025-07-21,0.0027746299337194752
2025-07-22,0.0024795200086554243
2025-07-23,-0.0003165553326674356
2025-07-24,-0.0007436249110559539
2025-07-25,-0.001768802339576345
2025-07-28,-0.002821791233561974
2025-07-29,0.0003896598100112849
2025-07-30,-0.0012315401019154413
2025-07-31,-0.00668067216825731
2025-08-01,-0.0033788150803464438
2025-08-04,0.0033186366256023354
2025-08-05,7.99136285187194e-05
2025-08-06,0.002534773202241669
2025-08-07,0.002099690943168377
2025-08-08,0.0014208312179797308
2025-08-11,-0.004137407198098496
2025-08-12,0.006057882709809729
2025-08-13,0.003256564673988577
2025-08-14,-0.004052731506952614
2025-08-15,-0.0008502823898208016
2025-08-18,-0.00045854756305128134
2025-08-19,-0.0039290557101327546
2025-08-20,0.00190332744108504
2025-08-21,-0.001279032268878877
2025-08-22,0.007439712814797232
2025-08-25,-0.004269695797246816
2025-08-26,0.0014465066092621028
2025-08-27,0.0007851754060902975
2025-08-28,0.0014777220714126398
2025-08-29,-0.00040670671370254336
2025-09-01,0.0010109886391720532
2025-09-02,0.001714698369015331
2025-09-03,0.0026573875727983597
2025-09-04,0.0008180815070304139
2025-09-05,0.0026177993782282856
2025-09-08,0.003472213398816548
2025-09-09,-0.0010638086887765409
2025-09-10,0.00168461301800778
2025-09-11,0.0031704011241616655
2025-09-12,0.0024285630637481885
2025-09-15,0.0014122879970483216
2025-09-16,-0.0010174702325660252
2025-09-17,-0.002547463294232953
2025-09-18,0.0011767868102421782
2025-09-19,0.002324589955172523
2025-09-22,0.00439985005201998
2025-09-23,-0.0007284248362715166
2025-09-24,-0.0025422289371028377
2025-09-25,-0.0019115896387445167
2025-09-26,0.0035491237217202425
2025-09-29,0.0053502989344746356
2025-09-30,0.0014956988256992576
2025-10-01,0.004004802409691585
2025-10-02,0.0012590669207860504
2025-10-03,0.004772532979572517
2025-10-06,0.005437641846103228
2025-10-07,-0.002745830786967183
2025-10-08,0.006226222994964201
2025-10-09,-0.005186927227716539
2025-10-10,-0.011620749656199823
2025-10-13,0.00755107555278295
2025-10-14,-0.000566744670132667
2025-10-15,0.003915523688976743
2025-10-16,0.0059395290775296405
2025-10-17,-0.006524273531977165
2025-10-20,0.008005861724847291
2025-10-21,-0.006560971232649482
2025-10-22,-0.003125275538942354
2025-10-23,-0.0008953964399841911
2025-10-24,0.002673434062677678
2025-10-27,0.0027592486981557235
2025-10-28,0.0003826511929887419
2025-10-29,-0.00019281879129295896
2025-10-30,-0.0017904519825562935
2025-10-31,0.00016227513042954284
2025-11-03,-0.00020961414507651504
2025-11-04,-0.005146295374200183
2025-11-05,0.0015385400387702998
2025-11-06,-0.0030486263319573046
2025-11-07,-0.0004838782467522906
2025-11-10,0.0056771604807244755
2025-11-11,0.0016231805384180574
2025-11-12,0.0032574208185872366
2025-11-13,-0.004924258263397715
2025-11-14,-0.007583545620154064
2025-11-17,-0.001009037780147178
2025-11-18,-0.003040830857411901
2025-11-19,-0.00010130593945337262
2025-11-20,-0.0009848413486285383
2025-11-21,-8.003431625020125e-05
2025-11-24,0.002177837335530576
2025-11-25,0.0016482007373626168
2025-11-26,0.0025254713668414813
2025-11-27,0.0002640850247365355
2025-11-28,0.0028181832283192955
2025-12-01,-0.001088731865154702
2025-12-02,0.00014176776455337536
2025-12-03,0.0015493046105059685
2025-12-04,5.3026580849966504e-05
2025-12-05,-0.00016660544366923767
2025-12-08,-0.0011814908031095477
2025-12-09,0.000470398166059647
2025-12-10,0.0015697361465949076
2025-12-11,0.004543628800129008
2025-12-12,-0.004590339457252055
2025-12-15,0.0007533512003484775
2025-12-16,-0.000906551184671987
2025-12-17,0.00030188381226847175
2025-12-18,0.0007797173623409846
2025-12-19,0.002133357286079444
2025-12-22,0.0025526700499731328
2025-12-23,0.0025634421191473296
2025-12-24,0.000590218065260131
2025-12-25,0.0004595357231235452
2025-12-26,0.005198698806673458
2025-12-29,-0.011762089918065703
2025-12-30,0.004391253506415498
2025-12-31,-0.0036409367623575894
2026-01-01,0.0004344941205775967
2026-01-02,0.0009078181348281059
2026-01-05,0.008143192067707871
2026-01-06,0.005324138637409232
2026-01-07,-0.005521652736073684
2026-01-08,-0.00247285740609126
2026-01-09,0.004497402037116636
2026-01-12,0.003186877378979271
2026-01-13,0.00024460876879187353
2026-01-14,0.0019163259350398027
2026-01-15,0.001048507384205857
2026-01-16,-0.00284431144402931
2026-01-19,-0.0036825055349239224
2026-01-20,-0.0045624231847013995
2026-01-21,0.002403563006139103
2026-01-22,0.005479866516902275
2026-01-23,0.002015700810627616
2026-01-26,0.0020207625852925897
2026-01-27,0.0030189403049490347
2026-01-28,0.005569269399450485
2026-01-29,-0.0005809033517554687
2026-01-30,-0.013610916388862476
2026-02-02,0.00028705680756186585
2026-02-03,0.0010054553080706121
2026-02-04,-0.00029946705092921607
2026-02-05,-0.005290810749649876
2026-02-06,0.004949647166609564
2026-02-09,0.0028235817502351938
2026-02-10,0.000336407817363944
2026-02-11,0.0013102657446943213
2026-02-12,-0.00428625243579102
2026-02-13,-0.00029968871017206823
2026-02-16,0.00015501007948367574
2026-02-17,0.00012502420356989936
2026-02-18,0.0034848623125240227
2026-02-19,-0.00022687639977385593
2026-02-20,0.0015824284287089916
2026-02-23,-0.002075741307003166
2026-02-24,5.46785363367149e-05
2026-02-25,0.004568909856771579
2026-02-26,0.000999572909617669
2026-02-27,0.0024106341077335075
2026-03-02,-0.004364703623512643
2026-03-03,-0.009075271394655816
2026-03-04,6.903954663751879e-05
2026-03-05,-0.000608155957435061
2026-03-06,0.0014034791891093567
2026-03-09,-0.0010179597081711562
2026-03-10,0.0001713202491975946
2026-03-11,0.0009590369681633232
2026-03-12,-0.0006593901825641062
2026-03-13,-5.597472631716137e-05
2026-03-16,0.0006346409685097821
2026-03-17,-0.00026649933650407234
2026-03-18,-0.003615321412365893
2026-03-19,-0.004639809525527863
2026-03-20,-0.00275496914157926
2026-03-23,-0.002059562284569604
2026-03-24,0.0008662437122180336
2026-03-25,0.0018878549874902816
2026-03-26,-0.0002551440122319743
2026-03-27,-6.243810797048385e-05
2026-03-30,0.00041251778763940855
2026-03-31,0.002466733523232605
2026-04-01,-0.0003085017919843078
2026-04-02,0.0005219664084706697
2026-04-03,9.628153943734933e-05
2026-04-06,0.0006227543204994512
2026-04-07,0.0003865586918300143
2026-04-08,-0.0004813991783849649
2026-04-09,0.0010971162250219125
2026-04-10,0.0004269107336609996
2026-04-13,0.004115239574080449
2026-04-14,0.0014117297049687338
2026-04-15,0.002074558218649176
2026-04-16,0.0018005430737438983
2026-04-17,0.004853788866233785
2026-04-20,0.000775416932524252
2026-04-21,-0.001321730425057974
2026-04-22,0.0019766393456543837
2026-04-23,-0.0019342907377158103
2026-04-24,0.0008068303947157563
2026-04-27,0.0004167355527967566
2026-04-28,-0.0022263796019203323
2026-04-29,-0.0008625227342391193
2026-04-30,0.003078020446457925
2026-05-01,0.0013204251087648574
2026-05-04,-0.0005196835159851716
2026-05-05,0.0016805398505645123
2026-05-06,0.00280747828668604
2026-05-07,-0.0001229444648391038
2026-05-08,0.0031171746860448
2026-05-11,0.0026380994143973837
2026-05-12,-5.357664611341601e-05
2026-05-13,0.0017004328648377606
2026-05-14,-0.0016898310275494913
2026-05-15,-0.006446303460951729
2026-05-18,0.0027400191608342003
2026-05-19,-0.0020203903940690243
2026-05-20,0.0005441274818866626
2026-05-21,-0.0004546806126364397
2026-05-22,0.0012645226247473542
2026-05-25,0.001223435459014279
2026-05-26,-0.0008387763995985958
2026-05-27,-0.0012687589320874288
2026-05-28,0.00045894735197345225
2026-05-29,0.001691900009553645
2026-06-01,0.0013092601768690596
2026-06-02,0.0008526124276022926
2026-06-03,-0.002610147071252049
2026-06-04,0.0003919318333941658
2026-06-05,-0.009398499784646453
2026-06-08,-0.0004786894858176042
2026-06-09,-0.001423235136672612
2026-06-10,-0.0032069297956588694
2026-06-11,0.0019181638304271748
2026-06-12,0.002297901354753659
2026-06-15,0.00028098469423182694
2026-06-16,0.0011145827131899164
2026-06-17,-0.0004165069142498814
2026-06-18,-4.133995515841123e-05
2026-06-19,-8.569730338206184e-05
2026-06-22,0.0005062787256592977
2026-06-23,-0.0009976899119122458
2026-06-24,-0.0009510475953450566
2026-06-25,-0.00014344755926758892
2026-06-26,0.0001825959155796642
2026-06-29,0.00014897760100523257
2026-06-30,0.00036809711604296794
2026-07-01,0.0004110918412007101
2026-07-02,0.00037280284224367084
2026-07-03,0.00021641143734429125
2026-07-06,0.0002579278715825268
2026-07-07,-0.0003600926874063576
2026-07-08,-0.0003648043894435792
2026-07-09,0.0004590773959236971
2026-07-10,-1.0395456606168068e-05
2026-07-13,-0.00030763147634960695
2026-07-14,0.00016138400293692564
