open_time,close_time,direction,lots,entry,exit,pnl,r_multiple,confidence,exit_reason
2015-12-31 16:00:00,2016-01-03 23:00:00,sell,0.06,1062.25,1065.75,-20.98,-0.48,high,trail_stop
2016-01-04 00:15:00,2016-01-04 07:45:00,sell,0.06,1063.8,1071.37,-45.4,-1.04,high,stop_loss
2016-01-04 08:15:00,2016-01-04 14:45:00,sell,0.05,1072.27,1080.61,-41.66,-1.03,high,stop_loss
2016-01-04 23:00:00,2016-01-06 07:45:00,sell,0.05,1073.25,1082.9,-48.23,-1.03,high,stop_loss
2016-01-06 08:45:00,2016-01-06 14:15:00,sell,0.05,1082.88,1092.33,-47.24,-1.03,high,stop_loss
2016-01-06 16:00:00,2016-01-06 18:00:00,sell,0.04,1088.76,1091.88,-12.46,-0.3,high,trail_stop
2016-01-07 01:45:00,2016-01-07 14:15:00,sell,0.03,1094.94,1106.09,-33.45,-1.02,med,stop_loss
2016-01-07 16:00:00,2016-01-07 19:30:00,sell,0.02,1104.11,1109.94,-11.66,-0.49,med,trail_stop
2016-01-08 00:00:00,2016-01-08 16:15:00,sell,0.02,1111.16,1104.6,13.13,0.54,med,trail_stop
2016-01-08 20:45:00,2016-01-13 19:00:00,sell,0.01,1103.92,1093.31,10.61,0.8,low,trail_stop
2016-01-14 03:00:00,2016-01-15 07:15:00,sell,0.01,1092.7,1084.77,7.94,0.61,low,trail_stop
2016-01-15 13:00:00,2016-01-20 12:45:00,sell,0.01,1085.78,1098.84,-13.07,-1.02,low,stop_loss
2016-01-20 16:15:00,2016-01-25 07:30:00,sell,0.01,1103.15,1103.3,-0.15,-0.01,low,trail_stop
2016-02-04 14:00:00,2016-02-05 13:45:00,buy,0.01,1153.14,1149.61,-3.53,-0.33,low,trail_stop
2016-02-07 23:00:00,2016-02-09 07:45:00,buy,0.01,1173.6,1187.86,14.26,1.13,low,trail_stop
2016-02-09 14:00:00,2016-02-10 09:30:00,buy,0.01,1198.32,1181.98,-16.34,-1.02,low,stop_loss
2016-02-10 18:00:00,2016-02-11 20:15:00,buy,0.02,1192.09,1247.54,110.89,3.58,med,trail_stop
2016-02-12 00:30:00,2016-02-15 07:00:00,buy,0.01,1237.52,1214.2,-23.32,-1.01,low,stop_loss
2016-02-15 08:30:00,2016-02-22 03:30:00,buy,0.01,1209.52,1218.7,9.18,0.44,med,trail_stop
2016-02-22 07:30:00,2016-02-24 19:00:00,buy,0.02,1214.41,1234.62,40.41,1.1,med,trail_stop
2016-02-24 23:00:00,2016-02-26 15:30:00,buy,0.01,1227.03,1220.83,-6.2,-0.28,med,trail_stop
2016-02-26 16:00:00,2016-02-26 16:15:00,buy,0.01,1214.4,1216.02,1.63,0.07,med,trail_stop
2016-02-26 20:00:00,2016-03-02 01:00:00,buy,0.01,1222.93,1225.8,2.87,0.13,med,trail_stop
2016-03-02 10:00:00,2016-03-04 13:30:00,buy,0.02,1231.13,1255.37,48.47,1.27,high,trail_stop
2016-03-04 17:00:00,2016-03-09 01:00:00,buy,0.02,1266.52,1257.81,-17.4,-0.44,high,trail_stop
2016-03-09 10:00:00,2016-03-10 13:00:00,buy,0.02,1257.72,1238.91,-37.63,-1.01,high,stop_loss
2016-03-10 16:00:00,2016-03-11 08:45:00,buy,0.02,1264.74,1263.54,-2.4,-0.06,high,trail_stop
2016-03-11 15:15:00,2016-03-14 17:45:00,buy,0.02,1261.8,1241.3,-40.99,-1.01,high,stop_loss
2016-03-15 01:00:00,2016-03-18 11:45:00,buy,0.02,1230.69,1250.55,39.71,0.99,high,trail_stop
2016-03-18 12:15:00,2016-03-21 06:15:00,buy,0.02,1248.83,1240.75,-16.16,-0.46,med,trail_stop
2016-03-21 14:00:00,2016-03-23 01:00:00,buy,0.03,1245.49,1244.11,-4.13,-0.09,high,trail_stop
2016-03-23 04:00:00,2016-03-23 04:15:00,buy,0.03,1239.93,1234.14,-17.39,-0.39,high,trail_stop
2016-03-23 10:30:00,2016-03-23 13:45:00,buy,0.03,1232.53,1216.73,-47.4,-1.02,high,stop_loss
2016-03-23 16:30:00,2016-03-30 15:00:00,buy,0.03,1221.26,1227.12,17.56,0.35,high,trail_stop
2016-03-30 20:30:00,2016-04-01 12:30:00,buy,0.02,1224.15,1224.51,0.72,0.02,med,trail_stop
2016-04-03 23:00:00,2016-04-06 11:30:00,buy,0.02,1218.85,1221.1,4.51,0.15,med,trail_stop
2016-04-06 12:30:00,2016-04-08 10:00:00,buy,0.02,1218.25,1229.92,23.34,0.9,med,trail_stop
2016-04-08 12:30:00,2016-04-13 05:00:00,buy,0.03,1232.89,1249.01,48.34,1.21,high,trail_stop
2016-04-13 08:15:00,2016-04-14 00:15:00,buy,0.03,1247.85,1235.1,-38.25,-1.02,high,stop_loss
2016-04-14 10:00:00,2016-04-14 15:45:00,buy,0.03,1240.15,1226.14,-42.04,-1.02,high,stop_loss
2016-04-14 19:30:00,2016-04-20 19:15:00,buy,0.02,1224.16,1242.7,37.09,1.24,med,trail_stop
2016-04-20 22:00:00,2016-04-21 16:15:00,buy,0.02,1243.27,1255.35,24.16,0.83,med,trail_stop
2016-04-21 22:00:00,2016-04-22 16:45:00,buy,0.02,1247.83,1230.96,-33.75,-1.02,med,stop_loss
2016-04-22 20:45:00,2016-05-03 14:15:00,buy,0.02,1231.72,1286.99,110.55,3.37,med,trail_stop
2016-05-03 23:00:00,2016-05-09 08:15:00,buy,0.03,1285.29,1277.95,-22.0,-0.42,high,trail_stop
2016-05-09 13:15:00,2016-05-12 20:15:00,buy,0.03,1271.04,1266.29,-14.25,-0.33,high,trail_stop
2016-05-13 06:00:00,2016-05-16 16:30:00,buy,0.03,1275.16,1274.71,-1.35,-0.03,high,trail_stop
2016-05-17 03:00:00,2016-05-18 13:00:00,buy,0.03,1280.12,1266.34,-41.33,-1.02,high,stop_loss
2016-05-18 16:15:00,2016-05-18 19:00:00,buy,0.03,1271.67,1258.12,-40.65,-1.02,high,stop_loss
2016-05-19 01:30:00,2016-05-24 12:00:00,buy,0.03,1255.37,1240.09,-45.83,-1.02,high,stop_loss
2016-05-24 16:15:00,2016-05-25 13:30:00,buy,0.02,1229.55,1217.58,-23.94,-1.02,med,stop_loss
2016-05-25 23:00:00,2016-05-26 14:45:00,buy,0.02,1223.15,1222.45,-1.39,-0.06,med,trail_stop
2016-05-26 16:15:00,2016-05-27 18:15:00,buy,0.02,1220.86,1208.69,-24.35,-1.02,med,stop_loss
2016-05-29 22:45:00,2016-06-01 16:00:00,buy,0.01,1208.7,1206.41,-2.29,-0.17,low,trail_stop
2016-06-09 00:30:00,2016-06-15 11:45:00,buy,0.01,1260.87,1278.39,17.52,1.57,low,trail_stop
2016-06-15 18:00:00,2016-06-16 09:45:00,buy,0.02,1285.02,1301.94,33.83,1.51,med,trail_stop
2016-06-16 16:15:00,2016-06-16 17:45:00,buy,0.02,1302.62,1288.71,-27.83,-1.02,med,stop_loss
2016-06-16 20:30:00,2016-06-19 22:00:00,buy,0.01,1279.54,1281.69,2.15,0.12,low,trail_stop
2016-06-20 00:15:00,2016-06-21 11:00:00,buy,0.01,1287.16,1269.18,-17.97,-1.01,low,stop_loss
2016-06-21 14:15:00,2016-06-23 22:00:00,buy,0.02,1269.24,1251.25,-35.97,-1.02,med,stop_loss
2016-06-24 00:15:00,2016-06-24 04:15:00,buy,0.01,1265.2,1339.65,74.46,4.09,med,trail_stop
2016-06-28 01:15:00,2016-07-08 12:30:00,buy,0.01,1321.37,1347.72,26.35,0.97,low,trail_stop
2016-07-10 23:00:00,2016-07-11 12:45:00,buy,0.02,1372.86,1354.18,-37.36,-1.01,high,stop_loss
2016-07-11 16:30:00,2016-07-12 15:15:00,buy,0.02,1357.65,1339.56,-36.2,-1.01,high,stop_loss
2016-07-12 16:00:00,2016-07-12 16:15:00,buy,0.02,1335.28,1332.0,-6.55,-0.19,high,trail_stop
2016-07-13 01:00:00,2016-07-14 08:00:00,buy,0.02,1329.9,1329.6,-0.6,-0.02,high,trail_stop
2016-07-14 12:45:00,2016-07-20 10:45:00,buy,0.02,1322.85,1321.9,-1.9,-0.06,high,trail_stop
2016-07-20 12:30:00,2016-07-25 00:30:00,buy,0.03,1316.65,1319.36,8.13,0.19,high,trail_stop
2016-07-25 07:00:00,2016-07-28 17:15:00,buy,0.03,1315.57,1332.21,49.92,1.27,high,trail_stop
2016-07-28 20:45:00,2016-07-29 08:15:00,buy,0.03,1335.6,1330.39,-15.64,-0.4,high,trail_stop
2016-07-29 18:00:00,2016-08-04 02:45:00,buy,0.03,1352.06,1352.8,2.21,0.05,high,trail_stop
2016-08-04 04:15:00,2016-08-05 12:30:00,buy,0.04,1350.67,1353.56,11.55,0.26,high,trail_stop
2016-08-05 17:45:00,2016-08-11 01:15:00,buy,0.02,1337.85,1343.71,11.74,0.45,med,trail_stop
2016-08-11 05:15:00,2016-08-11 18:45:00,buy,0.04,1341.07,1341.51,1.76,0.04,high,trail_stop
2016-08-11 20:00:00,2016-08-12 00:00:00,buy,0.03,1336.39,1334.92,-4.39,-0.11,high,trail_stop
2016-08-12 04:30:00,2016-08-12 16:15:00,buy,0.03,1338.9,1343.46,13.68,0.36,high,trail_stop
2016-08-15 03:00:00,2016-08-17 04:45:00,buy,0.02,1339.04,1342.24,6.4,0.21,med,trail_stop
2016-08-17 08:45:00,2016-08-19 11:30:00,buy,0.03,1343.09,1343.18,0.29,0.01,high,trail_stop
2016-08-19 12:00:00,2016-08-21 22:00:00,buy,0.04,1342.05,1337.17,-19.54,-0.42,high,trail_stop
2016-08-22 00:15:00,2016-08-24 12:30:00,buy,0.04,1336.09,1332.8,-13.15,-0.28,high,trail_stop
2016-08-24 18:00:00,2016-08-26 16:15:00,buy,0.04,1324.93,1331.21,25.11,0.59,high,trail_stop
2016-08-28 22:00:00,2016-08-30 17:00:00,buy,0.04,1319.71,1313.73,-23.9,-0.52,high,trail_stop
2016-08-31 03:00:00,2016-08-31 12:45:00,buy,0.03,1315.5,1305.14,-31.08,-1.03,med,stop_loss
2016-08-31 23:00:00,2016-09-02 12:30:00,buy,0.03,1309.77,1305.66,-12.3,-0.4,med,trail_stop
2016-09-05 00:45:00,2016-09-08 15:30:00,buy,0.02,1323.73,1339.59,31.71,1.25,med,trail_stop
2016-09-08 16:00:00,2016-09-08 16:15:00,buy,0.03,1338.47,1337.26,-3.63,-0.11,med,trail_stop
2016-09-09 03:00:00,2016-09-09 19:00:00,buy,0.03,1339.07,1328.31,-32.3,-1.02,med,stop_loss
2016-09-09 20:45:00,2016-09-13 18:30:00,buy,0.03,1327.47,1317.06,-31.23,-1.03,med,stop_loss
2016-09-13 23:15:00,2016-09-15 13:30:00,buy,0.03,1316.83,1315.15,-5.05,-0.16,med,trail_stop
2016-09-15 16:15:00,2016-09-16 13:15:00,buy,0.02,1317.99,1306.27,-23.45,-1.02,med,stop_loss
2016-09-16 17:15:00,2016-09-27 12:00:00,buy,0.02,1307.18,1332.22,50.08,2.25,med,trail_stop
2016-09-27 23:00:00,2016-09-29 12:30:00,buy,0.03,1327.49,1317.3,-30.57,-1.03,med,stop_loss
2016-09-29 23:00:00,2016-09-30 14:00:00,buy,0.03,1322.22,1318.41,-11.41,-0.42,med,trail_stop
2016-09-30 16:30:00,2016-10-04 02:30:00,buy,0.01,1318.43,1308.24,-10.18,-1.03,low,stop_loss
2016-10-04 06:45:00,2016-10-04 12:15:00,buy,0.01,1309.42,1300.14,-9.27,-1.03,low,stop_loss
2016-10-11 23:00:00,2016-10-18 01:15:00,sell,0.01,1253.87,1258.18,-4.31,-0.36,low,trail_stop
2016-10-18 04:00:00,2016-10-19 09:30:00,sell,0.01,1259.72,1269.31,-9.58,-1.03,low,stop_loss
2016-10-19 12:00:00,2016-10-19 12:15:00,sell,0.01,1271.41,1271.57,-0.16,-0.02,low,trail_stop
2016-10-19 23:00:00,2016-10-24 12:30:00,sell,0.01,1270.05,1270.82,-0.76,-0.08,low,trail_stop
2016-10-24 18:30:00,2016-10-25 15:00:00,sell,0.01,1263.73,1272.95,-9.22,-1.03,low,stop_loss
2016-10-25 18:00:00,2016-10-28 13:30:00,sell,0.02,1273.79,1273.49,0.61,0.04,low,trail_stop
2016-10-28 16:00:00,2016-10-28 16:15:00,sell,0.01,1268.58,1270.76,-2.19,-0.24,low,trail_stop
2016-10-30 22:00:00,2016-11-01 11:45:00,sell,0.01,1275.98,1286.98,-11.0,-1.02,low,stop_loss
2016-11-01 12:45:00,2016-11-02 12:00:00,sell,0.01,1287.69,1297.84,-10.15,-1.03,low,stop_loss
2016-11-17 06:00:00,2016-11-25 08:15:00,sell,0.01,1226.56,1189.6,36.96,2.0,low,trail_stop
2016-11-25 12:15:00,2016-11-28 01:00:00,sell,0.02,1189.72,1194.82,-10.21,-0.32,med,trail_stop
2016-11-28 04:15:00,2016-12-02 01:00:00,sell,0.02,1193.42,1176.62,33.6,1.07,med,trail_stop
2016-12-02 04:15:00,2016-12-04 23:00:00,sell,0.03,1176.32,1181.29,-14.91,-0.35,high,trail_stop
2016-12-05 06:00:00,2016-12-05 17:45:00,sell,0.03,1177.15,1171.82,16.0,0.37,high,trail_stop
2016-12-06 01:00:00,2016-12-16 16:15:00,sell,0.02,1172.75,1139.83,65.82,1.97,high,trail_stop
2016-12-18 23:30:00,2016-12-27 06:15:00,sell,0.03,1135.92,1140.01,-12.28,-0.29,high,trail_stop
2016-12-27 14:00:00,2016-12-29 01:00:00,sell,0.04,1141.35,1145.7,-17.42,-0.45,high,trail_stop
2016-12-29 04:15:00,2016-12-29 16:15:00,sell,0.05,1149.45,1153.53,-20.43,-0.46,high,trail_stop
2016-12-29 20:45:00,2017-01-03 15:45:00,sell,0.04,1156.6,1156.17,1.69,0.04,high,trail_stop
2017-01-03 16:00:00,2017-01-03 16:15:00,sell,0.04,1156.19,1158.37,-8.74,-0.19,high,trail_stop
2017-01-04 02:45:00,2017-01-05 01:00:00,sell,0.03,1160.54,1172.93,-37.17,-1.02,high,stop_loss
2017-01-05 05:15:00,2017-01-10 03:30:00,sell,0.03,1174.67,1186.66,-35.98,-1.02,high,stop_loss
2017-01-10 06:15:00,2017-01-11 16:30:00,sell,0.04,1187.16,1188.49,-5.3,-0.12,high,trail_stop
2017-01-11 23:30:00,2017-01-12 08:45:00,sell,0.02,1193.31,1206.93,-27.23,-1.02,med,stop_loss
2017-01-12 18:00:00,2017-01-15 23:15:00,sell,0.02,1199.87,1200.97,-2.18,-0.08,med,trail_stop
2017-01-16 06:00:00,2017-01-17 09:30:00,sell,0.01,1203.69,1216.68,-12.98,-1.02,low,stop_loss
2017-01-17 14:00:00,2017-01-20 01:15:00,sell,0.01,1216.68,1207.02,9.67,0.89,low,trail_stop
2017-01-20 10:00:00,2017-01-20 19:30:00,sell,0.01,1201.12,1213.19,-12.06,-1.02,low,stop_loss
2017-01-27 13:30:00,2017-01-30 15:00:00,sell,0.01,1185.7,1196.52,-10.82,-1.02,low,stop_loss
2017-01-30 23:00:00,2017-01-31 12:15:00,sell,0.01,1194.84,1205.32,-10.47,-1.02,low,stop_loss
2017-02-23 10:00:00,2017-02-27 20:15:00,buy,0.01,1237.84,1254.91,17.07,1.97,low,trail_stop
2017-02-28 00:30:00,2017-02-28 18:30:00,buy,0.01,1252.34,1248.62,-3.73,-0.4,low,trail_stop
2017-02-28 20:15:00,2017-03-01 13:15:00,buy,0.01,1249.63,1239.76,-9.87,-1.03,low,stop_loss
2017-03-01 22:00:00,2017-03-02 12:00:00,buy,0.01,1249.93,1239.57,-10.36,-1.03,low,stop_loss
2017-03-02 16:15:00,2017-03-03 05:45:00,buy,0.01,1240.26,1230.13,-10.13,-1.03,low,stop_loss
2017-03-03 08:00:00,2017-03-03 16:30:00,buy,0.01,1226.42,1223.37,-3.05,-0.29,low,trail_stop
2017-03-28 16:00:00,2017-03-28 18:00:00,buy,0.01,1253.87,1249.2,-4.66,-0.53,low,trail_stop
2017-03-29 01:00:00,2017-03-30 13:15:00,buy,0.01,1249.33,1244.93,-4.39,-0.47,low,trail_stop
2017-03-30 16:45:00,2017-04-05 09:15:00,buy,0.02,1247.73,1252.77,10.08,0.61,low,trail_stop
2017-04-05 12:15:00,2017-04-05 13:45:00,buy,0.02,1251.74,1244.2,-15.09,-1.03,low,stop_loss
2017-04-05 16:15:00,2017-04-06 15:15:00,buy,0.02,1247.37,1250.43,6.12,0.38,low,trail_stop
2017-04-06 23:00:00,2017-04-07 16:45:00,buy,0.01,1251.76,1261.37,9.61,1.08,low,trail_stop
2017-04-10 01:00:00,2017-04-17 19:00:00,buy,0.01,1253.19,1283.32,30.13,2.54,low,trail_stop
2017-04-17 23:30:00,2017-04-19 09:30:00,buy,0.01,1282.59,1281.04,-1.55,-0.14,low,trail_stop
2017-04-19 13:45:00,2017-04-23 22:00:00,buy,0.03,1280.9,1278.04,-8.58,-0.29,med,trail_stop
2017-04-24 00:00:00,2017-04-25 16:15:00,buy,0.02,1272.94,1261.48,-22.92,-1.02,med,stop_loss
2017-04-26 00:00:00,2017-05-01 15:45:00,buy,0.02,1262.58,1260.56,-4.05,-0.2,med,trail_stop
2017-05-01 16:00:00,2017-05-01 16:15:00,buy,0.03,1259.01,1259.65,1.9,0.07,med,trail_stop
2017-05-01 20:45:00,2017-05-03 14:15:00,buy,0.03,1256.24,1247.18,-27.2,-1.03,med,stop_loss
2017-05-03 17:00:00,2017-05-03 19:45:00,buy,0.03,1247.84,1240.0,-23.51,-1.03,med,stop_loss
2017-05-03 20:00:00,2017-05-03 20:15:00,buy,0.01,1238.59,1244.34,5.75,0.63,low,trail_stop
2017-05-04 05:45:00,2017-05-04 12:45:00,buy,0.01,1237.23,1227.96,-9.27,-1.03,low,stop_loss
2017-05-04 18:30:00,2017-05-07 22:00:00,buy,0.01,1226.56,1225.53,-1.04,-0.11,low,trail_stop
2017-05-28 22:00:00,2017-06-01 12:15:00,buy,0.01,1266.3,1264.84,-1.46,-0.16,low,trail_stop
2017-06-01 16:45:00,2017-06-02 02:30:00,buy,0.02,1263.02,1260.92,-4.19,-0.27,low,trail_stop
2017-06-02 05:30:00,2017-06-07 17:45:00,buy,0.01,1260.38,1287.52,27.14,3.28,low,trail_stop
2017-06-07 20:45:00,2017-06-08 13:30:00,buy,0.03,1286.05,1276.54,-28.55,-1.03,med,stop_loss
2017-06-08 23:00:00,2017-06-09 12:45:00,buy,0.02,1278.04,1267.64,-20.78,-1.03,med,stop_loss
2017-06-11 23:00:00,2017-06-14 18:30:00,buy,0.02,1267.11,1268.58,2.96,0.14,med,trail_stop
2017-06-15 03:00:00,2017-06-15 12:30:00,buy,0.01,1264.84,1252.27,-12.58,-1.02,low,stop_loss
2017-06-15 23:00:00,2017-06-19 20:45:00,buy,0.01,1254.9,1242.57,-12.33,-1.02,low,stop_loss
2017-07-07 03:00:00,2017-07-10 11:30:00,sell,0.01,1220.35,1213.68,6.67,0.78,low,trail_stop
2017-07-10 14:30:00,2017-07-11 22:45:00,sell,0.01,1213.29,1218.04,-4.75,-0.46,low,trail_stop
2017-07-12 00:00:00,2017-07-13 02:45:00,sell,0.01,1218.87,1223.0,-4.13,-0.44,low,trail_stop
2017-07-13 10:00:00,2017-07-14 12:30:00,sell,0.01,1221.86,1224.47,-2.61,-0.28,low,trail_stop
2017-07-16 22:00:00,2017-07-18 12:00:00,sell,0.01,1229.44,1239.16,-9.72,-1.03,low,stop_loss
2017-07-18 16:00:00,2017-07-19 12:45:00,sell,0.02,1243.73,1243.93,-0.41,-0.03,low,trail_stop
2017-07-19 16:45:00,2017-07-20 14:30:00,sell,0.02,1241.74,1243.38,-3.27,-0.21,low,trail_stop
2017-08-02 08:00:00,2017-08-02 23:00:00,buy,0.01,1265.79,1263.78,-2.01,-0.23,low,trail_stop
2017-08-03 00:45:00,2017-08-04 13:30:00,buy,0.01,1261.92,1260.4,-1.51,-0.15,low,trail_stop
2017-08-06 22:00:00,2017-08-08 14:30:00,buy,0.01,1257.79,1255.59,-2.21,-0.24,low,trail_stop
2017-08-10 06:00:00,2017-08-14 07:45:00,buy,0.01,1279.02,1282.08,3.06,0.32,low,trail_stop
2017-08-14 08:30:00,2017-08-15 05:45:00,buy,0.01,1282.08,1272.63,-9.45,-1.03,low,stop_loss
2017-08-15 10:00:00,2017-08-18 15:45:00,buy,0.03,1273.61,1288.32,44.13,1.58,med,trail_stop
2017-08-18 16:15:00,2017-08-22 14:00:00,buy,0.02,1287.77,1282.44,-10.67,-0.48,med,trail_stop
2017-08-22 17:00:00,2017-08-25 13:30:00,buy,0.02,1285.9,1280.98,-9.85,-0.48,med,trail_stop
2017-08-27 23:00:00,2017-08-29 01:00:00,buy,0.04,1292.84,1314.83,88.0,2.37,high,trail_stop
2017-08-29 10:00:00,2017-08-29 16:15:00,buy,0.02,1320.44,1314.74,-11.39,-0.52,med,trail_stop
2017-08-30 03:00:00,2017-08-31 01:30:00,buy,0.02,1313.44,1300.48,-25.91,-1.02,med,stop_loss
2017-08-31 10:00:00,2017-09-05 11:15:00,buy,0.02,1305.85,1327.43,43.15,1.81,med,trail_stop
2017-09-05 18:00:00,2017-09-06 17:00:00,buy,0.03,1338.44,1332.54,-17.71,-0.51,high,trail_stop
2017-09-06 23:15:00,2017-09-08 14:00:00,buy,0.03,1332.86,1345.55,38.05,1.08,high,trail_stop
2017-09-08 16:15:00,2017-09-10 22:00:00,buy,0.03,1346.51,1334.48,-36.07,-1.02,high,stop_loss
2017-09-11 00:00:00,2017-09-12 00:15:00,buy,0.03,1336.36,1324.5,-35.56,-1.02,high,stop_loss
2017-09-12 04:30:00,2017-09-13 14:15:00,buy,0.04,1324.0,1324.08,0.31,0.01,high,trail_stop
2017-09-13 16:15:00,2017-09-15 09:30:00,buy,0.03,1321.52,1323.39,5.59,0.17,high,trail_stop
2017-09-15 14:15:00,2017-09-17 23:30:00,buy,0.03,1321.04,1315.69,-16.06,-0.47,high,trail_stop
2017-09-18 06:00:00,2017-09-18 15:15:00,buy,0.03,1318.19,1307.08,-33.32,-1.02,high,stop_loss
2017-09-18 16:15:00,2017-09-20 18:00:00,buy,0.03,1306.74,1305.25,-4.46,-0.14,high,trail_stop
2017-09-20 23:45:00,2017-09-21 12:30:00,buy,0.03,1299.38,1288.41,-32.91,-1.02,high,stop_loss
2017-09-21 16:45:00,2017-09-26 10:15:00,buy,0.03,1293.36,1302.4,27.12,0.83,high,trail_stop
2017-09-26 12:30:00,2017-09-27 08:30:00,buy,0.01,1300.84,1288.96,-11.88,-1.02,low,stop_loss
2017-09-27 12:15:00,2017-09-29 20:30:00,buy,0.01,1288.26,1276.37,-11.89,-1.02,low,stop_loss
2017-10-01 22:00:00,2017-10-05 19:00:00,buy,0.01,1278.4,1267.73,-10.68,-1.02,low,stop_loss
2017-10-13 03:00:00,2017-10-16 18:00:00,buy,0.01,1296.21,1297.17,0.96,0.11,low,trail_stop
2017-10-17 00:30:00,2017-10-17 12:45:00,buy,0.01,1293.64,1284.21,-9.43,-1.03,low,stop_loss
2017-10-17 23:00:00,2017-10-19 02:00:00,buy,0.01,1285.83,1276.5,-9.33,-1.03,low,stop_loss
2017-10-19 04:45:00,2017-10-20 02:30:00,buy,0.01,1277.75,1282.48,4.73,0.57,low,trail_stop
2017-11-27 18:45:00,2017-11-29 13:30:00,buy,0.02,1294.39,1286.49,-15.8,-1.03,low,stop_loss
2017-11-29 16:00:00,2017-11-29 16:15:00,buy,0.01,1284.5,1286.52,2.01,0.25,low,trail_stop
2017-11-29 21:30:00,2017-11-30 16:45:00,buy,0.01,1283.66,1275.19,-8.47,-1.03,low,stop_loss
2017-12-12 05:45:00,2017-12-12 20:00:00,sell,0.02,1244.97,1244.22,1.52,0.1,low,trail_stop
2017-12-13 03:15:00,2017-12-13 18:30:00,sell,0.01,1244.17,1248.32,-4.15,-0.53,low,trail_stop
2017-12-14 01:15:00,2017-12-15 13:00:00,sell,0.01,1257.56,1259.7,-2.14,-0.24,low,trail_stop
2017-12-15 19:30:00,2017-12-19 06:00:00,sell,0.01,1255.39,1264.59,-9.2,-1.03,low,stop_loss
2017-12-19 12:15:00,2017-12-20 17:30:00,sell,0.02,1264.83,1266.63,-3.61,-0.25,low,trail_stop
2017-12-21 01:15:00,2017-12-22 14:00:00,sell,0.02,1266.58,1269.72,-6.3,-0.47,low,trail_stop
2017-12-22 16:00:00,2017-12-22 16:15:00,sell,0.02,1273.2,1273.91,-1.43,-0.12,low,trail_stop
2017-12-22 21:45:00,2017-12-26 14:00:00,sell,0.02,1275.35,1281.78,-12.84,-1.04,low,stop_loss
2018-01-02 10:00:00,2018-01-03 02:30:00,buy,0.02,1312.43,1314.58,4.3,0.33,low,trail_stop
2018-01-03 04:00:00,2018-01-03 06:30:00,buy,0.01,1313.18,1312.75,-0.43,-0.05,low,trail_stop
2018-01-03 14:00:00,2018-01-03 19:00:00,buy,0.01,1316.62,1308.2,-8.42,-1.03,low,stop_loss
2018-01-03 23:30:00,2018-01-04 01:00:00,buy,0.01,1312.01,1307.49,-4.52,-0.51,low,trail_stop
2018-01-04 10:00:00,2018-01-05 08:30:00,buy,0.01,1313.94,1316.47,2.53,0.27,low,trail_stop
2018-01-05 14:00:00,2018-01-09 08:30:00,buy,0.01,1316.01,1313.06,-2.95,-0.31,low,trail_stop
2018-01-09 13:00:00,2018-01-10 13:45:00,buy,0.03,1314.02,1318.86,14.52,0.56,med,trail_stop
2018-01-10 16:30:00,2018-01-16 09:15:00,buy,0.01,1317.95,1333.13,15.18,1.34,low,trail_stop
2018-01-16 13:15:00,2018-01-17 05:30:00,buy,0.04,1334.0,1334.41,1.63,0.04,high,trail_stop
2018-01-17 14:00:00,2018-01-17 20:15:00,buy,0.03,1335.29,1330.14,-15.46,-0.51,high,trail_stop
2018-01-18 01:00:00,2018-01-25 14:15:00,buy,0.03,1327.33,1355.15,83.46,2.63,high,trail_stop
2018-01-25 19:00:00,2018-01-25 19:30:00,buy,0.03,1356.44,1345.22,-33.67,-1.02,high,stop_loss
2018-01-25 20:15:00,2018-01-29 12:00:00,buy,0.03,1346.19,1343.48,-8.14,-0.2,high,trail_stop
2018-01-29 16:00:00,2018-01-30 02:30:00,buy,0.03,1340.05,1335.32,-14.21,-0.41,high,trail_stop
2018-01-30 05:00:00,2018-01-30 18:00:00,buy,0.03,1336.09,1337.09,2.99,0.09,high,trail_stop
2018-01-30 20:15:00,2018-01-31 19:15:00,buy,0.03,1338.74,1332.49,-18.75,-0.5,high,trail_stop
2018-02-01 01:15:00,2018-02-02 13:30:00,buy,0.03,1342.13,1338.67,-10.37,-0.29,high,trail_stop
2018-02-02 16:15:00,2018-02-06 14:30:00,buy,0.02,1328.83,1332.91,8.16,0.32,med,trail_stop
2018-02-06 18:15:00,2018-02-07 18:15:00,buy,0.02,1326.63,1312.69,-27.87,-1.02,med,stop_loss
2018-02-08 03:00:00,2018-02-14 13:30:00,buy,0.02,1314.43,1322.75,16.65,0.6,med,trail_stop
2018-02-14 16:00:00,2018-02-16 19:00:00,buy,0.01,1346.7,1347.35,0.65,0.05,low,trail_stop
2018-02-16 20:00:00,2018-02-20 01:00:00,buy,0.02,1346.15,1343.42,-5.47,-0.21,med,trail_stop
2018-02-20 06:00:00,2018-02-20 17:45:00,buy,0.02,1340.11,1329.65,-20.92,-1.02,med,stop_loss
2018-02-21 00:45:00,2018-02-21 20:15:00,buy,0.02,1328.58,1325.02,-7.12,-0.33,med,trail_stop
2018-02-22 00:00:00,2018-02-26 17:00:00,buy,0.02,1325.55,1329.85,8.59,0.39,med,trail_stop
2018-02-26 23:30:00,2018-02-27 13:15:00,buy,0.02,1331.76,1326.79,-9.93,-0.51,med,trail_stop
2018-02-27 16:00:00,2018-02-27 16:15:00,buy,0.01,1316.82,1322.05,5.23,0.49,low,trail_stop
2018-02-28 00:00:00,2018-03-01 08:30:00,buy,0.01,1316.56,1311.52,-5.04,-0.47,low,trail_stop
2018-03-01 12:00:00,2018-03-05 17:00:00,buy,0.01,1309.62,1318.5,8.88,0.99,low,trail_stop
2018-03-06 03:00:00,2018-03-07 11:30:00,buy,0.01,1322.26,1330.42,8.16,0.83,low,trail_stop
2018-03-07 12:15:00,2018-03-08 15:00:00,buy,0.01,1329.85,1319.42,-10.43,-1.03,low,stop_loss
2018-03-08 23:00:00,2018-03-15 12:30:00,buy,0.01,1321.95,1319.72,-2.23,-0.22,low,trail_stop
2018-03-15 18:45:00,2018-03-16 13:45:00,buy,0.01,1315.46,1312.7,-2.76,-0.32,low,trail_stop
2018-03-18 23:00:00,2018-03-20 12:15:00,buy,0.01,1313.39,1310.33,-3.05,-0.34,low,trail_stop
2018-03-20 16:15:00,2018-03-22 05:30:00,buy,0.01,1310.62,1328.24,17.61,2.18,low,trail_stop
2018-03-22 13:00:00,2018-03-27 11:00:00,buy,0.01,1328.71,1345.97,17.26,1.63,low,trail_stop
2018-03-27 12:00:00,2018-03-27 12:15:00,buy,0.01,1344.63,1343.51,-1.12,-0.1,low,trail_stop
2018-03-27 23:00:00,2018-03-28 12:00:00,buy,0.01,1345.6,1334.53,-11.07,-1.02,low,stop_loss
2018-03-28 16:00:00,2018-03-28 16:15:00,buy,0.01,1327.66,1325.95,-1.71,-0.16,low,trail_stop
2018-03-28 22:00:00,2018-04-03 13:15:00,buy,0.01,1324.47,1333.73,9.26,0.86,low,trail_stop
2018-04-03 19:00:00,2018-04-04 14:45:00,buy,0.01,1330.95,1336.85,5.9,0.58,low,trail_stop
2018-04-04 18:15:00,2018-04-06 07:15:00,buy,0.01,1333.24,1321.55,-11.69,-1.02,low,stop_loss
2018-04-06 11:30:00,2018-04-11 18:00:00,buy,0.01,1323.26,1353.68,30.42,2.71,low,trail_stop
2018-04-12 02:30:00,2018-04-12 15:15:00,buy,0.01,1349.62,1336.32,-13.3,-1.02,low,stop_loss
2018-04-12 16:45:00,2018-04-17 12:45:00,buy,0.01,1336.55,1337.53,0.98,0.08,low,trail_stop
2018-04-17 23:00:00,2018-04-19 15:00:00,buy,0.01,1346.84,1344.01,-2.83,-0.25,low,trail_stop
2018-04-19 23:00:00,2018-04-22 22:00:00,buy,0.02,1345.78,1334.13,-23.3,-1.03,med,stop_loss
2018-04-23 06:00:00,2018-04-23 12:15:00,buy,0.02,1334.65,1324.68,-19.94,-1.03,med,stop_loss
2018-04-23 23:00:00,2018-04-25 08:15:00,buy,0.02,1324.82,1322.69,-4.26,-0.22,med,trail_stop
2018-04-25 12:15:00,2018-04-26 14:15:00,buy,0.01,1319.7,1317.18,-2.52,-0.28,low,trail_stop
2018-04-26 23:00:00,2018-04-30 09:00:00,buy,0.01,1317.44,1315.91,-1.53,-0.17,low,trail_stop
2018-04-30 12:00:00,2018-05-01 02:15:00,buy,0.01,1312.82,1311.92,-0.9,-0.11,low,trail_stop
2018-05-01 05:45:00,2018-05-01 14:30:00,buy,0.01,1311.41,1302.8,-8.61,-1.03,low,stop_loss
2018-05-01 19:45:00,2018-05-02 20:15:00,buy,0.01,1304.96,1304.43,-0.53,-0.06,low,trail_stop
2018-05-22 06:00:00,2018-05-23 09:45:00,sell,0.01,1290.01,1298.21,-8.2,-1.03,low,stop_loss
2018-05-23 18:00:00,2018-05-24 09:00:00,sell,0.01,1289.24,1297.73,-8.49,-1.03,low,stop_loss
2018-05-24 12:00:00,2018-05-24 13:45:00,sell,0.01,1296.88,1305.44,-8.56,-1.03,low,stop_loss
2018-05-24 17:45:00,2018-05-29 08:30:00,sell,0.01,1305.58,1304.93,0.65,0.07,low,trail_stop
2018-05-29 14:45:00,2018-05-29 16:15:00,sell,0.01,1302.95,1300.87,2.08,0.26,low,trail_stop
2018-05-29 23:00:00,2018-05-31 06:15:00,sell,0.01,1301.02,1305.25,-4.23,-0.46,low,trail_stop
2018-05-31 14:00:00,2018-06-04 13:00:00,sell,0.01,1302.55,1298.15,4.41,0.51,low,trail_stop
2018-06-04 23:00:00,2018-06-05 16:15:00,sell,0.01,1291.91,1300.45,-8.54,-1.03,low,stop_loss
2018-06-05 23:15:00,2018-06-11 01:30:00,sell,0.01,1297.45,1301.43,-3.98,-0.5,low,trail_stop
2018-06-11 10:00:00,2018-06-11 15:15:00,sell,0.02,1295.28,1301.77,-12.96,-1.04,low,stop_loss
2018-06-11 23:00:00,2018-06-13 15:00:00,sell,0.02,1299.16,1298.21,1.91,0.15,low,trail_stop
2018-06-13 16:15:00,2018-06-13 20:15:00,sell,0.02,1298.33,1299.2,-1.74,-0.14,low,trail_stop
2018-06-14 05:15:00,2018-06-14 12:15:00,sell,0.02,1300.12,1307.26,-14.28,-1.04,low,stop_loss
2018-06-14 23:00:00,2018-06-19 01:45:00,sell,0.01,1302.54,1283.2,19.33,2.54,low,trail_stop
2018-06-20 05:30:00,2018-06-21 18:00:00,sell,0.01,1274.65,1270.31,4.34,0.5,low,trail_stop
2018-06-22 00:30:00,2018-06-29 16:45:00,sell,0.01,1268.18,1254.6,13.58,1.61,low,trail_stop
2018-07-01 22:00:00,2018-07-03 11:00:00,sell,0.04,1253.23,1246.04,28.77,0.92,high,trail_stop
2018-07-03 12:30:00,2018-07-04 00:15:00,sell,0.04,1248.58,1256.6,-32.07,-1.03,high,stop_loss
2018-07-04 05:15:00,2018-07-05 15:15:00,sell,0.04,1257.82,1259.91,-8.35,-0.25,high,trail_stop
2018-07-05 23:00:00,2018-07-09 06:00:00,sell,0.04,1257.22,1260.92,-14.83,-0.47,high,trail_stop
2018-07-09 08:45:00,2018-07-10 12:45:00,sell,0.05,1261.74,1254.41,36.65,1.07,high,trail_stop
2018-07-10 23:00:00,2018-07-16 05:00:00,sell,0.03,1254.78,1245.06,29.17,1.15,med,trail_stop
2018-07-16 08:15:00,2018-07-17 08:45:00,sell,0.05,1243.58,1245.03,-7.21,-0.2,high,trail_stop
2018-07-17 12:15:00,2018-07-18 17:45:00,sell,0.05,1240.76,1228.62,60.69,1.66,high,trail_stop
2018-07-19 03:00:00,2018-07-19 17:00:00,sell,0.04,1224.43,1219.79,18.57,0.58,high,trail_stop
2018-07-19 22:00:00,2018-07-20 09:45:00,sell,0.03,1223.74,1226.02,-6.83,-0.23,high,trail_stop
2018-07-20 12:30:00,2018-07-24 13:45:00,sell,0.03,1225.77,1228.51,-8.22,-0.27,high,trail_stop
2018-07-24 16:30:00,2018-07-26 01:15:00,sell,0.04,1225.4,1235.31,-39.63,-1.03,high,stop_loss
2018-07-26 10:00:00,2018-07-27 15:45:00,sell,0.04,1228.01,1226.98,4.09,0.11,high,trail_stop
2018-07-29 23:00:00,2018-07-31 16:15:00,sell,0.04,1222.85,1223.33,-1.94,-0.05,high,trail_stop
2018-08-01 03:00:00,2018-08-03 12:30:00,sell,0.04,1222.01,1213.35,34.66,1.01,high,trail_stop
2018-08-05 23:00:00,2018-08-07 09:30:00,sell,0.04,1213.44,1215.59,-8.62,-0.22,high,trail_stop
2018-08-07 18:00:00,2018-08-16 04:15:00,sell,0.04,1209.35,1168.99,161.45,4.71,high,trail_stop
2018-08-16 08:00:00,2018-08-17 19:30:00,sell,0.03,1178.13,1182.68,-13.66,-0.42,high,trail_stop
2018-08-20 02:15:00,2018-08-21 20:45:00,sell,0.03,1185.45,1196.79,-34.03,-1.02,high,stop_loss
2018-08-22 00:15:00,2018-08-22 12:30:00,sell,0.04,1196.92,1201.43,-18.04,-0.52,high,trail_stop
2018-08-22 18:00:00,2018-08-24 10:00:00,sell,0.04,1196.87,1192.51,17.45,0.48,high,trail_stop
2018-08-24 12:15:00,2018-08-24 14:00:00,sell,0.04,1192.89,1201.89,-36.01,-1.03,high,stop_loss
2018-08-26 23:00:00,2018-08-31 07:00:00,sell,0.03,1206.22,1207.03,-2.42,-0.08,high,trail_stop
2018-08-31 14:00:00,2018-09-06 00:00:00,sell,0.04,1202.42,1198.59,15.33,0.44,high,trail_stop
2018-09-06 07:45:00,2018-09-06 11:00:00,sell,0.05,1198.9,1206.43,-37.61,-1.04,high,stop_loss
2018-09-06 12:15:00,2018-09-11 16:15:00,sell,0.04,1205.59,1195.79,39.23,1.25,high,trail_stop
2018-09-11 20:00:00,2018-09-12 15:15:00,sell,0.04,1196.92,1200.91,-15.96,-0.5,high,trail_stop
2018-09-12 16:00:00,2018-09-12 16:15:00,sell,0.04,1203.23,1202.29,3.78,0.1,high,trail_stop
2018-09-13 03:00:00,2018-09-17 14:00:00,sell,0.04,1204.39,1202.35,8.16,0.22,high,trail_stop
2018-09-17 23:00:00,2018-09-20 14:00:00,sell,0.04,1199.26,1208.16,-35.57,-1.03,high,stop_loss
2018-09-20 16:15:00,2018-09-21 20:45:00,sell,0.05,1204.38,1199.74,23.21,0.6,high,trail_stop
2018-09-24 04:00:00,2018-09-28 14:45:00,sell,0.04,1196.62,1189.09,30.09,0.93,high,trail_stop
2018-09-28 17:30:00,2018-10-02 06:15:00,sell,0.04,1193.51,1193.63,-0.5,-0.01,high,trail_stop
2018-10-02 08:15:00,2018-10-02 12:30:00,sell,0.05,1193.82,1196.68,-14.28,-0.39,high,trail_stop
2018-10-02 16:30:00,2018-10-04 14:15:00,sell,0.02,1205.78,1205.85,-0.14,-0.01,med,trail_stop
2018-10-04 23:00:00,2018-10-09 04:00:00,sell,0.03,1199.33,1191.73,22.8,0.85,med,trail_stop
2018-10-09 08:30:00,2018-10-10 18:00:00,sell,0.03,1189.92,1191.9,-5.96,-0.24,med,trail_stop
2018-10-10 20:15:00,2018-10-11 09:30:00,sell,0.04,1193.82,1202.36,-34.16,-1.03,high,stop_loss
2018-10-11 12:30:00,2018-10-11 14:30:00,sell,0.03,1204.73,1214.0,-27.8,-1.03,med,stop_loss
2018-10-11 17:00:00,2018-10-15 09:15:00,sell,0.01,1220.67,1231.83,-11.16,-1.02,low,stop_loss
2018-10-15 12:15:00,2018-10-18 15:45:00,sell,0.01,1230.05,1229.22,0.84,0.08,low,trail_stop
2018-10-18 23:00:00,2018-10-23 06:45:00,sell,0.01,1225.25,1229.61,-4.37,-0.47,low,trail_stop
2018-10-23 08:00:00,2018-10-23 08:15:00,sell,0.01,1232.87,1231.41,1.46,0.19,low,trail_stop
2018-10-23 12:00:00,2018-10-24 22:00:00,sell,0.01,1237.62,1234.09,3.54,0.43,low,trail_stop
2018-11-12 23:00:00,2018-11-14 18:15:00,sell,0.01,1200.23,1209.31,-9.08,-1.03,low,stop_loss
2018-11-15 03:00:00,2018-11-16 13:30:00,sell,0.01,1209.92,1220.17,-10.25,-1.03,low,stop_loss
2018-11-16 17:15:00,2018-11-28 17:00:00,sell,0.01,1221.85,1220.88,0.97,0.1,low,trail_stop
2018-12-24 18:00:00,2018-12-26 18:00:00,buy,0.01,1268.4,1268.97,0.57,0.06,low,trail_stop
2018-12-26 20:00:00,2018-12-26 20:15:00,buy,0.01,1265.18,1267.56,2.38,0.21,low,trail_stop
2018-12-27 06:00:00,2019-01-04 13:30:00,buy,0.01,1269.06,1287.14,18.08,1.62,low,trail_stop
2019-01-06 23:00:00,2019-01-08 03:45:00,buy,0.02,1285.33,1283.7,-3.26,-0.15,med,trail_stop
2019-01-08 04:00:00,2019-01-08 13:15:00,buy,0.02,1282.69,1280.21,-4.96,-0.26,med,trail_stop
2019-01-08 23:00:00,2019-01-10 17:45:00,buy,0.02,1285.04,1287.36,4.64,0.25,med,trail_stop
2019-01-10 20:45:00,2019-01-15 17:00:00,buy,0.04,1286.44,1286.48,0.15,0.0,high,trail_stop
2019-01-15 20:30:00,2019-01-18 09:15:00,buy,0.04,1289.49,1287.17,-9.26,-0.29,high,trail_stop
2019-01-18 13:00:00,2019-01-21 12:30:00,buy,0.05,1283.98,1276.58,-37.02,-1.04,high,stop_loss
2019-01-22 00:45:00,2019-01-23 14:00:00,buy,0.05,1279.65,1279.38,-1.35,-0.04,high,trail_stop
2019-01-23 23:00:00,2019-01-30 18:45:00,buy,0.05,1282.97,1308.87,129.49,3.83,high,trail_stop
2019-01-30 20:00:00,2019-02-01 02:00:00,buy,0.04,1318.94,1317.26,-6.71,-0.19,high,trail_stop
2019-02-01 05:30:00,2019-02-04 00:45:00,buy,0.04,1317.64,1315.09,-10.2,-0.31,high,trail_stop
2019-02-04 04:15:00,2019-02-07 01:45:00,buy,0.05,1313.1,1305.14,-39.79,-1.03,high,stop_loss
2019-02-07 04:30:00,2019-02-11 09:00:00,buy,0.05,1303.24,1308.31,25.38,0.73,high,trail_stop
2019-02-11 12:15:00,2019-02-13 13:00:00,buy,0.06,1306.95,1308.14,7.18,0.19,high,trail_stop
2019-02-13 16:00:00,2019-02-13 19:00:00,buy,0.05,1313.6,1310.07,-17.67,-0.46,high,trail_stop
2019-02-13 20:00:00,2019-02-13 20:15:00,buy,0.04,1305.6,1306.1,1.98,0.06,high,trail_stop
2019-02-14 06:00:00,2019-02-20 19:15:00,buy,0.04,1309.31,1338.08,115.05,3.46,high,trail_stop
2019-02-20 20:00:00,2019-02-21 08:30:00,buy,0.04,1340.03,1337.13,-11.62,-0.33,high,trail_stop
2019-02-21 14:45:00,2019-02-21 20:45:00,buy,0.04,1332.82,1323.31,-38.04,-1.03,high,stop_loss
2019-02-22 00:30:00,2019-02-27 14:45:00,buy,0.04,1324.67,1322.6,-8.28,-0.2,high,trail_stop
2019-02-27 16:00:00,2019-02-27 16:15:00,buy,0.05,1322.6,1320.56,-10.2,-0.26,high,trail_stop
2019-02-28 01:30:00,2019-02-28 14:30:00,buy,0.04,1318.11,1318.59,1.92,0.06,high,trail_stop
2019-02-28 17:30:00,2019-03-01 13:30:00,buy,0.04,1314.24,1304.16,-40.32,-1.03,high,stop_loss
2019-03-01 16:00:00,2019-03-01 16:45:00,buy,0.04,1304.44,1302.35,-8.36,-0.22,high,trail_stop
2019-03-01 20:45:00,2019-03-05 15:30:00,buy,0.02,1292.05,1281.01,-22.09,-1.02,med,stop_loss
2019-03-05 17:00:00,2019-03-07 08:00:00,buy,0.02,1283.08,1280.88,-4.42,-0.23,med,trail_stop
2019-03-07 12:45:00,2019-03-11 14:30:00,buy,0.03,1285.62,1291.96,19.02,0.75,med,trail_stop
2019-03-11 16:00:00,2019-03-14 04:45:00,buy,0.01,1291.97,1302.64,10.67,1.29,low,trail_stop
2019-03-14 09:00:00,2019-03-14 13:00:00,buy,0.02,1301.42,1293.55,-15.74,-1.03,low,stop_loss
2019-03-14 16:00:00,2019-03-20 07:30:00,buy,0.01,1294.58,1302.18,7.6,0.9,low,trail_stop
2019-03-20 08:30:00,2019-03-20 16:15:00,buy,0.03,1302.57,1302.17,-1.2,-0.06,med,trail_stop
2019-03-20 20:00:00,2019-03-21 14:45:00,buy,0.01,1313.19,1309.94,-3.25,-0.32,low,trail_stop
2019-03-21 16:15:00,2019-03-26 10:30:00,buy,0.01,1309.3,1313.83,4.53,0.44,low,trail_stop
2019-03-26 18:00:00,2019-03-28 01:45:00,buy,0.03,1315.77,1307.29,-25.46,-1.03,med,stop_loss
2019-03-28 08:15:00,2019-03-28 12:45:00,buy,0.03,1308.91,1300.21,-26.08,-1.03,med,stop_loss
2019-03-28 16:00:00,2019-03-28 16:15:00,buy,0.01,1291.15,1295.33,4.18,0.4,low,trail_stop
2019-03-29 03:00:00,2019-04-01 06:45:00,buy,0.01,1291.39,1289.3,-2.09,-0.21,low,trail_stop
2019-04-01 14:00:00,2019-04-01 19:45:00,buy,0.01,1295.46,1286.31,-9.15,-1.03,low,stop_loss
2019-04-02 03:00:00,2019-04-04 12:30:00,buy,0.01,1287.44,1285.12,-2.32,-0.25,low,trail_stop
2019-04-04 23:00:00,2019-04-05 12:30:00,buy,0.01,1293.09,1285.02,-8.08,-1.03,low,stop_loss
2019-04-07 23:00:00,2019-04-11 11:15:00,buy,0.01,1293.26,1301.66,8.41,0.98,low,trail_stop
2019-04-11 12:00:00,2019-04-11 12:15:00,buy,0.02,1300.14,1298.02,-4.24,-0.31,low,trail_stop
2019-04-11 16:00:00,2019-04-11 16:15:00,buy,0.02,1294.11,1293.13,-1.95,-0.13,low,trail_stop
2019-04-12 03:00:00,2019-04-15 09:45:00,buy,0.01,1293.45,1285.42,-8.04,-1.03,low,stop_loss
2019-04-15 12:15:00,2019-04-16 09:00:00,buy,0.02,1285.04,1283.22,-3.63,-0.28,low,trail_stop
2019-04-16 12:00:00,2019-04-16 13:00:00,buy,0.02,1283.89,1276.95,-13.87,-1.04,low,stop_loss
2019-06-04 08:30:00,2019-06-05 15:00:00,buy,0.01,1327.31,1330.14,2.83,0.29,low,trail_stop
2019-06-05 23:00:00,2019-06-09 22:00:00,buy,0.01,1332.71,1335.44,2.73,0.22,low,trail_stop
2019-06-10 01:00:00,2019-06-11 07:45:00,buy,0.02,1333.77,1322.59,-22.36,-1.02,med,stop_loss
2019-06-11 09:00:00,2019-06-14 13:15:00,buy,0.02,1321.71,1347.64,51.86,2.54,med,trail_stop
2019-06-14 16:15:00,2019-06-17 01:00:00,buy,0.02,1348.38,1336.78,-23.19,-1.02,med,stop_loss
2019-06-17 05:00:00,2019-06-18 14:00:00,buy,0.02,1340.9,1339.2,-3.42,-0.15,med,trail_stop
2019-06-18 23:00:00,2019-06-20 04:15:00,buy,0.02,1345.91,1381.16,70.5,2.82,med,trail_stop
2019-06-20 08:30:00,2019-06-21 06:00:00,buy,0.01,1379.93,1395.25,15.32,0.94,low,trail_stop
2019-06-21 14:00:00,2019-06-25 17:00:00,buy,0.01,1398.41,1419.38,20.97,1.08,low,trail_stop
2019-06-25 22:00:00,2019-06-30 22:00:00,buy,0.01,1419.63,1397.45,-22.18,-1.02,med,stop_loss
2019-07-01 05:15:00,2019-07-03 11:30:00,buy,0.02,1389.75,1418.42,57.33,1.51,high,trail_stop
2019-07-03 12:00:00,2019-07-05 12:30:00,buy,0.01,1416.89,1396.54,-20.35,-1.01,med,stop_loss
2019-07-07 22:15:00,2019-07-09 08:45:00,buy,0.02,1394.62,1388.82,-11.6,-0.31,high,trail_stop
2019-07-09 18:00:00,2019-07-11 12:30:00,buy,0.02,1398.36,1411.71,26.7,0.88,high,trail_stop
2019-07-11 16:30:00,2019-07-16 15:45:00,buy,0.02,1410.19,1404.07,-12.24,-0.4,high,trail_stop
2019-07-16 16:00:00,2019-07-16 18:30:00,buy,0.03,1402.91,1401.85,-3.19,-0.08,high,trail_stop
2019-07-17 03:00:00,2019-07-18 12:30:00,buy,0.03,1405.22,1416.02,32.41,0.78,high,trail_stop
2019-07-18 16:15:00,2019-07-19 06:45:00,buy,0.03,1427.03,1438.21,33.54,0.78,high,trail_stop
2019-07-19 09:15:00,2019-07-19 18:15:00,buy,0.02,1437.42,1420.29,-34.26,-1.02,high,stop_loss
2019-07-22 01:00:00,2019-07-25 13:30:00,buy,0.02,1423.34,1415.49,-15.7,-0.44,high,trail_stop
2019-07-25 16:30:00,2019-07-31 18:00:00,buy,0.03,1416.34,1419.94,10.8,0.26,high,trail_stop
2019-07-31 22:00:00,2019-08-02 01:00:00,buy,0.03,1411.04,1436.42,76.14,2.06,high,trail_stop
2019-08-02 10:00:00,2019-08-08 13:00:00,buy,0.01,1437.12,1491.16,54.03,2.86,med,trail_stop
2019-08-08 16:30:00,2019-08-12 07:15:00,buy,0.02,1495.06,1488.53,-13.07,-0.32,high,trail_stop
2019-08-12 14:00:00,2019-08-13 12:30:00,buy,0.02,1503.92,1516.93,26.02,0.73,high,trail_stop
2019-08-13 17:15:00,2019-08-19 08:00:00,buy,0.02,1499.19,1503.17,7.95,0.16,high,trail_stop
2019-08-19 18:00:00,2019-08-26 07:00:00,buy,0.02,1498.74,1535.41,73.34,1.89,high,trail_stop
2019-08-26 08:15:00,2019-08-29 16:30:00,buy,0.02,1528.18,1530.38,4.4,0.11,high,trail_stop
2019-08-29 20:45:00,2019-09-05 10:00:00,buy,0.02,1526.5,1538.83,24.67,0.69,high,trail_stop
2019-09-05 12:15:00,2019-09-05 14:00:00,buy,0.02,1541.01,1524.59,-32.84,-1.02,high,stop_loss
2019-09-05 23:00:00,2019-09-09 14:45:00,buy,0.02,1518.3,1497.53,-41.53,-1.01,high,stop_loss
2019-09-09 22:00:00,2019-09-12 16:15:00,buy,0.02,1498.05,1503.28,10.45,0.25,high,trail_stop
2019-09-12 22:30:00,2019-09-13 15:45:00,buy,0.02,1496.84,1489.49,-14.68,-0.38,high,trail_stop
2019-09-13 16:30:00,2019-09-18 18:30:00,buy,0.02,1488.51,1492.84,8.66,0.23,high,trail_stop
2019-09-18 23:30:00,2019-09-25 14:30:00,buy,0.02,1490.22,1518.75,57.06,1.72,high,trail_stop
2019-09-25 16:00:00,2019-09-25 16:15:00,buy,0.03,1506.53,1514.9,25.09,0.55,high,trail_stop
2019-09-26 03:00:00,2019-09-27 09:45:00,buy,0.03,1509.04,1493.3,-47.23,-1.02,high,stop_loss
2019-09-27 12:00:00,2019-09-30 06:15:00,buy,0.03,1493.17,1488.38,-14.37,-0.33,high,trail_stop
2019-09-30 08:00:00,2019-09-30 15:00:00,buy,0.03,1488.64,1474.21,-43.27,-1.02,high,stop_loss
2019-09-30 17:15:00,2019-10-04 12:30:00,buy,0.02,1466.29,1502.57,72.56,2.18,high,trail_stop
2019-10-06 23:00:00,2019-10-07 17:30:00,buy,0.02,1506.2,1488.83,-34.75,-1.02,med,stop_loss
2019-10-08 00:00:00,2019-10-10 12:30:00,buy,0.02,1490.92,1500.87,19.89,0.63,high,trail_stop
2019-10-10 20:30:00,2019-10-11 11:30:00,buy,0.02,1492.33,1485.59,-13.47,-0.39,med,trail_stop
2019-10-11 13:45:00,2019-10-15 14:30:00,buy,0.01,1480.65,1479.76,-0.9,-0.05,med,trail_stop
2019-10-15 17:00:00,2019-10-21 19:15:00,buy,0.02,1479.5,1481.66,4.33,0.14,med,trail_stop
2019-10-22 00:15:00,2019-10-25 16:15:00,buy,0.02,1482.48,1506.62,48.28,2.18,med,trail_stop
2019-10-25 20:00:00,2019-10-28 13:30:00,buy,0.02,1504.33,1493.35,-21.96,-1.02,med,stop_loss
2019-10-28 23:00:00,2019-10-30 18:30:00,buy,0.02,1492.16,1480.93,-22.45,-1.02,med,stop_loss
2019-10-30 20:15:00,2019-11-04 16:30:00,buy,0.02,1495.03,1504.19,18.32,0.8,med,trail_stop
2019-11-04 23:30:00,2019-11-05 13:15:00,buy,0.04,1507.06,1496.45,-42.45,-1.02,high,stop_loss
2019-11-05 16:00:00,2019-11-05 16:15:00,buy,0.02,1484.41,1491.56,14.31,0.6,med,trail_stop
2019-11-06 03:00:00,2019-11-07 10:45:00,buy,0.02,1486.32,1481.66,-9.32,-0.38,med,trail_stop
2019-11-07 13:30:00,2019-11-07 15:45:00,buy,0.02,1482.28,1470.94,-22.69,-1.02,med,stop_loss
2019-11-07 16:15:00,2019-11-11 15:00:00,buy,0.02,1468.17,1454.74,-26.86,-1.02,med,stop_loss
2019-11-11 23:00:00,2019-11-18 08:15:00,buy,0.01,1455.45,1460.76,5.32,0.39,low,trail_stop
2019-11-18 12:30:00,2019-11-19 10:15:00,buy,0.01,1458.18,1465.44,7.26,0.75,low,trail_stop
2019-11-19 14:00:00,2019-11-20 15:30:00,buy,0.01,1466.28,1467.91,1.63,0.15,low,trail_stop
2019-11-20 16:15:00,2019-11-21 15:00:00,buy,0.01,1468.11,1464.45,-3.67,-0.34,low,trail_stop
2019-11-21 16:00:00,2019-11-25 13:00:00,buy,0.01,1467.75,1456.01,-11.74,-1.02,low,stop_loss
2019-11-25 16:30:00,2019-11-27 16:15:00,buy,0.01,1456.58,1452.59,-3.99,-0.4,low,trail_stop
2019-12-04 08:00:00,2019-12-04 09:30:00,buy,0.01,1482.77,1473.16,-9.61,-1.03,low,stop_loss
2019-12-04 14:30:00,2019-12-06 06:30:00,buy,0.01,1474.49,1471.22,-3.27,-0.32,low,trail_stop
2019-12-06 13:30:00,2019-12-06 14:00:00,buy,0.01,1472.39,1463.27,-9.12,-1.03,low,stop_loss
2019-12-06 16:00:00,2019-12-06 16:15:00,buy,0.01,1460.58,1468.48,7.9,0.71,low,trail_stop
2019-12-08 23:00:00,2019-12-12 15:00:00,buy,0.01,1458.79,1467.83,9.04,0.84,low,trail_stop
2019-12-12 16:00:00,2019-12-12 16:15:00,buy,0.01,1465.48,1475.68,10.2,0.95,low,trail_stop
2019-12-12 23:00:00,2020-01-06 00:15:00,buy,0.01,1468.39,1574.37,105.97,9.63,low,trail_stop
2020-01-06 04:15:00,2020-01-07 01:45:00,buy,0.02,1576.17,1559.7,-32.95,-1.02,med,stop_loss
2020-01-07 10:00:00,2020-01-08 04:15:00,buy,0.02,1566.35,1594.08,55.45,1.63,med,trail_stop
2020-01-08 08:15:00,2020-01-08 16:15:00,buy,0.01,1585.92,1563.7,-22.22,-1.01,med,stop_loss
2020-01-09 03:00:00,2020-01-14 01:15:00,buy,0.01,1560.75,1536.61,-24.14,-1.01,med,stop_loss
2020-01-14 05:30:00,2020-01-21 08:45:00,buy,0.03,1536.87,1552.44,46.72,0.98,high,trail_stop
2020-01-21 13:15:00,2020-01-23 08:00:00,buy,0.04,1554.45,1552.94,-6.04,-0.14,high,trail_stop
2020-01-23 18:00:00,2020-01-27 07:30:00,buy,0.04,1567.46,1576.88,37.66,0.84,high,trail_stop
2020-01-27 08:15:00,2020-01-28 12:30:00,buy,0.03,1576.46,1572.36,-12.32,-0.3,high,trail_stop
2020-01-28 16:30:00,2020-01-31 01:00:00,buy,0.03,1568.63,1572.31,11.02,0.28,high,trail_stop
2020-01-31 10:00:00,2020-02-03 03:15:00,buy,0.03,1579.47,1580.29,2.46,0.06,high,trail_stop
2020-02-03 07:00:00,2020-02-04 13:15:00,buy,0.03,1578.57,1564.54,-42.09,-1.02,high,stop_loss
2020-02-04 16:15:00,2020-02-24 00:15:00,buy,0.03,1553.4,1664.91,334.54,7.23,high,trail_stop
2020-02-24 10:00:00,2020-02-24 19:15:00,buy,0.02,1682.81,1664.42,-36.79,-1.01,high,stop_loss
2020-02-25 00:00:00,2020-02-25 06:15:00,buy,0.01,1650.95,1640.7,-10.26,-0.45,med,trail_stop
2020-02-25 14:00:00,2020-02-25 20:45:00,buy,0.01,1650.66,1625.18,-25.48,-1.01,med,stop_loss
2020-02-26 06:00:00,2020-02-28 05:45:00,buy,0.01,1643.72,1631.74,-11.98,-0.42,med,trail_stop
2020-02-28 10:15:00,2020-02-28 14:30:00,buy,0.02,1624.48,1613.93,-21.1,-0.39,high,trail_stop
2020-02-28 18:00:00,2020-03-06 15:15:00,buy,0.01,1579.58,1655.58,76.0,2.23,med,trail_stop
2020-03-06 16:30:00,2020-03-09 04:15:00,buy,0.01,1660.05,1670.94,10.89,0.34,med,trail_stop
2020-03-09 13:45:00,2020-03-12 02:00:00,buy,0.01,1671.06,1630.92,-40.14,-1.01,med,stop_loss
2020-03-12 05:30:00,2020-03-12 13:30:00,buy,0.01,1632.76,1598.23,-34.53,-1.01,med,stop_loss
2020-04-03 00:45:00,2020-04-07 07:45:00,buy,0.01,1609.63,1644.99,35.36,1.23,low,trail_stop
2020-04-07 14:00:00,2020-04-15 06:30:00,buy,0.01,1650.13,1717.41,67.28,2.28,low,trail_stop
2020-04-15 14:00:00,2020-04-17 05:45:00,buy,0.02,1724.74,1695.08,-59.33,-1.03,high,stop_loss
2020-04-17 08:30:00,2020-04-21 11:15:00,buy,0.01,1691.17,1659.38,-31.79,-1.02,high,stop_loss
2020-04-21 12:30:00,2020-04-27 14:00:00,buy,0.01,1663.31,1707.95,44.64,1.48,med,trail_stop
2020-04-27 23:00:00,2020-04-30 16:15:00,buy,0.02,1712.4,1686.69,-51.42,-1.02,high,stop_loss
2020-04-30 20:30:00,2020-05-06 13:00:00,buy,0.02,1684.05,1688.17,8.24,0.17,high,trail_stop
2020-05-06 16:00:00,2020-05-06 22:00:00,buy,0.02,1686.72,1681.65,-10.14,-0.23,high,trail_stop
2020-05-07 06:00:00,2020-05-08 19:15:00,buy,0.02,1688.21,1701.27,26.11,0.61,high,trail_stop
2020-05-08 20:30:00,2020-05-18 13:00:00,buy,0.02,1704.73,1743.41,77.34,1.82,high,trail_stop
2020-05-18 16:00:00,2020-05-18 16:15:00,buy,0.01,1731.88,1740.6,8.72,0.37,med,trail_stop
2020-05-19 03:00:00,2020-05-21 14:00:00,buy,0.01,1737.39,1730.39,-7.0,-0.3,med,trail_stop
2020-05-21 17:15:00,2020-05-26 13:45:00,buy,0.02,1722.13,1719.3,-5.65,-0.14,high,trail_stop
2020-05-26 16:30:00,2020-05-27 13:15:00,buy,0.03,1712.07,1694.5,-52.71,-1.02,high,stop_loss
2020-05-27 23:00:00,2020-06-02 15:45:00,buy,0.03,1710.29,1727.09,50.41,0.98,high,trail_stop
2020-06-02 16:00:00,2020-06-02 16:15:00,buy,0.02,1727.54,1726.11,-2.85,-0.08,high,trail_stop
2020-06-02 20:15:00,2020-06-03 12:45:00,buy,0.02,1725.93,1706.91,-38.04,-1.02,high,stop_loss
2020-06-03 16:30:00,2020-06-05 12:15:00,buy,0.02,1697.12,1699.63,5.02,0.11,high,trail_stop
2020-06-07 22:00:00,2020-06-15 05:45:00,buy,0.01,1675.55,1720.8,45.25,1.93,med,trail_stop
2020-06-15 09:15:00,2020-06-17 09:30:00,buy,0.02,1719.13,1713.04,-12.17,-0.31,high,trail_stop
2020-06-17 18:00:00,2020-06-18 12:15:00,buy,0.02,1726.59,1718.53,-16.14,-0.43,high,trail_stop
2020-06-18 22:00:00,2020-06-24 20:45:00,buy,0.02,1720.55,1759.86,78.61,2.07,high,trail_stop
2020-06-25 02:30:00,2020-07-01 13:30:00,buy,0.03,1759.94,1770.7,32.27,0.6,high,trail_stop
2020-07-01 23:00:00,2020-07-09 15:00:00,buy,0.03,1769.94,1799.51,88.72,1.65,high,trail_stop
2020-07-09 16:15:00,2020-07-10 16:30:00,buy,0.03,1799.25,1794.1,-15.45,-0.32,high,trail_stop
2020-07-13 03:00:00,2020-07-14 01:00:00,buy,0.03,1804.38,1797.05,-22.0,-0.46,high,trail_stop
2020-07-14 10:00:00,2020-07-16 17:00:00,buy,0.03,1799.34,1800.37,3.1,0.07,high,trail_stop
2020-07-17 03:00:00,2020-07-22 07:30:00,buy,0.03,1798.07,1851.39,159.96,3.81,high,trail_stop
2020-07-22 08:00:00,2020-07-23 12:15:00,buy,0.03,1852.55,1873.12,61.7,1.36,high,trail_stop
2020-07-23 16:00:00,2020-07-28 03:00:00,buy,0.02,1894.15,1945.75,103.2,2.46,high,trail_stop
2020-07-28 05:15:00,2020-07-28 07:30:00,buy,0.02,1939.74,1908.27,-62.95,-1.01,high,stop_loss
2020-07-28 14:00:00,2020-07-30 09:00:00,buy,0.01,1935.13,1945.78,10.65,0.31,high,trail_stop
2020-07-30 12:30:00,2020-08-07 12:30:00,buy,0.02,1949.44,2041.44,184.0,2.79,high,trail_stop
2020-08-07 16:45:00,2020-08-11 01:00:00,buy,0.02,2023.96,2015.03,-17.86,-0.26,high,trail_stop
2020-08-11 04:30:00,2020-08-11 08:00:00,buy,0.02,2016.78,1986.78,-60.01,-1.01,high,stop_loss
2020-08-11 12:15:00,2020-08-11 13:00:00,buy,0.02,1974.11,1940.65,-66.92,-1.01,high,stop_loss
2020-08-11 17:00:00,2020-08-11 20:15:00,buy,0.01,1938.59,1901.18,-37.41,-1.01,high,stop_loss
2020-08-12 01:30:00,2020-08-12 04:15:00,buy,0.01,1904.12,1883.92,-20.19,-0.49,high,trail_stop
2020-08-12 08:30:00,2020-08-19 14:45:00,buy,0.01,1929.9,1961.46,31.57,0.59,med,trail_stop
2020-08-19 18:00:00,2020-08-21 11:30:00,buy,0.01,1958.6,1920.12,-38.48,-1.01,high,stop_loss
2020-08-21 18:00:00,2020-08-25 09:45:00,buy,0.01,1939.19,1921.58,-17.61,-0.44,high,trail_stop
2020-08-25 12:00:00,2020-08-27 14:00:00,buy,0.02,1921.7,1923.01,2.63,0.04,high,trail_stop
2020-08-27 16:15:00,2020-09-02 12:00:00,buy,0.01,1924.3,1955.19,30.9,0.84,high,trail_stop
2020-09-02 16:00:00,2020-09-02 16:15:00,buy,0.02,1940.35,1938.02,-4.66,-0.08,high,trail_stop
2020-09-02 22:15:00,2020-09-08 11:45:00,buy,0.02,1940.18,1909.68,-61.01,-1.01,high,stop_loss
2020-09-08 12:45:00,2020-09-10 19:15:00,buy,0.02,1912.87,1941.75,57.78,1.19,high,trail_stop
2020-09-11 02:45:00,2020-09-17 01:45:00,buy,0.02,1939.61,1948.09,16.95,0.34,high,trail_stop
2020-09-17 10:00:00,2020-09-21 08:30:00,buy,0.02,1941.46,1937.28,-8.36,-0.19,high,trail_stop
2020-09-21 12:00:00,2020-09-21 12:15:00,buy,0.03,1930.54,1928.05,-7.47,-0.12,high,trail_stop
2020-09-21 23:00:00,2020-09-23 04:00:00,buy,0.01,1913.53,1887.17,-26.36,-1.01,med,stop_loss
2020-09-23 08:00:00,2020-09-23 14:15:00,buy,0.01,1874.41,1868.21,-6.2,-0.24,med,trail_stop
2020-09-23 19:00:00,2020-10-05 07:00:00,buy,0.01,1860.64,1887.63,26.99,0.93,med,trail_stop
2020-10-05 14:00:00,2020-10-06 17:45:00,buy,0.01,1908.94,1900.58,-8.36,-0.42,low,trail_stop
2020-10-06 20:00:00,2020-10-06 20:30:00,buy,0.01,1885.13,1884.2,-0.93,-0.04,low,trail_stop
2020-10-07 00:30:00,2020-10-13 03:30:00,buy,0.01,1877.5,1910.5,33.0,1.48,low,trail_stop
2020-10-13 10:00:00,2020-10-13 13:15:00,buy,0.02,1921.22,1902.41,-37.64,-1.02,med,stop_loss
2020-10-13 16:00:00,2020-10-13 16:15:00,buy,0.01,1891.92,1901.25,9.33,0.42,low,trail_stop
2020-10-14 00:00:00,2020-10-15 09:00:00,buy,0.01,1890.42,1890.76,0.34,0.02,low,trail_stop
2020-10-15 18:00:00,2020-10-20 01:45:00,buy,0.02,1905.54,1898.52,-14.03,-0.36,med,trail_stop
2020-10-20 06:00:00,2020-10-22 02:00:00,buy,0.02,1899.05,1914.61,31.12,0.95,med,trail_stop
2020-10-22 10:00:00,2020-10-22 14:00:00,buy,0.02,1918.1,1900.39,-35.4,-1.02,med,stop_loss
2020-10-22 23:00:00,2020-10-28 12:00:00,buy,0.02,1906.79,1887.88,-37.83,-1.02,med,stop_loss
2020-10-28 16:45:00,2020-10-29 13:00:00,buy,0.02,1880.17,1861.77,-36.78,-1.02,med,stop_loss
2020-10-29 23:00:00,2020-11-04 01:00:00,buy,0.01,1866.83,1897.68,30.85,1.71,low,trail_stop
2020-11-04 04:15:00,2020-11-09 11:45:00,buy,0.01,1894.34,1944.58,50.24,2.45,low,trail_stop
2020-11-09 12:00:00,2020-11-09 12:00:00,buy,0.01,1935.25,1910.17,-25.09,-1.01,low,stop_loss
2020-11-23 08:15:00,2020-11-23 14:45:00,buy,0.01,1872.81,1856.04,-16.77,-1.02,low,stop_loss
2020-12-24 06:00:00,2020-12-28 06:30:00,buy,0.01,1875.97,1879.16,3.19,0.16,low,trail_stop
2020-12-28 08:00:00,2020-12-28 11:30:00,buy,0.01,1882.6,1874.34,-8.25,-0.39,low,trail_stop
2020-12-28 18:00:00,2021-01-06 12:30:00,buy,0.01,1876.76,1937.02,60.26,2.75,low,trail_stop
2021-01-06 16:00:00,2021-01-06 16:15:00,buy,0.01,1906.71,1923.02,16.3,0.65,low,trail_stop
2021-01-07 02:15:00,2021-01-08 08:00:00,buy,0.01,1915.23,1888.62,-26.61,-1.01,low,stop_loss
2021-01-08 12:15:00,2021-01-08 14:45:00,buy,0.01,1891.09,1865.83,-25.27,-1.01,low,stop_loss
2021-01-08 16:00:00,2021-01-08 16:15:00,buy,0.01,1859.3,1864.57,5.26,0.18,low,trail_stop
2021-01-10 23:45:00,2021-01-14 02:30:00,buy,0.01,1842.51,1830.59,-11.92,-0.36,low,trail_stop
2021-02-19 03:00:00,2021-02-19 14:45:00,sell,0.01,1769.59,1791.09,-21.5,-1.02,low,stop_loss
2021-02-21 23:00:00,2021-02-22 14:30:00,sell,0.01,1781.15,1804.07,-22.92,-1.01,low,stop_loss
2021-02-22 16:45:00,2021-02-24 21:45:00,sell,0.01,1811.36,1805.46,5.91,0.27,low,trail_stop
2021-02-25 06:00:00,2021-02-28 23:00:00,sell,0.01,1800.26,1738.42,61.84,2.95,low,trail_stop
2021-03-01 01:15:00,2021-03-02 12:45:00,sell,0.01,1742.2,1733.91,8.29,0.31,low,trail_stop
2021-03-02 16:15:00,2021-03-09 11:15:00,sell,0.01,1728.72,1705.95,22.77,0.79,low,trail_stop
2021-03-09 13:45:00,2021-03-11 07:15:00,sell,0.01,1711.81,1736.71,-24.9,-1.01,med,stop_loss
2021-03-11 08:45:00,2021-03-12 16:45:00,sell,0.02,1739.09,1720.12,37.95,0.91,high,trail_stop
2021-03-12 21:30:00,2021-03-17 18:30:00,sell,0.02,1724.93,1747.18,-44.48,-1.01,med,stop_loss
2021-03-17 22:00:00,2021-03-19 06:15:00,sell,0.02,1747.22,1738.55,17.35,0.45,med,trail_stop
2021-03-19 08:45:00,2021-03-25 13:30:00,sell,0.02,1743.91,1743.89,0.05,0.0,med,trail_stop
2021-03-25 23:00:00,2021-03-31 13:45:00,sell,0.03,1727.51,1694.71,98.4,1.97,high,trail_stop
2021-03-31 16:15:00,2021-04-01 15:00:00,sell,0.02,1710.3,1729.58,-38.57,-1.01,med,stop_loss
2021-04-04 23:00:00,2021-04-08 07:30:00,sell,0.02,1727.94,1747.1,-38.32,-1.01,med,stop_loss
2021-04-08 10:30:00,2021-04-09 16:15:00,sell,0.02,1746.73,1746.24,1.0,0.03,med,trail_stop
2021-04-12 03:00:00,2021-04-13 12:30:00,sell,0.02,1739.05,1739.12,-0.13,-0.0,med,trail_stop
2021-04-13 17:00:00,2021-04-15 09:15:00,sell,0.01,1745.52,1748.88,-3.36,-0.21,low,trail_stop
2021-04-15 12:00:00,2021-04-15 14:00:00,sell,0.02,1746.26,1760.82,-29.11,-1.02,med,stop_loss
2021-04-15 16:00:00,2021-04-15 16:15:00,sell,0.01,1768.36,1761.73,6.63,0.39,low,trail_stop
2021-04-16 03:00:00,2021-04-16 10:45:00,sell,0.01,1761.0,1777.68,-16.68,-1.02,low,stop_loss
2021-04-16 12:00:00,2021-04-16 12:15:00,sell,0.01,1780.42,1779.1,1.31,0.08,low,trail_stop
2021-04-18 23:00:00,2021-04-20 16:15:00,sell,0.01,1774.92,1780.54,-5.62,-0.34,low,trail_stop
2021-05-11 12:45:00,2021-05-11 13:15:00,buy,0.01,1833.33,1817.71,-15.62,-1.02,low,stop_loss
2021-05-11 23:00:00,2021-05-12 16:00:00,buy,0.01,1837.37,1819.47,-17.9,-1.02,low,stop_loss
2021-05-12 20:00:00,2021-05-19 10:15:00,buy,0.01,1817.76,1856.55,38.79,2.15,low,trail_stop
2021-05-19 18:00:00,2021-05-19 18:45:00,buy,0.01,1879.61,1862.81,-16.8,-1.02,low,stop_loss
2021-05-19 23:00:00,2021-05-27 12:15:00,buy,0.01,1867.99,1890.18,22.19,1.0,low,trail_stop
2021-05-27 16:15:00,2021-06-01 14:00:00,buy,0.02,1891.28,1899.05,15.55,0.45,med,trail_stop
2021-06-01 23:00:00,2021-06-03 07:45:00,buy,0.03,1899.44,1894.12,-15.94,-0.35,high,trail_stop
2021-06-03 11:15:00,2021-06-03 13:00:00,buy,0.04,1892.0,1877.95,-56.24,-1.02,high,stop_loss
2021-06-03 23:00:00,2021-06-08 13:45:00,buy,0.02,1871.87,1886.1,28.45,0.84,med,trail_stop
2021-06-08 23:00:00,2021-06-10 12:00:00,buy,0.02,1892.91,1875.64,-34.53,-1.01,med,stop_loss
2021-06-10 23:00:00,2021-06-11 13:00:00,buy,0.02,1898.7,1881.42,-34.57,-1.01,med,stop_loss
2021-06-11 16:00:00,2021-06-11 18:00:00,buy,0.02,1878.23,1874.53,-7.42,-0.22,med,trail_stop
2021-06-13 22:45:00,2021-06-14 07:15:00,buy,0.02,1874.51,1857.69,-33.65,-1.02,med,stop_loss
2021-06-14 08:30:00,2021-06-15 16:15:00,buy,0.02,1856.54,1853.59,-5.9,-0.19,med,trail_stop
2021-06-15 23:30:00,2021-06-16 18:00:00,buy,0.02,1857.25,1840.53,-33.44,-1.02,med,stop_loss
2021-06-16 20:15:00,2021-06-16 20:30:00,buy,0.01,1825.73,1806.32,-19.42,-1.02,low,stop_loss
2021-06-17 00:00:00,2021-06-17 07:15:00,buy,0.01,1816.17,1808.75,-7.42,-0.34,low,trail_stop
2021-06-17 08:15:00,2021-06-17 12:15:00,buy,0.01,1807.55,1784.75,-22.8,-1.01,low,stop_loss
2021-06-17 16:00:00,2021-06-18 14:00:00,buy,0.01,1772.95,1770.62,-2.33,-0.09,low,trail_stop
2021-06-29 12:00:00,2021-06-29 16:15:00,sell,0.01,1771.98,1764.91,7.07,0.5,low,trail_stop
2021-06-30 01:45:00,2021-06-30 16:30:00,sell,0.01,1762.81,1769.89,-7.07,-0.43,low,trail_stop
2021-07-01 01:30:00,2021-07-02 10:30:00,sell,0.01,1771.49,1787.88,-16.39,-1.02,low,stop_loss
2021-07-02 12:30:00,2021-07-02 18:30:00,sell,0.01,1787.48,1791.42,-3.94,-0.26,low,trail_stop
2021-07-05 03:00:00,2021-07-06 06:00:00,sell,0.01,1787.59,1805.05,-17.47,-1.02,low,stop_loss
2021-07-06 10:00:00,2021-07-07 06:30:00,sell,0.01,1808.9,1804.31,4.59,0.33,low,trail_stop
2021-07-07 08:00:00,2021-07-08 08:15:00,sell,0.01,1807.06,1812.02,-4.96,-0.32,low,trail_stop
2021-08-13 06:00:00,2021-08-13 15:15:00,sell,0.01,1757.11,1774.88,-17.77,-1.02,low,stop_loss
2021-08-16 01:00:00,2021-08-16 13:45:00,sell,0.01,1780.58,1786.81,-6.24,-0.39,low,trail_stop
2021-08-20 12:30:00,2021-08-23 11:15:00,sell,0.01,1786.3,1792.03,-5.72,-0.37,low,trail_stop
2021-09-24 20:45:00,2021-09-30 13:15:00,sell,0.01,1748.74,1740.0,8.74,0.48,low,trail_stop
2021-09-30 23:00:00,2021-10-08 12:30:00,sell,0.01,1755.03,1776.74,-21.71,-1.01,low,stop_loss
2021-10-10 23:00:00,2021-10-13 10:45:00,sell,0.01,1754.62,1772.42,-17.8,-1.01,low,stop_loss
2021-10-13 12:00:00,2021-10-13 13:30:00,sell,0.01,1775.07,1778.85,-3.78,-0.28,low,trail_stop
2021-10-13 23:00:00,2021-10-19 06:30:00,sell,0.01,1792.69,1778.62,14.08,0.77,low,trail_stop
2021-11-12 00:30:00,2021-11-16 16:15:00,buy,0.01,1860.05,1858.39,-1.67,-0.09,low,trail_stop
2021-11-17 03:00:00,2021-11-19 09:00:00,buy,0.01,1856.06,1851.59,-4.47,-0.24,low,trail_stop
2021-11-19 13:00:00,2021-11-19 17:30:00,buy,0.02,1859.88,1843.59,-32.58,-1.02,med,stop_loss
2021-11-19 20:00:00,2021-11-21 23:00:00,buy,0.02,1847.43,1842.11,-10.64,-0.29,med,trail_stop
2021-11-22 06:00:00,2021-11-22 14:00:00,buy,0.02,1846.87,1829.14,-35.48,-1.02,med,stop_loss
2021-11-22 16:30:00,2021-11-23 09:30:00,buy,0.01,1815.96,1795.28,-20.68,-1.01,low,stop_loss
2021-11-23 13:00:00,2021-11-26 16:30:00,buy,0.01,1791.48,1794.23,2.75,0.13,low,trail_stop
2022-01-18 08:00:00,2022-01-21 01:00:00,buy,0.01,1814.93,1836.89,21.95,2.07,low,trail_stop
2022-01-21 16:00:00,2022-01-21 20:15:00,buy,0.01,1832.81,1828.26,-4.55,-0.31,low,trail_stop
2022-01-23 23:00:00,2022-01-24 15:15:00,buy,0.01,1832.98,1829.78,-3.21,-0.23,low,trail_stop
2022-01-24 16:30:00,2022-01-26 14:15:00,buy,0.01,1832.76,1839.28,6.52,0.46,low,trail_stop
2022-01-26 16:00:00,2022-01-26 16:15:00,buy,0.01,1832.39,1832.7,0.31,0.02,low,trail_stop
2022-01-26 20:00:00,2022-01-26 20:15:00,buy,0.01,1817.37,1817.39,0.02,0.0,low,trail_stop
2022-01-27 00:00:00,2022-01-27 13:30:00,buy,0.01,1820.0,1803.26,-16.73,-1.02,low,stop_loss
2022-02-10 08:00:00,2022-02-10 13:30:00,buy,0.01,1833.49,1823.06,-10.44,-1.03,low,stop_loss
2022-02-10 17:45:00,2022-02-10 20:15:00,buy,0.01,1834.17,1829.51,-4.66,-0.39,low,trail_stop
2022-02-11 00:15:00,2022-02-14 03:00:00,buy,0.01,1825.29,1852.3,27.01,2.11,low,trail_stop
2022-02-15 06:00:00,2022-02-15 08:45:00,buy,0.01,1878.04,1860.55,-17.49,-1.02,low,stop_loss
2022-02-16 10:00:00,2022-02-21 04:30:00,buy,0.01,1858.67,1889.8,31.12,1.72,low,trail_stop
2022-02-21 14:00:00,2022-02-22 10:15:00,buy,0.02,1896.11,1895.05,-2.12,-0.06,med,trail_stop
2022-02-22 18:00:00,2022-02-24 12:15:00,buy,0.02,1903.54,1954.85,102.62,2.66,med,trail_stop
2022-02-24 16:00:00,2022-02-24 16:15:00,buy,0.01,1925.11,1936.41,11.3,0.37,low,trail_stop
2022-03-03 05:00:00,2022-03-07 13:15:00,buy,0.01,1923.79,1972.29,48.51,1.62,low,trail_stop
2022-03-07 16:00:00,2022-03-08 17:15:00,buy,0.01,1976.99,2037.88,60.89,1.92,med,trail_stop
2022-03-08 20:00:00,2022-03-09 09:30:00,buy,0.01,2033.76,2023.93,-9.83,-0.21,med,trail_stop
2022-03-09 17:15:00,2022-03-15 04:45:00,buy,0.01,1989.72,1937.63,-52.09,-1.01,med,stop_loss
2022-03-15 10:45:00,2022-03-22 14:00:00,buy,0.01,1925.19,1916.22,-8.97,-0.27,med,trail_stop
2022-03-22 23:00:00,2022-03-28 04:30:00,buy,0.01,1920.73,1941.8,21.07,0.88,med,trail_stop
2022-03-28 08:15:00,2022-03-28 19:00:00,buy,0.01,1930.64,1923.6,-7.04,-0.33,med,trail_stop
2022-03-29 03:00:00,2022-03-29 11:45:00,buy,0.01,1928.04,1903.87,-24.16,-1.01,med,stop_loss
2022-03-29 12:00:00,2022-03-29 12:15:00,buy,0.01,1905.28,1897.34,-7.94,-0.34,med,trail_stop
2022-03-29 23:00:00,2022-04-01 11:30:00,buy,0.01,1919.9,1924.4,4.49,0.18,med,trail_stop
2022-04-01 12:30:00,2022-04-05 16:15:00,buy,0.01,1926.12,1922.77,-3.35,-0.16,med,trail_stop
2022-04-06 00:45:00,2022-04-11 16:15:00,buy,0.02,1918.02,1949.59,63.13,1.6,med,trail_stop
2022-04-12 00:30:00,2022-04-14 13:45:00,buy,0.02,1951.24,1960.8,19.1,0.47,med,trail_stop
2022-04-17 23:00:00,2022-04-18 17:30:00,buy,0.02,1978.84,1978.31,-1.06,-0.03,high,trail_stop
2022-04-19 00:45:00,2022-04-19 14:30:00,buy,0.02,1975.8,1955.49,-40.61,-1.01,high,stop_loss
2022-04-19 18:15:00,2022-04-22 10:15:00,buy,0.02,1953.88,1932.64,-42.49,-1.01,med,stop_loss
2022-04-22 12:00:00,2022-04-22 12:15:00,buy,0.02,1932.95,1931.15,-3.61,-0.09,med,trail_stop
2022-04-22 16:00:00,2022-04-25 05:45:00,buy,0.01,1936.47,1914.78,-21.69,-1.01,med,stop_loss
2022-04-25 10:30:00,2022-04-25 12:45:00,buy,0.02,1913.02,1892.59,-40.87,-1.01,med,stop_loss
2022-04-25 23:00:00,2022-04-27 08:00:00,buy,0.01,1899.61,1888.7,-10.91,-0.49,med,trail_stop
2022-04-27 12:45:00,2022-04-28 04:00:00,buy,0.01,1897.86,1877.05,-20.81,-1.02,low,stop_loss
2022-04-28 08:15:00,2022-04-29 19:45:00,buy,0.01,1882.4,1898.22,15.82,0.74,low,trail_stop
2022-05-02 00:15:00,2022-05-02 12:15:00,buy,0.01,1893.8,1870.62,-23.17,-1.01,low,stop_loss
2022-05-16 00:45:00,2022-05-16 12:30:00,sell,0.01,1815.42,1807.58,7.84,0.38,low,trail_stop
2022-05-17 04:15:00,2022-05-19 09:45:00,sell,0.01,1825.21,1830.38,-5.18,-0.23,low,trail_stop
2022-05-19 12:30:00,2022-05-22 22:00:00,sell,0.01,1832.91,1854.45,-21.53,-1.02,low,stop_loss
2022-05-23 00:15:00,2022-05-24 14:00:00,sell,0.01,1848.41,1867.98,-19.57,-1.01,low,stop_loss
2022-05-24 23:00:00,2022-05-27 08:30:00,sell,0.01,1865.84,1859.92,5.92,0.31,low,trail_stop
2022-05-27 12:00:00,2022-06-01 12:45:00,sell,0.01,1860.11,1844.73,15.38,0.96,low,trail_stop
2022-06-24 07:30:00,2022-06-26 22:00:00,sell,0.01,1827.07,1835.06,-7.99,-0.45,low,trail_stop
2022-06-27 01:15:00,2022-06-29 12:30:00,sell,0.01,1832.98,1830.41,2.57,0.14,low,trail_stop
2022-06-29 23:00:00,2022-06-30 12:30:00,sell,0.01,1817.95,1819.8,-1.85,-0.11,low,trail_stop
2022-06-30 23:00:00,2022-07-01 14:15:00,sell,0.01,1805.79,1803.04,2.76,0.16,low,trail_stop
2022-07-01 18:45:00,2022-07-08 14:45:00,sell,0.01,1808.46,1752.1,56.36,2.86,low,trail_stop
2022-07-10 23:00:00,2022-07-13 14:45:00,sell,0.02,1743.24,1741.96,2.56,0.07,med,trail_stop
2022-07-13 17:45:00,2022-07-18 03:15:00,sell,0.02,1739.66,1717.82,43.69,1.09,high,trail_stop
2022-07-18 05:45:00,2022-07-21 12:30:00,sell,0.03,1717.89,1698.66,57.69,1.09,high,trail_stop
2022-07-21 19:15:00,2022-07-22 13:45:00,sell,0.03,1715.3,1734.32,-57.07,-1.01,high,stop_loss
2022-07-24 23:00:00,2022-07-27 18:30:00,sell,0.02,1725.72,1730.91,-10.38,-0.27,high,trail_stop
2022-07-27 23:00:00,2022-07-28 13:15:00,sell,0.03,1736.24,1753.88,-52.91,-1.01,high,stop_loss
2022-07-28 19:45:00,2022-08-01 10:15:00,sell,0.02,1755.2,1774.6,-38.8,-1.01,high,stop_loss
2022-08-01 12:15:00,2022-08-02 12:15:00,sell,0.03,1774.57,1781.84,-21.83,-0.42,high,trail_stop
2022-08-02 23:00:00,2022-08-04 08:45:00,sell,0.03,1759.15,1776.87,-53.16,-1.01,high,stop_loss
2022-08-04 12:00:00,2022-08-04 16:15:00,sell,0.02,1787.75,1791.61,-7.72,-0.21,med,trail_stop
2022-08-05 03:00:00,2022-08-08 12:00:00,sell,0.02,1790.57,1784.53,12.1,0.31,med,trail_stop
2022-08-08 18:30:00,2022-08-10 12:30:00,sell,0.01,1788.99,1806.22,-17.23,-1.02,low,stop_loss
2022-08-10 16:30:00,2022-08-11 12:30:00,sell,0.01,1799.73,1799.26,0.47,0.03,low,trail_stop
2022-08-11 23:00:00,2022-08-23 13:45:00,sell,0.01,1787.41,1744.03,43.38,2.69,low,trail_stop
2022-08-23 23:00:00,2022-08-25 07:00:00,sell,0.02,1746.51,1762.21,-31.4,-1.02,med,stop_loss
2022-08-25 08:30:00,2022-08-29 12:45:00,sell,0.02,1763.99,1734.68,58.61,2.06,med,trail_stop
2022-08-29 23:00:00,2022-09-02 09:15:00,sell,0.02,1737.11,1705.8,62.63,1.86,med,trail_stop
2022-09-02 12:30:00,2022-09-06 00:30:00,sell,0.03,1707.34,1722.03,-44.08,-1.02,high,stop_loss
2022-09-06 06:45:00,2022-09-07 09:00:00,sell,0.03,1719.18,1705.1,42.24,1.03,high,trail_stop
2022-09-07 12:15:00,2022-09-07 17:30:00,sell,0.03,1702.76,1717.98,-45.66,-1.02,high,stop_loss
2022-09-07 20:45:00,2022-09-09 03:30:00,sell,0.03,1719.04,1720.62,-4.77,-0.1,high,trail_stop
2022-09-09 04:00:00,2022-09-09 07:15:00,sell,0.02,1721.2,1727.58,-12.76,-0.36,med,trail_stop
2022-09-09 14:00:00,2022-09-12 12:00:00,sell,0.02,1713.07,1731.28,-36.42,-1.01,med,stop_loss
2022-09-12 23:00:00,2022-09-16 14:00:00,sell,0.02,1724.88,1671.67,106.43,3.07,med,trail_stop
2022-09-16 19:00:00,2022-09-21 18:30:00,sell,0.01,1676.31,1680.72,-4.4,-0.21,med,trail_stop
2022-09-22 03:00:00,2022-09-22 12:30:00,sell,0.02,1663.37,1683.76,-40.78,-1.01,high,stop_loss
2022-09-22 16:45:00,2022-09-26 07:15:00,sell,0.02,1674.04,1648.93,50.23,1.13,high,trail_stop
2022-09-26 08:30:00,2022-09-28 12:15:00,sell,0.02,1646.62,1637.34,18.57,0.42,high,trail_stop
2022-09-28 17:15:00,2022-09-30 05:30:00,sell,0.01,1661.52,1665.69,-4.17,-0.17,med,trail_stop
2022-09-30 14:00:00,2022-10-03 14:30:00,sell,0.01,1669.7,1691.06,-21.36,-1.01,med,stop_loss
2022-10-03 16:00:00,2022-10-03 16:15:00,sell,0.01,1692.79,1685.53,7.27,0.34,med,trail_stop
2022-10-04 03:00:00,2022-10-04 14:30:00,sell,0.01,1695.89,1718.14,-22.25,-1.01,med,stop_loss
2022-10-04 16:30:00,2022-10-06 03:00:00,sell,0.01,1728.41,1723.88,4.52,0.2,med,trail_stop
2022-10-06 05:30:00,2022-10-11 15:45:00,sell,0.01,1724.47,1681.78,42.69,2.07,med,trail_stop
2022-10-11 23:00:00,2022-10-13 16:15:00,sell,0.02,1665.75,1661.98,7.55,0.19,med,trail_stop
2022-10-13 20:30:00,2022-10-17 12:15:00,sell,0.01,1666.24,1661.76,4.47,0.21,med,trail_stop
2022-10-17 23:00:00,2022-10-20 14:15:00,sell,0.02,1650.07,1641.89,16.35,0.42,high,trail_stop
2022-10-20 23:00:00,2022-10-21 13:00:00,sell,0.03,1626.19,1635.17,-26.95,-0.51,high,trail_stop
2022-10-21 16:00:00,2022-10-21 16:15:00,sell,0.01,1653.12,1640.52,12.59,0.59,med,trail_stop
2022-10-21 20:45:00,2022-10-25 13:45:00,sell,0.01,1657.24,1659.5,-2.25,-0.11,med,trail_stop
2022-10-25 23:00:00,2022-10-26 08:00:00,sell,0.02,1651.87,1672.75,-41.76,-1.02,med,stop_loss
2022-10-26 14:15:00,2022-11-01 09:45:00,sell,0.02,1670.49,1650.14,40.7,1.05,med,trail_stop
2022-11-01 12:15:00,2022-11-02 12:00:00,sell,0.03,1654.08,1658.36,-12.86,-0.27,high,trail_stop
2022-11-02 17:30:00,2022-11-02 18:00:00,sell,0.03,1648.01,1664.22,-48.65,-1.02,high,stop_loss
2022-11-03 01:00:00,2022-11-04 02:30:00,sell,0.02,1638.91,1636.36,5.09,0.13,high,trail_stop
2022-11-04 04:30:00,2022-11-04 12:45:00,sell,0.02,1641.15,1660.47,-38.65,-1.02,high,stop_loss
2022-11-04 16:30:00,2022-11-08 15:00:00,sell,0.01,1673.59,1696.35,-22.76,-1.01,med,stop_loss
2022-11-08 16:15:00,2022-11-10 13:30:00,sell,0.01,1715.52,1724.88,-9.36,-0.42,low,trail_stop
2022-12-05 06:00:00,2022-12-05 14:15:00,buy,0.01,1807.59,1789.3,-18.29,-1.02,low,stop_loss
2022-12-06 05:30:00,2022-12-12 05:00:00,buy,0.01,1769.55,1785.86,16.31,0.82,low,trail_stop
2022-12-12 08:15:00,2022-12-13 16:45:00,buy,0.01,1789.35,1808.21,18.86,1.19,low,trail_stop
2022-12-14 00:30:00,2022-12-15 04:30:00,buy,0.01,1809.06,1789.63,-19.43,-1.01,low,stop_loss
2022-12-15 08:00:00,2022-12-15 08:30:00,buy,0.01,1786.61,1777.17,-9.44,-0.5,low,trail_stop
2022-12-15 13:00:00,2022-12-22 14:15:00,buy,0.01,1776.47,1803.6,27.13,1.37,low,trail_stop
2022-12-22 17:30:00,2022-12-27 17:30:00,buy,0.01,1793.46,1815.82,22.36,1.31,low,trail_stop
2022-12-28 00:15:00,2023-01-03 11:30:00,buy,0.01,1810.79,1830.91,20.12,1.08,low,trail_stop
2023-01-03 15:30:00,2023-01-03 16:15:00,buy,0.01,1830.95,1831.02,0.07,0.0,low,trail_stop
2023-01-03 23:45:00,2023-01-05 08:45:00,buy,0.01,1836.56,1844.22,7.66,0.37,med,trail_stop
2023-01-05 13:15:00,2023-01-11 16:15:00,buy,0.02,1843.95,1867.21,46.52,1.22,med,trail_stop
2023-01-11 21:45:00,2023-01-16 08:30:00,buy,0.03,1875.74,1911.48,107.22,2.08,high,trail_stop
2023-01-16 13:00:00,2023-01-18 16:30:00,buy,0.02,1914.22,1906.05,-16.34,-0.42,high,trail_stop
2023-01-18 20:30:00,2023-01-23 14:00:00,buy,0.03,1902.82,1918.4,46.76,0.83,high,trail_stop
2023-01-23 17:00:00,2023-01-24 14:45:00,buy,0.03,1920.59,1922.77,6.53,0.11,high,trail_stop
2023-01-24 16:00:00,2023-01-26 15:30:00,buy,0.02,1932.52,1928.58,-7.88,-0.19,high,trail_stop
2023-01-26 16:15:00,2023-01-31 06:00:00,buy,0.02,1922.13,1913.15,-17.96,-0.42,high,trail_stop
2023-01-31 08:00:00,2023-01-31 09:30:00,buy,0.03,1912.37,1904.31,-24.2,-0.47,high,trail_stop
2023-01-31 12:00:00,2023-02-02 14:30:00,buy,0.03,1902.03,1941.41,118.14,2.19,high,trail_stop
2023-02-02 16:00:00,2023-02-02 16:15:00,buy,0.02,1923.25,1931.92,17.33,0.37,high,trail_stop
2023-02-03 03:00:00,2023-02-03 13:30:00,buy,0.01,1916.6,1892.15,-24.44,-1.01,med,stop_loss
2023-02-03 16:15:00,2023-02-09 17:30:00,buy,0.01,1869.84,1863.45,-6.39,-0.24,med,trail_stop
2023-02-09 20:30:00,2023-02-13 16:45:00,buy,0.02,1859.38,1850.67,-17.43,-0.41,med,trail_stop
2023-02-14 03:00:00,2023-02-14 16:15:00,buy,0.02,1857.78,1852.25,-11.07,-0.31,med,trail_stop
2023-02-15 02:30:00,2023-02-15 08:00:00,buy,0.02,1852.99,1832.51,-40.97,-1.01,med,stop_loss
2023-02-15 13:30:00,2023-02-17 04:30:00,buy,0.02,1832.6,1825.33,-14.54,-0.37,med,trail_stop
2023-02-17 08:00:00,2023-02-22 19:00:00,buy,0.01,1821.83,1828.64,6.81,0.37,low,trail_stop
2023-02-23 03:00:00,2023-02-24 13:30:00,buy,0.01,1829.84,1813.77,-16.08,-1.02,low,stop_loss
2023-03-15 00:00:00,2023-03-16 00:45:00,buy,0.01,1900.28,1914.4,14.12,0.62,low,trail_stop
2023-03-16 10:00:00,2023-03-20 10:00:00,buy,0.01,1922.0,1982.85,60.85,2.29,low,trail_stop
2023-03-21 06:00:00,2023-03-21 14:00:00,buy,0.01,1982.68,1950.71,-31.97,-1.01,low,stop_loss
2023-03-21 16:15:00,2023-03-26 22:00:00,buy,0.01,1944.34,1971.94,27.59,0.89,low,trail_stop
2023-03-27 01:30:00,2023-03-27 12:45:00,buy,0.01,1972.6,1946.54,-26.06,-1.01,med,stop_loss
2023-03-27 17:00:00,2023-04-02 22:00:00,buy,0.01,1953.63,1960.71,7.07,0.27,med,trail_stop
2023-04-03 02:45:00,2023-04-06 01:30:00,buy,0.03,1954.8,2012.62,173.47,3.03,high,trail_stop
2023-04-06 10:00:00,2023-04-09 22:00:00,buy,0.03,2019.74,1998.14,-64.79,-1.06,high,stop_loss
2023-04-10 00:00:00,2023-04-10 14:30:00,buy,0.03,2003.08,1982.71,-61.12,-1.01,high,stop_loss
2023-04-10 23:00:00,2023-04-12 17:00:00,buy,0.02,1991.49,2006.25,29.51,0.68,high,trail_stop
2023-04-13 03:00:00,2023-04-14 12:30:00,buy,0.02,2018.02,2027.14,18.24,0.43,high,trail_stop
2023-04-14 16:00:00,2023-04-14 16:15:00,buy,0.01,1992.65,2015.35,22.69,0.93,med,trail_stop
2023-04-16 22:00:00,2023-04-17 14:30:00,buy,0.01,2002.26,1989.67,-12.58,-0.5,med,trail_stop
2023-04-17 23:00:00,2023-04-19 06:15:00,buy,0.02,1994.74,1986.66,-16.16,-0.33,high,trail_stop
2023-04-19 08:00:00,2023-04-19 08:30:00,buy,0.02,1988.8,1982.94,-11.72,-0.28,high,trail_stop
2023-04-19 18:00:00,2023-04-21 06:15:00,buy,0.02,1994.16,1989.16,-9.99,-0.22,high,trail_stop
2023-04-21 12:00:00,2023-04-21 16:15:00,buy,0.02,1984.13,1975.81,-16.64,-0.38,high,trail_stop
2023-04-21 20:45:00,2023-04-25 11:45:00,buy,0.02,1980.21,1977.34,-5.75,-0.12,high,trail_stop
2023-04-25 18:00:00,2023-04-26 16:15:00,buy,0.03,1999.29,1989.16,-30.4,-0.51,high,trail_stop
2023-04-27 03:00:00,2023-04-27 13:30:00,buy,0.02,1998.92,1977.56,-42.71,-1.01,high,stop_loss
2023-04-27 23:00:00,2023-05-01 16:15:00,buy,0.02,1986.95,1983.63,-6.64,-0.15,high,trail_stop
2023-05-02 03:00:00,2023-05-04 00:15:00,buy,0.02,1982.95,2059.69,153.49,3.88,high,trail_stop
2023-05-04 06:15:00,2023-05-05 12:30:00,buy,0.01,2037.67,2032.09,-5.58,-0.21,med,trail_stop
2023-05-07 23:00:00,2023-05-11 13:45:00,buy,0.01,2014.81,2018.95,4.14,0.14,med,trail_stop
2023-05-11 23:00:00,2023-05-16 16:15:00,buy,0.02,2016.15,1992.75,-46.79,-1.01,high,stop_loss
2023-05-17 03:00:00,2023-05-18 07:45:00,buy,0.03,1993.01,1973.45,-58.67,-1.01,high,stop_loss
2023-05-18 08:15:00,2023-05-18 13:30:00,buy,0.03,1972.66,1956.61,-48.15,-1.02,high,stop_loss
2023-05-18 23:00:00,2023-05-23 01:00:00,buy,0.03,1958.74,1965.97,21.7,0.41,high,trail_stop
2023-05-23 05:30:00,2023-05-24 15:45:00,buy,0.03,1960.62,1964.58,11.88,0.23,high,trail_stop
2023-05-24 16:00:00,2023-05-24 16:15:00,buy,0.02,1960.69,1965.55,9.72,0.25,med,trail_stop
2023-05-24 22:00:00,2023-05-26 00:45:00,buy,0.02,1956.73,1937.24,-38.99,-1.01,med,stop_loss
2023-05-26 10:00:00,2023-05-30 05:15:00,buy,0.01,1953.73,1934.71,-19.02,-1.01,low,stop_loss
2023-05-30 14:00:00,2023-06-01 07:00:00,buy,0.01,1952.92,1959.73,6.81,0.47,low,trail_stop
2023-06-01 08:30:00,2023-06-02 13:30:00,buy,0.01,1953.7,1967.12,13.42,0.85,low,trail_stop
2023-06-02 16:00:00,2023-06-02 16:15:00,buy,0.01,1959.8,1961.09,1.3,0.07,low,trail_stop
2023-06-05 00:30:00,2023-06-07 15:45:00,buy,0.01,1946.36,1947.02,0.66,0.03,low,trail_stop
2023-06-07 16:15:00,2023-06-12 02:30:00,buy,0.01,1944.93,1954.34,9.41,0.51,low,trail_stop
2023-06-12 05:00:00,2023-06-12 13:45:00,buy,0.01,1956.75,1952.21,-4.54,-0.32,low,trail_stop
2023-06-12 16:15:00,2023-06-13 12:30:00,buy,0.01,1953.57,1950.32,-3.25,-0.21,low,trail_stop
2023-06-13 18:30:00,2023-06-14 18:00:00,buy,0.01,1941.04,1942.69,1.65,0.1,low,trail_stop
2023-06-14 20:30:00,2023-06-15 12:30:00,buy,0.01,1942.78,1924.63,-18.15,-1.02,low,stop_loss
2023-06-20 01:15:00,2023-06-20 13:00:00,buy,0.01,1948.85,1941.22,-7.63,-0.5,low,trail_stop
2023-07-17 17:15:00,2023-07-19 14:45:00,buy,0.01,1952.93,1970.22,17.29,1.26,low,trail_stop
2023-07-19 23:00:00,2023-07-20 12:30:00,buy,0.01,1977.57,1972.2,-5.37,-0.36,low,trail_stop
2023-07-20 16:15:00,2023-07-27 12:30:00,buy,0.01,1966.77,1966.13,-0.64,-0.04,low,trail_stop
2023-07-27 16:15:00,2023-08-01 11:00:00,buy,0.01,1944.54,1953.02,8.48,0.45,low,trail_stop
2023-08-01 12:15:00,2023-08-02 14:15:00,buy,0.01,1951.8,1936.64,-15.16,-1.02,low,stop_loss
2023-08-02 23:00:00,2023-08-08 07:45:00,buy,0.01,1936.54,1930.07,-6.47,-0.39,low,trail_stop
2023-08-20 23:00:00,2023-08-22 07:45:00,sell,0.01,1889.8,1901.64,-11.83,-1.02,low,stop_loss
2023-08-22 09:45:00,2023-08-23 01:15:00,sell,0.01,1902.71,1901.03,1.68,0.14,low,trail_stop
2023-08-23 04:30:00,2023-08-23 13:45:00,sell,0.01,1902.8,1914.64,-11.84,-1.02,low,stop_loss
2023-10-02 07:00:00,2023-10-03 16:30:00,sell,0.01,1843.12,1831.32,11.8,0.74,low,trail_stop
2023-10-04 03:00:00,2023-10-06 17:15:00,sell,0.02,1823.0,1827.63,-9.25,-0.27,med,trail_stop
2023-10-06 20:15:00,2023-10-09 01:00:00,sell,0.02,1831.07,1848.04,-33.93,-1.02,med,stop_loss
2023-10-09 10:00:00,2023-10-11 11:00:00,sell,0.02,1849.68,1868.38,-37.4,-1.01,med,stop_loss
2023-10-11 13:15:00,2023-10-13 12:15:00,sell,0.02,1871.21,1886.67,-30.9,-1.02,med,stop_loss
2023-10-13 17:15:00,2023-10-13 20:15:00,sell,0.01,1915.39,1923.65,-8.26,-0.46,low,trail_stop
2023-10-16 07:00:00,2023-10-17 15:15:00,sell,0.01,1919.7,1927.31,-7.6,-0.4,low,trail_stop
2023-10-24 11:00:00,2023-10-24 14:00:00,buy,0.01,1973.76,1953.45,-20.31,-1.01,low,stop_loss
2023-10-24 16:15:00,2023-10-26 17:15:00,buy,0.01,1962.33,1971.91,9.57,0.45,low,trail_stop
2023-10-27 03:00:00,2023-10-31 18:00:00,buy,0.01,1984.44,1987.61,3.17,0.15,low,trail_stop
2023-10-31 20:15:00,2023-11-01 20:30:00,buy,0.01,1981.65,1971.42,-10.24,-0.5,low,trail_stop
2023-11-02 06:00:00,2023-11-06 05:15:00,buy,0.02,1985.54,1983.63,-3.82,-0.1,med,trail_stop
2023-11-06 14:00:00,2023-11-07 06:45:00,buy,0.02,1987.86,1970.98,-33.75,-1.02,med,stop_loss
2023-11-07 08:15:00,2023-11-07 15:15:00,buy,0.02,1971.87,1956.85,-30.04,-1.02,med,stop_loss
2023-11-07 16:00:00,2023-11-08 21:30:00,buy,0.02,1964.68,1948.77,-31.81,-1.02,med,stop_loss
2023-11-09 05:30:00,2023-11-10 13:15:00,buy,0.02,1948.36,1950.12,3.51,0.12,med,trail_stop
2023-11-10 16:15:00,2023-11-15 16:45:00,buy,0.02,1944.38,1959.94,31.13,1.05,med,trail_stop
2023-11-15 20:30:00,2023-11-20 01:00:00,buy,0.01,1959.6,1977.83,18.23,1.2,low,trail_stop
2023-11-20 08:00:00,2023-11-22 17:00:00,buy,0.02,1979.25,1992.03,25.57,0.84,med,trail_stop
2023-11-22 20:30:00,2023-11-29 11:30:00,buy,0.02,1989.48,2035.06,91.18,2.74,med,trail_stop
2023-11-29 18:00:00,2023-12-04 05:00:00,buy,0.02,2043.15,2129.39,172.49,5.52,med,trail_stop
2023-12-04 08:00:00,2023-12-04 15:00:00,buy,0.01,2082.86,2054.69,-28.17,-1.01,med,stop_loss
2023-12-04 16:00:00,2023-12-04 17:00:00,buy,0.01,2048.98,2040.61,-8.37,-0.27,med,trail_stop
2023-12-05 06:45:00,2023-12-08 19:00:00,buy,0.01,2031.61,1999.18,-32.43,-1.01,low,stop_loss
2023-12-11 03:15:00,2023-12-11 17:30:00,buy,0.01,2004.08,1980.78,-23.3,-1.01,med,stop_loss
2023-12-12 03:00:00,2023-12-13 08:15:00,buy,0.01,1985.8,1974.76,-11.05,-0.51,med,trail_stop
2023-12-13 15:15:00,2023-12-14 20:15:00,buy,0.02,1980.39,2029.64,98.5,2.75,med,trail_stop
2023-12-15 02:15:00,2023-12-28 23:00:00,buy,0.01,2033.6,2065.62,32.02,1.42,low,trail_stop
2023-12-29 07:00:00,2024-01-03 13:00:00,buy,0.03,2070.18,2052.1,-54.24,-1.01,high,stop_loss
2024-01-03 16:00:00,2024-01-03 16:15:00,buy,0.03,2038.82,2038.24,-1.75,-0.03,high,trail_stop
2024-01-03 21:00:00,2024-01-05 15:30:00,buy,0.02,2030.95,2030.65,-0.61,-0.02,high,trail_stop
2024-01-05 22:00:00,2024-01-08 07:30:00,buy,0.03,2045.9,2027.33,-55.71,-1.01,high,stop_loss
2024-01-08 10:00:00,2024-01-10 20:30:00,buy,0.02,2028.22,2021.0,-14.44,-0.35,high,trail_stop
2024-01-11 07:00:00,2024-01-11 18:30:00,buy,0.02,2032.32,2013.7,-37.25,-1.01,med,stop_loss
2024-01-12 03:00:00,2024-01-16 10:30:00,buy,0.02,2031.28,2042.2,21.84,0.55,med,trail_stop
2024-01-16 13:00:00,2024-01-17 07:00:00,buy,0.02,2039.22,2022.28,-33.88,-1.02,med,stop_loss
2024-01-17 08:00:00,2024-01-17 16:45:00,buy,0.02,2018.44,2014.24,-8.4,-0.23,med,trail_stop
2024-01-17 20:00:00,2024-01-17 20:15:00,buy,0.02,2004.61,2002.85,-3.52,-0.09,med,trail_stop
2024-01-18 07:00:00,2024-01-22 08:15:00,buy,0.02,2008.28,2019.75,22.96,0.6,med,trail_stop
2024-01-22 16:30:00,2024-01-24 17:00:00,buy,0.02,2019.61,2020.97,2.72,0.08,med,trail_stop
2024-01-24 20:00:00,2024-01-24 20:15:00,buy,0.01,2017.13,2016.92,-0.21,-0.01,low,trail_stop
2024-01-25 07:00:00,2024-01-31 22:00:00,buy,0.01,2015.89,2038.18,22.29,1.28,low,trail_stop
2024-02-01 07:00:00,2024-02-02 15:30:00,buy,0.02,2045.9,2046.84,1.88,0.05,med,trail_stop
2024-02-02 16:00:00,2024-02-02 16:15:00,buy,0.01,2029.28,2037.22,7.94,0.4,low,trail_stop
2024-02-05 03:15:00,2024-02-05 15:45:00,buy,0.01,2035.0,2014.72,-20.28,-1.01,low,stop_loss
2024-02-05 22:00:00,2024-02-08 14:30:00,buy,0.01,2026.06,2024.37,-1.69,-0.09,low,trail_stop
2024-02-08 22:00:00,2024-02-12 16:15:00,buy,0.01,2032.76,2016.58,-16.19,-1.02,low,stop_loss
2024-02-13 03:00:00,2024-02-13 15:30:00,buy,0.02,2019.7,2012.44,-14.52,-0.51,med,trail_stop
2024-02-13 16:00:00,2024-02-13 16:15:00,buy,0.01,2002.51,2013.81,11.3,0.72,low,trail_stop
2024-02-13 21:30:00,2024-02-23 11:15:00,buy,0.01,1991.64,2017.68,26.04,1.54,low,trail_stop
2024-02-23 18:00:00,2024-02-26 16:00:00,buy,0.01,2030.34,2029.16,-1.19,-0.1,low,trail_stop
2024-02-27 03:00:00,2024-02-28 11:00:00,buy,0.01,2031.72,2026.03,-5.68,-0.43,low,trail_stop
2024-02-28 18:00:00,2024-03-01 16:45:00,buy,0.01,2031.98,2045.29,13.31,1.12,low,trail_stop
2024-03-01 20:00:00,2024-03-05 18:30:00,buy,0.01,2082.63,2123.39,40.76,2.25,low,trail_stop
2024-03-05 23:30:00,2024-03-08 16:15:00,buy,0.01,2128.3,2163.66,35.36,1.65,low,trail_stop
2024-03-08 20:00:00,2024-03-08 21:00:00,buy,0.02,2181.75,2169.3,-24.89,-0.49,high,trail_stop
2024-03-11 06:00:00,2024-03-12 16:00:00,buy,0.02,2179.62,2153.3,-52.65,-1.01,high,stop_loss
2024-03-12 21:00:00,2024-03-14 17:30:00,buy,0.02,2152.16,2156.2,8.07,0.17,high,trail_stop
2024-03-15 03:00:00,2024-03-18 00:00:00,buy,0.02,2162.84,2152.97,-19.74,-0.51,high,trail_stop
2024-03-18 04:30:00,2024-03-21 04:15:00,buy,0.03,2150.14,2204.54,163.19,3.02,high,trail_stop
2024-03-21 10:30:00,2024-03-21 16:15:00,buy,0.02,2202.2,2180.55,-43.3,-1.01,high,stop_loss
2024-03-22 03:00:00,2024-03-22 19:15:00,buy,0.02,2185.14,2159.8,-50.69,-1.01,high,stop_loss
2024-03-25 03:00:00,2024-03-26 17:00:00,buy,0.02,2165.74,2174.36,17.23,0.34,high,trail_stop
2024-03-27 03:00:00,2024-04-01 16:45:00,buy,0.02,2177.66,2240.68,126.05,2.56,high,trail_stop
2024-04-02 03:00:00,2024-04-05 04:15:00,buy,0.02,2249.16,2276.83,55.36,0.97,high,trail_stop
2024-04-05 14:00:00,2024-04-08 15:15:00,buy,0.02,2294.06,2325.29,62.45,1.09,high,trail_stop
2024-04-08 17:00:00,2024-04-10 16:00:00,buy,0.01,2324.42,2327.47,3.05,0.08,high,trail_stop
2024-04-10 20:00:00,2024-04-12 19:45:00,buy,0.01,2332.92,2365.17,32.25,0.92,high,trail_stop
2024-04-12 20:00:00,2024-04-12 20:15:00,buy,0.01,2364.3,2390.46,26.16,0.64,high,trail_stop
2024-04-15 01:15:00,2024-04-15 17:00:00,buy,0.01,2350.7,2329.38,-21.31,-0.49,high,trail_stop
2024-04-16 03:00:00,2024-04-19 14:00:00,buy,0.01,2382.1,2373.3,-8.8,-0.2,high,trail_stop
2024-04-19 16:00:00,2024-04-22 06:15:00,buy,0.01,2376.97,2365.28,-11.69,-0.32,high,trail_stop
2024-04-22 08:30:00,2024-04-22 19:45:00,buy,0.01,2365.39,2328.68,-36.7,-1.01,high,stop_loss
2024-04-22 21:15:00,2024-04-30 11:15:00,buy,0.01,2325.17,2314.52,-10.65,-0.28,high,trail_stop
2024-04-30 15:15:00,2024-05-02 12:30:00,buy,0.02,2309.43,2299.75,-19.36,-0.34,high,trail_stop
2024-05-02 16:00:00,2024-05-03 16:30:00,buy,0.02,2291.19,2292.62,2.86,0.05,high,trail_stop
2024-05-06 02:30:00,2024-05-13 09:45:00,buy,0.02,2295.53,2348.01,104.96,1.74,high,trail_stop
2024-05-13 12:30:00,2024-05-15 16:45:00,buy,0.02,2340.25,2353.48,26.46,0.53,high,trail_stop
2024-05-16 03:00:00,2024-05-20 15:00:00,buy,0.02,2392.0,2423.13,62.26,1.17,high,trail_stop
2024-05-20 22:00:00,2024-05-22 14:30:00,buy,0.02,2435.43,2405.61,-59.64,-1.01,high,stop_loss
2024-05-22 16:00:00,2024-05-22 21:15:00,buy,0.02,2409.11,2381.67,-54.87,-1.01,high,stop_loss
2024-05-23 04:00:00,2024-05-23 17:15:00,buy,0.02,2377.56,2346.97,-61.18,-1.01,high,stop_loss
2024-05-23 20:15:00,2024-05-30 04:45:00,buy,0.02,2337.2,2332.57,-9.26,-0.15,high,trail_stop
2024-05-30 08:15:00,2024-05-31 17:30:00,buy,0.02,2332.68,2335.41,5.46,0.13,high,trail_stop
2024-05-31 20:15:00,2024-06-04 12:00:00,buy,0.02,2329.81,2329.77,-0.08,-0.0,high,trail_stop
2024-06-04 16:00:00,2024-06-07 11:00:00,buy,0.02,2332.21,2363.2,61.98,1.29,high,trail_stop
2024-06-07 12:00:00,2024-06-07 12:15:00,buy,0.01,2343.67,2358.11,14.44,0.49,med,trail_stop
2024-06-07 16:45:00,2024-06-13 04:30:00,buy,0.01,2315.37,2309.14,-6.22,-0.19,med,trail_stop
2024-06-13 14:00:00,2024-06-18 13:15:00,buy,0.01,2316.54,2308.52,-8.02,-0.29,med,trail_stop
2024-06-18 22:00:00,2024-06-21 16:45:00,buy,0.02,2331.46,2344.9,26.9,0.57,med,trail_stop
2024-06-21 20:00:00,2024-06-21 20:15:00,buy,0.01,2321.69,2338.76,17.08,0.69,med,trail_stop
2024-06-24 02:45:00,2024-06-26 04:30:00,buy,0.01,2318.14,2312.61,-5.53,-0.23,med,trail_stop
2024-06-26 08:30:00,2024-06-26 16:30:00,buy,0.02,2314.47,2294.88,-39.18,-1.01,med,stop_loss
2024-06-26 22:00:00,2024-07-01 08:30:00,buy,0.02,2297.19,2318.43,42.48,1.01,med,trail_stop
2024-07-01 17:15:00,2024-07-08 11:30:00,buy,0.02,2323.51,2373.28,99.54,2.58,med,trail_stop
2024-07-08 12:45:00,2024-07-09 18:15:00,buy,0.03,2370.31,2350.3,-60.02,-1.01,high,stop_loss
2024-07-10 03:00:00,2024-07-12 09:45:00,buy,0.02,2365.16,2402.24,74.18,1.69,high,trail_stop
2024-07-12 12:30:00,2024-07-17 18:00:00,buy,0.03,2404.72,2460.07,166.06,2.52,high,trail_stop
2024-07-17 20:45:00,2024-07-18 22:00:00,buy,0.02,2452.1,2445.54,-13.13,-0.23,high,trail_stop
2024-07-19 02:45:00,2024-07-19 09:00:00,buy,0.02,2442.27,2415.89,-52.77,-1.01,high,stop_loss
2024-07-19 12:15:00,2024-07-22 15:30:00,buy,0.02,2417.16,2389.85,-54.63,-1.01,high,stop_loss
2024-07-22 17:15:00,2024-07-24 21:15:00,buy,0.02,2391.09,2405.38,28.58,0.54,high,trail_stop
2024-07-25 01:15:00,2024-07-25 06:15:00,buy,0.02,2394.63,2369.52,-50.22,-1.01,high,stop_loss
2024-07-25 08:00:00,2024-07-25 08:15:00,buy,0.02,2374.28,2372.43,-3.7,-0.07,high,trail_stop
2024-07-25 12:15:00,2024-07-29 18:15:00,buy,0.02,2371.31,2375.71,8.81,0.16,high,trail_stop
2024-07-30 03:00:00,2024-08-01 12:45:00,buy,0.02,2381.34,2430.03,97.39,1.74,high,trail_stop
2024-08-01 17:00:00,2024-08-02 17:30:00,buy,0.02,2447.22,2449.49,4.53,0.08,high,trail_stop
2024-08-02 20:15:00,2024-08-05 12:15:00,buy,0.01,2425.9,2421.67,-4.23,-0.12,med,trail_stop
2024-08-08 14:00:00,2024-08-14 18:45:00,buy,0.01,2405.32,2444.24,38.92,1.09,low,trail_stop
2024-08-14 20:15:00,2024-08-15 16:15:00,buy,0.01,2440.56,2440.17,-0.38,-0.01,med,trail_stop
2024-08-16 03:00:00,2024-08-21 16:30:00,buy,0.02,2457.52,2501.1,87.17,1.44,high,trail_stop
2024-08-22 03:00:00,2024-08-22 16:30:00,buy,0.02,2513.08,2485.48,-55.2,-1.01,high,stop_loss
2024-08-22 20:15:00,2024-08-28 15:00:00,buy,0.02,2480.82,2500.5,39.35,0.7,high,trail_stop
2024-08-28 19:15:00,2024-08-30 18:00:00,buy,0.03,2497.75,2505.67,23.78,0.35,high,trail_stop
2024-08-30 20:15:00,2024-09-03 16:30:00,buy,0.02,2494.97,2482.79,-24.36,-0.5,high,trail_stop
2024-09-04 03:00:00,2024-09-06 16:30:00,buy,0.03,2493.46,2505.35,35.67,0.51,high,trail_stop
2024-09-09 03:00:00,2024-09-11 15:45:00,buy,0.02,2497.16,2502.67,11.04,0.21,high,trail_stop
2024-09-11 16:30:00,2024-09-17 18:15:00,buy,0.03,2505.31,2567.79,187.46,2.91,high,trail_stop
2024-09-18 03:00:00,2024-09-18 22:45:00,buy,0.03,2574.12,2551.48,-67.92,-1.01,high,stop_loss
2024-09-19 04:00:00,2024-09-26 16:45:00,buy,0.02,2555.61,2658.33,205.43,3.81,high,trail_stop
2024-09-27 03:00:00,2024-09-27 18:00:00,buy,0.02,2672.84,2646.48,-52.73,-1.01,high,stop_loss
2024-09-27 20:00:00,2024-09-27 20:30:00,buy,0.02,2648.79,2644.5,-8.58,-0.16,high,trail_stop
2024-09-30 04:45:00,2024-09-30 21:00:00,buy,0.02,2655.03,2627.97,-54.1,-1.01,high,stop_loss
2024-10-01 07:00:00,2024-10-02 08:30:00,buy,0.02,2638.14,2645.53,14.77,0.27,high,trail_stop
2024-10-02 13:45:00,2024-10-03 17:00:00,buy,0.03,2649.44,2638.33,-33.32,-0.45,high,trail_stop
2024-10-03 20:45:00,2024-10-04 22:00:00,buy,0.02,2656.75,2643.5,-26.5,-0.5,high,trail_stop
2024-10-07 04:45:00,2024-10-08 18:00:00,buy,0.02,2647.71,2619.2,-57.02,-1.01,high,stop_loss
2024-10-09 03:00:00,2024-10-23 17:00:00,buy,0.02,2622.04,2726.24,208.41,3.27,high,trail_stop
2024-10-23 20:15:00,2024-10-25 12:00:00,buy,0.03,2716.34,2717.73,4.15,0.05,high,trail_stop
2024-10-25 16:00:00,2024-10-31 15:15:00,buy,0.03,2728.6,2766.79,114.57,1.66,high,trail_stop
2024-10-31 16:00:00,2024-10-31 16:15:00,buy,0.03,2752.64,2758.57,17.78,0.25,high,trail_stop
2024-11-01 03:00:00,2024-11-01 19:30:00,buy,0.03,2745.14,2736.21,-26.81,-0.35,high,trail_stop
2024-11-04 01:00:00,2024-11-06 08:15:00,buy,0.03,2733.17,2723.51,-28.98,-0.37,high,trail_stop
2024-11-06 12:45:00,2024-11-06 15:00:00,buy,0.02,2721.05,2692.9,-56.3,-1.01,high,stop_loss
2024-11-06 16:00:00,2024-11-06 16:15:00,buy,0.02,2659.95,2691.16,62.41,0.88,high,trail_stop
2024-11-06 23:45:00,2024-11-11 03:15:00,buy,0.02,2658.9,2673.28,28.77,0.39,high,trail_stop
2024-11-11 04:30:00,2024-11-11 15:45:00,buy,0.02,2669.0,2635.95,-66.12,-1.01,high,stop_loss
2024-11-11 16:00:00,2024-11-11 16:15:00,buy,0.02,2631.53,2640.37,17.68,0.26,high,trail_stop
2024-11-12 03:00:00,2024-11-13 18:30:00,buy,0.02,2624.1,2588.37,-71.47,-1.01,high,stop_loss
2024-11-13 22:00:00,2024-11-14 11:30:00,buy,0.01,2578.96,2543.28,-35.68,-1.01,med,stop_loss
2024-11-14 18:00:00,2024-11-25 05:15:00,buy,0.01,2570.44,2686.08,115.64,3.31,med,trail_stop
2024-11-25 14:00:00,2024-11-25 16:15:00,buy,0.01,2686.9,2651.16,-35.74,-1.01,med,stop_loss
2024-11-25 20:15:00,2024-12-02 03:15:00,buy,0.01,2622.77,2625.4,2.63,0.06,low,trail_stop
2024-12-02 04:00:00,2024-12-02 05:00:00,buy,0.01,2632.37,2623.85,-8.53,-0.29,med,trail_stop
2024-12-02 14:00:00,2024-12-05 19:00:00,buy,0.01,2641.96,2627.25,-14.71,-0.5,med,trail_stop
2024-12-05 20:15:00,2024-12-11 07:00:00,buy,0.02,2624.72,2677.1,104.76,2.0,med,trail_stop
2024-12-11 14:00:00,2024-12-12 15:45:00,buy,0.02,2696.72,2698.08,2.72,0.05,med,trail_stop
2024-12-12 16:00:00,2024-12-12 16:15:00,buy,0.02,2694.11,2686.39,-15.44,-0.27,med,trail_stop
2024-12-12 21:45:00,2024-12-13 20:30:00,buy,0.01,2682.6,2651.95,-30.65,-1.01,med,stop_loss
2024-12-16 02:45:00,2024-12-17 13:00:00,buy,0.02,2646.78,2636.02,-21.52,-0.38,med,trail_stop
2024-12-17 16:00:00,2024-12-18 21:00:00,buy,0.02,2634.04,2626.93,-14.22,-0.29,med,trail_stop
2024-12-19 07:00:00,2024-12-19 16:15:00,buy,0.01,2609.4,2597.97,-11.44,-0.41,low,trail_stop
2024-12-20 03:00:00,2024-12-30 15:45:00,buy,0.01,2591.13,2606.27,15.13,0.47,low,trail_stop
2024-12-30 17:00:00,2025-01-03 15:30:00,buy,0.01,2604.11,2644.23,40.12,1.93,low,trail_stop
2025-01-03 16:00:00,2025-01-03 22:30:00,buy,0.02,2647.24,2637.5,-19.49,-0.45,med,trail_stop
2025-01-06 06:00:00,2025-01-06 16:15:00,buy,0.02,2638.71,2627.85,-21.72,-0.51,med,trail_stop
2025-01-06 21:00:00,2025-01-13 14:00:00,buy,0.02,2633.54,2671.59,76.09,1.47,med,trail_stop
2025-01-13 16:30:00,2025-01-17 22:00:00,buy,0.02,2666.28,2700.86,69.15,1.47,med,trail_stop
2025-01-20 01:15:00,2025-01-23 11:30:00,buy,0.03,2700.64,2740.58,119.82,1.78,high,trail_stop
2025-01-23 14:30:00,2025-01-27 01:00:00,buy,0.03,2743.17,2763.81,61.91,0.95,high,trail_stop
2025-01-27 04:00:00,2025-01-27 09:15:00,buy,0.03,2760.23,2749.76,-31.4,-0.47,high,trail_stop
2025-01-27 15:00:00,2025-01-27 18:45:00,buy,0.03,2760.54,2736.93,-70.81,-1.01,high,stop_loss
2025-01-28 03:00:00,2025-02-03 01:15:00,buy,0.03,2740.8,2790.14,148.02,1.85,high,trail_stop
2025-02-03 04:00:00,2025-02-03 04:15:00,buy,0.03,2779.28,2779.46,0.52,0.01,high,trail_stop
2025-02-03 14:00:00,2025-02-06 09:45:00,buy,0.03,2801.42,2857.4,167.96,2.28,high,trail_stop
2025-02-06 12:00:00,2025-02-06 16:45:00,buy,0.03,2855.99,2842.36,-40.9,-0.48,high,trail_stop
2025-02-07 03:00:00,2025-02-10 01:00:00,buy,0.02,2858.6,2856.06,-5.06,-0.08,high,trail_stop
2025-02-10 10:00:00,2025-02-11 09:15:00,buy,0.02,2895.7,2911.45,31.49,0.51,high,trail_stop
2025-02-11 14:00:00,2025-02-14 17:15:00,buy,0.02,2898.79,2903.81,10.05,0.14,high,trail_stop
2025-02-14 20:30:00,2025-02-21 10:15:00,buy,0.02,2882.74,2919.88,74.28,1.07,high,trail_stop
2025-02-21 17:15:00,2025-02-25 14:30:00,buy,0.02,2925.56,2925.01,-1.09,-0.02,high,trail_stop
2025-02-25 16:45:00,2025-02-25 17:30:00,buy,0.02,2933.68,2902.3,-62.76,-1.01,high,stop_loss
2025-02-26 03:00:00,2025-02-27 10:00:00,buy,0.02,2923.84,2886.57,-74.52,-1.01,high,stop_loss
2025-02-27 14:00:00,2025-02-28 15:45:00,buy,0.02,2883.27,2848.75,-69.05,-1.01,high,stop_loss
2025-02-28 16:00:00,2025-03-06 11:30:00,buy,0.02,2844.28,2895.43,102.31,1.5,high,trail_stop
2025-03-06 18:00:00,2025-03-21 15:30:00,buy,0.02,2914.72,3021.27,213.11,2.96,high,trail_stop
2025-03-21 16:00:00,2025-03-21 16:15:00,buy,0.03,3003.02,3009.1,18.24,0.21,high,trail_stop
2025-03-24 03:00:00,2025-03-24 20:00:00,buy,0.03,3018.5,3003.7,-44.39,-0.51,high,trail_stop
2025-03-25 04:45:00,2025-03-31 16:45:00,buy,0.03,3008.21,3099.69,274.44,3.28,high,trail_stop
2025-04-01 03:00:00,2025-04-01 18:45:00,buy,0.02,3120.64,3113.6,-14.09,-0.2,high,trail_stop
2025-04-02 03:00:00,2025-04-03 08:15:00,buy,0.02,3115.38,3131.55,32.34,0.44,high,trail_stop
2025-04-03 12:45:00,2025-04-03 15:15:00,buy,0.02,3123.65,3079.31,-88.69,-1.01,high,stop_loss
2025-04-03 16:00:00,2025-04-03 16:15:00,buy,0.02,3069.99,3078.63,17.28,0.17,high,trail_stop
2025-04-03 20:30:00,2025-04-04 16:15:00,buy,0.01,3100.27,3077.63,-22.64,-0.39,high,trail_stop
2025-04-04 20:15:00,2025-04-17 17:30:00,buy,0.01,3022.71,3290.64,267.93,4.01,high,trail_stop
2025-04-21 03:00:00,2025-04-22 15:30:00,buy,0.01,3348.56,3444.0,95.44,1.71,high,trail_stop
2025-04-22 16:00:00,2025-04-22 19:15:00,buy,0.01,3423.36,3401.46,-21.91,-0.33,high,trail_stop
2025-04-22 21:30:00,2025-04-23 09:00:00,buy,0.01,3384.09,3311.01,-73.09,-1.0,high,stop_loss
2025-04-23 15:45:00,2025-04-25 08:45:00,buy,0.01,3311.22,3287.08,-24.14,-0.29,high,trail_stop
2025-04-25 12:45:00,2025-04-30 12:15:00,buy,0.01,3294.51,3278.12,-16.38,-0.22,high,trail_stop
2025-04-30 22:00:00,2025-05-01 03:45:00,buy,0.01,3302.04,3241.54,-60.51,-1.0,high,stop_loss
2025-05-01 04:00:00,2025-05-01 07:00:00,buy,0.01,3238.8,3227.1,-11.7,-0.19,high,trail_stop
2025-05-01 12:45:00,2025-05-07 03:30:00,buy,0.01,3218.87,3372.12,153.25,2.45,high,trail_stop
2025-05-07 04:00:00,2025-05-07 04:15:00,buy,0.01,3371.5,3373.18,1.68,0.03,high,trail_stop
2025-05-07 12:15:00,2025-05-08 09:00:00,buy,0.01,3374.08,3349.48,-24.6,-0.38,high,trail_stop
2025-05-08 13:00:00,2025-05-08 20:15:00,buy,0.01,3331.17,3303.35,-27.82,-0.42,high,trail_stop
2025-05-09 04:30:00,2025-05-12 01:15:00,buy,0.01,3296.27,3279.25,-17.02,-0.25,high,trail_stop
2025-05-12 04:00:00,2025-05-14 15:30:00,buy,0.01,3271.1,3205.24,-65.85,-1.0,high,stop_loss
2025-05-14 16:00:00,2025-05-14 16:15:00,buy,0.01,3177.78,3179.62,1.84,0.03,high,trail_stop
2025-05-14 20:30:00,2025-05-15 09:00:00,buy,0.01,3181.26,3122.55,-58.71,-1.0,high,stop_loss
2025-05-15 18:00:00,2025-05-16 13:45:00,buy,0.01,3205.58,3190.57,-15.01,-0.25,high,trail_stop
2025-05-16 16:15:00,2025-05-22 17:00:00,buy,0.01,3169.54,3279.5,109.96,1.68,med,trail_stop
2025-05-22 20:15:00,2025-05-27 09:45:00,buy,0.01,3294.89,3311.19,16.3,0.3,high,trail_stop
2025-05-27 13:15:00,2025-05-28 23:45:00,buy,0.02,3293.05,3281.31,-23.49,-0.27,high,trail_stop
2025-05-29 02:00:00,2025-05-30 15:00:00,buy,0.02,3280.98,3286.71,11.47,0.13,high,trail_stop
2025-05-30 16:15:00,2025-06-03 16:45:00,buy,0.02,3298.1,3344.35,92.49,0.97,high,trail_stop
2025-06-04 03:00:00,2025-06-05 18:30:00,buy,0.02,3360.14,3357.86,-4.56,-0.05,high,trail_stop
2025-06-06 03:00:00,2025-06-06 17:15:00,buy,0.02,3361.98,3316.31,-91.33,-1.01,high,stop_loss
2025-06-06 21:00:00,2025-06-16 16:15:00,buy,0.02,3317.2,3406.62,178.84,1.95,high,trail_stop
2025-06-16 20:30:00,2025-06-19 09:30:00,buy,0.02,3393.69,3347.55,-92.28,-1.01,high,stop_loss
2025-06-19 16:15:00,2025-06-23 04:15:00,buy,0.02,3363.25,3353.76,-18.99,-0.22,high,trail_stop
2025-06-23 08:30:00,2025-06-24 01:15:00,buy,0.02,3353.53,3352.52,-2.02,-0.02,high,trail_stop
2025-06-24 04:30:00,2025-06-24 16:30:00,buy,0.02,3345.59,3300.12,-90.95,-1.01,high,stop_loss
2025-06-25 03:00:00,2025-06-27 06:15:00,buy,0.02,3324.4,3303.75,-41.3,-0.45,high,trail_stop
2025-06-27 08:00:00,2025-06-27 10:15:00,buy,0.02,3289.4,3283.91,-10.98,-0.15,high,trail_stop
2025-06-27 12:15:00,2025-07-03 15:30:00,buy,0.02,3284.82,3327.56,85.48,1.13,high,trail_stop
2025-07-03 22:00:00,2025-07-08 18:00:00,buy,0.02,3329.2,3292.55,-73.3,-1.01,high,stop_loss
2025-07-09 03:00:00,2025-07-15 16:15:00,buy,0.02,3302.66,3340.18,75.05,1.09,high,trail_stop
2025-07-15 23:45:00,2025-07-17 03:00:00,buy,0.02,3325.23,3343.97,37.48,0.56,high,trail_stop
2025-07-17 06:15:00,2025-07-23 18:45:00,buy,0.02,3336.69,3404.82,136.25,2.02,high,trail_stop
2025-07-24 03:00:00,2025-07-24 15:00:00,buy,0.03,3390.3,3358.07,-96.69,-1.01,high,stop_loss
2025-07-24 22:00:00,2025-07-25 13:45:00,buy,0.03,3372.12,3340.87,-93.74,-1.01,high,stop_loss
2025-07-25 17:15:00,2025-07-28 16:45:00,buy,0.03,3336.82,3306.43,-91.17,-1.01,high,stop_loss
2025-07-29 03:00:00,2025-07-30 16:30:00,buy,0.02,3312.73,3301.29,-22.89,-0.35,high,trail_stop
2025-07-30 21:30:00,2025-08-01 04:45:00,buy,0.03,3294.33,3283.16,-33.51,-0.36,high,trail_stop
2025-08-01 10:30:00,2025-08-05 13:45:00,buy,0.02,3288.15,3352.8,129.29,2.0,med,trail_stop
2025-08-05 22:00:00,2025-08-11 04:00:00,buy,0.02,3380.2,3376.63,-7.15,-0.11,med,trail_stop
2025-08-11 09:15:00,2025-08-12 14:30:00,buy,0.02,3371.5,3336.22,-70.55,-1.01,high,stop_loss
2025-08-12 16:00:00,2025-08-14 17:00:00,buy,0.02,3345.53,3339.19,-12.68,-0.18,high,trail_stop
2025-08-15 03:00:00,2025-08-19 17:45:00,buy,0.02,3335.74,3323.28,-24.92,-0.36,high,trail_stop
2025-08-20 02:45:00,2025-08-22 15:30:00,buy,0.03,3314.15,3324.53,31.13,0.38,high,trail_stop
2025-08-22 22:00:00,2025-09-01 12:45:00,buy,0.02,3372.9,3467.53,189.24,4.29,med,trail_stop
2025-09-02 01:15:00,2025-09-02 10:45:00,buy,0.03,3477.76,3476.31,-4.36,-0.05,high,trail_stop
2025-09-02 18:00:00,2025-09-04 04:30:00,buy,0.02,3511.22,3544.76,67.07,1.01,high,trail_stop
2025-09-04 08:45:00,2025-09-09 22:30:00,buy,0.02,3527.9,3632.51,209.22,2.49,high,trail_stop
2025-09-10 01:00:00,2025-09-11 12:15:00,buy,0.02,3619.78,3613.92,-11.72,-0.14,high,trail_stop
2025-09-11 16:15:00,2025-09-17 11:15:00,buy,0.02,3624.46,3663.35,77.78,0.99,high,trail_stop
2025-09-17 13:00:00,2025-09-17 21:45:00,buy,0.03,3660.81,3655.63,-15.53,-0.16,high,trail_stop
2025-09-18 04:15:00,2025-09-24 05:30:00,buy,0.02,3654.2,3751.49,194.59,2.47,high,trail_stop
2025-09-24 13:15:00,2025-09-24 22:00:00,buy,0.02,3763.16,3722.48,-81.37,-1.01,high,stop_loss
2025-09-25 05:00:00,2025-09-30 11:15:00,buy,0.02,3731.01,3825.31,188.59,2.28,high,trail_stop
2025-09-30 12:00:00,2025-09-30 12:15:00,buy,0.02,3809.92,3820.36,20.88,0.21,high,trail_stop
2025-09-30 16:15:00,2025-10-02 17:30:00,buy,0.02,3812.96,3843.53,61.14,0.6,high,trail_stop
2025-10-03 03:00:00,2025-10-09 02:45:00,buy,0.02,3862.5,4004.39,283.76,2.61,high,trail_stop
2025-10-09 04:00:00,2025-10-09 19:30:00,buy,0.02,4016.44,3999.83,-33.22,-0.31,high,trail_stop
2025-10-09 20:00:00,2025-10-09 20:15:00,buy,0.02,3961.0,3994.65,67.29,0.54,high,trail_stop
2025-10-10 01:00:00,2025-10-14 09:15:00,buy,0.02,3968.47,4105.85,274.76,2.16,high,trail_stop
2025-10-14 12:00:00,2025-10-14 15:45:00,buy,0.01,4134.57,4103.17,-31.4,-0.41,high,trail_stop
2025-10-14 22:00:00,2025-10-17 04:30:00,buy,0.01,4148.54,4302.3,153.75,2.01,high,trail_stop
2025-10-17 08:15:00,2025-10-17 16:30:00,buy,0.01,4365.54,4278.23,-87.31,-1.0,high,stop_loss
2025-10-17 20:00:00,2025-10-17 20:15:00,buy,0.01,4192.29,4215.21,22.93,0.22,high,trail_stop
2025-10-20 01:00:00,2025-10-21 11:00:00,buy,0.01,4240.82,4276.44,35.62,0.34,high,trail_stop
2025-10-21 12:00:00,2025-10-21 15:00:00,buy,0.01,4260.57,4236.69,-23.88,-0.22,high,trail_stop
2025-10-21 16:00:00,2025-10-21 16:45:00,buy,0.01,4197.44,4167.61,-29.83,-0.27,high,trail_stop
2025-10-21 20:15:00,2025-10-22 13:45:00,buy,0.01,4098.23,4038.34,-59.89,-0.49,high,trail_stop
2025-10-22 17:45:00,2025-10-27 13:30:00,buy,0.01,4016.66,4015.89,-0.77,-0.01,high,trail_stop
2025-10-27 16:00:00,2025-10-28 10:30:00,buy,0.01,4009.01,3904.68,-104.33,-1.0,high,stop_loss
2025-10-28 18:00:00,2025-10-30 00:00:00,buy,0.01,3964.84,3924.23,-40.61,-0.38,high,trail_stop
2025-10-30 04:00:00,2025-11-04 16:30:00,buy,0.01,3935.59,3946.5,10.91,0.11,high,trail_stop
2025-11-04 20:30:00,2025-11-13 20:30:00,buy,0.01,3945.67,4171.1,225.42,3.07,high,trail_stop
2025-11-14 07:00:00,2025-11-14 13:45:00,buy,0.02,4203.63,4135.64,-135.98,-1.0,high,stop_loss
2025-11-14 16:00:00,2025-11-14 16:15:00,buy,0.01,4046.05,4091.0,44.95,0.57,med,trail_stop
2025-11-14 20:00:00,2025-11-18 09:00:00,buy,0.01,4089.35,4004.02,-85.33,-1.0,med,stop_loss
2025-11-18 14:45:00,2025-11-20 04:15:00,buy,0.01,4030.04,4050.58,20.54,0.25,high,trail_stop
2025-11-20 09:45:00,2025-11-21 08:30:00,buy,0.01,4057.03,4029.23,-27.8,-0.36,high,trail_stop
2025-11-21 12:00:00,2025-12-02 11:30:00,buy,0.01,4040.75,4184.89,144.14,1.82,high,trail_stop
2025-12-02 12:15:00,2025-12-04 07:30:00,buy,0.02,4185.06,4185.78,1.44,0.01,high,trail_stop
2025-12-04 14:00:00,2025-12-05 22:30:00,buy,0.02,4198.78,4200.74,3.9,0.03,high,trail_stop
2025-12-08 07:00:00,2025-12-12 17:45:00,buy,0.02,4208.68,4290.51,163.66,1.48,high,trail_stop
2025-12-15 03:45:00,2025-12-19 03:15:00,buy,0.02,4319.99,4310.76,-18.45,-0.15,high,trail_stop
2025-12-19 04:30:00,2025-12-23 17:00:00,buy,0.02,4316.41,4440.93,249.05,2.2,high,trail_stop
2025-12-24 03:00:00,2025-12-24 17:30:00,buy,0.02,4512.1,4454.42,-115.37,-1.0,high,stop_loss
2025-12-26 06:00:00,2025-12-29 02:15:00,buy,0.02,4502.07,4488.29,-27.57,-0.23,high,trail_stop
2025-12-29 08:30:00,2025-12-29 15:45:00,buy,0.02,4489.11,4424.54,-129.14,-1.0,high,stop_loss
2025-12-29 16:00:00,2025-12-29 16:15:00,buy,0.01,4412.27,4401.45,-10.82,-0.15,high,trail_stop
2025-12-30 03:00:00,2025-12-31 07:30:00,buy,0.01,4339.71,4319.4,-20.31,-0.24,high,trail_stop
2025-12-31 08:00:00,2026-01-02 20:00:00,buy,0.01,4275.21,4314.57,39.36,0.45,high,trail_stop
2026-01-05 01:00:00,2026-01-08 07:30:00,buy,0.01,4351.36,4420.28,68.92,0.86,high,trail_stop
2026-01-08 08:00:00,2026-01-16 17:15:00,buy,0.02,4417.03,4574.64,315.23,2.32,high,trail_stop
2026-01-19 03:00:00,2026-01-21 17:15:00,buy,0.02,4675.51,4818.14,285.26,2.04,high,trail_stop
2026-01-21 21:15:00,2026-01-26 21:15:00,buy,0.01,4816.33,5030.31,213.98,2.66,high,trail_stop
2026-01-27 07:00:00,2026-01-29 10:30:00,buy,0.01,5067.76,5494.49,426.73,4.11,high,trail_stop
2026-01-29 12:45:00,2026-01-29 17:15:00,buy,0.01,5495.45,5345.87,-149.58,-1.0,high,stop_loss
2026-01-29 20:15:00,2026-01-30 04:00:00,buy,0.01,5309.98,5223.76,-86.22,-0.43,high,trail_stop
2026-01-30 08:30:00,2026-01-30 19:00:00,buy,0.01,5156.15,4926.7,-229.45,-1.0,high,stop_loss
2026-02-11 14:00:00,2026-02-12 18:00:00,buy,0.01,5112.07,4965.83,-146.24,-1.0,med,stop_loss
2026-02-12 20:00:00,2026-02-12 20:15:00,buy,0.01,4923.63,4937.06,13.43,0.1,high,trail_stop
2026-02-13 01:00:00,2026-02-17 07:15:00,buy,0.01,4908.89,4914.98,6.09,0.04,high,trail_stop
2026-02-17 14:00:00,2026-02-24 15:45:00,buy,0.01,4929.45,5129.4,199.95,1.67,high,trail_stop
2026-02-24 16:00:00,2026-03-02 16:15:00,buy,0.01,5102.7,5319.28,216.58,2.18,high,trail_stop
2026-03-02 20:00:00,2026-03-03 08:00:00,buy,0.01,5292.74,5281.86,-10.87,-0.1,high,trail_stop
2026-03-03 12:30:00,2026-03-03 13:15:00,buy,0.01,5259.84,5136.95,-122.89,-1.0,high,stop_loss
2026-03-03 16:15:00,2026-03-12 20:45:00,buy,0.01,5138.77,5093.61,-45.16,-0.31,high,trail_stop
2026-03-13 07:00:00,2026-03-16 01:15:00,buy,0.01,5104.5,5001.71,-102.79,-1.0,high,stop_loss
2026-03-16 04:30:00,2026-03-18 14:15:00,buy,0.01,5003.11,4899.3,-103.81,-1.0,high,stop_loss
2026-03-18 16:15:00,2026-03-19 08:45:00,buy,0.01,4865.8,4766.65,-99.15,-1.0,high,stop_loss
2026-03-19 12:15:00,2026-03-19 14:30:00,buy,0.01,4684.29,4567.32,-116.97,-1.0,med,stop_loss
2026-03-19 16:15:00,2026-03-20 16:00:00,buy,0.01,4603.92,4596.29,-7.63,-0.05,med,trail_stop
2026-03-20 20:15:00,2026-03-23 02:15:00,buy,0.01,4555.61,4411.69,-143.92,-1.0,med,stop_loss
2026-04-17 04:00:00,2026-04-20 01:00:00,buy,0.01,4784.41,4818.44,34.03,0.47,low,trail_stop
2026-04-21 14:00:00,2026-04-21 20:00:00,buy,0.01,4777.26,4704.43,-72.83,-1.0,low,stop_loss
2026-04-22 17:30:00,2026-04-24 07:15:00,buy,0.01,4735.46,4662.19,-73.28,-1.0,low,stop_loss
2026-04-28 04:45:00,2026-04-28 12:15:00,buy,0.01,4681.72,4613.62,-68.1,-1.0,low,stop_loss
2026-04-29 04:00:00,2026-04-29 16:30:00,buy,0.01,4591.59,4521.38,-70.21,-1.0,low,stop_loss
2026-05-14 08:15:00,2026-05-15 03:30:00,buy,0.01,4693.74,4622.64,-71.1,-1.0,low,stop_loss
2026-06-25 21:15:00,2026-06-26 16:45:00,sell,0.01,4039.78,4073.5,-33.72,-0.37,med,trail_stop
2026-06-29 03:00:00,2026-06-30 09:30:00,sell,0.01,4062.3,4027.59,34.71,0.41,med,trail_stop
2026-06-30 13:00:00,2026-07-01 16:15:00,sell,0.01,4025.75,4043.83,-18.08,-0.22,med,trail_stop
2026-07-02 03:00:00,2026-07-02 15:30:00,sell,0.01,4034.67,4123.29,-88.62,-1.0,med,stop_loss
2026-07-02 16:00:00,2026-07-03 03:45:00,sell,0.01,4128.26,4145.42,-17.16,-0.2,med,trail_stop
2026-07-03 04:00:00,2026-07-06 10:15:00,sell,0.01,4157.28,4153.03,4.25,0.05,med,eod_mark
