signal_time,entry_time,direction,confidence,volume,entry_price,sl,tp,sl_pips,tp_pips,max_bars,bars_held,peak_pips,exit_time,exit_price,exit_reason,pnl_pips,pnl_dollars
2024-05-09 15:00:00,2024-05-09 15:00:00,buy,0.6087445881109737,0.01,1.07341,1.07241,1.0764099999999999,10.0,30.0,1,1,1.500000000000945,2024-05-09 15:15:00,1.07336,bar_end,-2.2999999999988345,-0.22999999999988346
2024-05-09 15:15:00,2024-05-09 15:15:00,buy,0.603753773601239,0.01,1.07349,1.07525,1.07649,10.0,30.0,1,1,27.599999999998737,2024-05-09 15:30:00,1.07525,trail_sl,15.799999999999837,1.5799999999999839
2024-06-07 15:00:00,2024-06-07 15:00:00,sell,0.6743878212924507,0.01,1.08936,1.09036,1.0863600000000002,10.0,30.0,1,1,0.6000000000017103,2024-06-07 15:15:00,1.08945,bar_end,-2.6999999999992346,-0.26999999999992347
2024-06-12 15:00:00,2024-06-12 15:00:00,buy,0.6053825482888446,0.01,1.07666,1.07566,1.0796599999999998,10.0,30.0,1,1,1.500000000000945,2024-06-12 15:15:00,1.07669,bar_end,-1.5000000000002551,-0.1500000000000255
2024-09-06 16:00:00,2024-09-06 16:00:00,sell,0.6428036860199355,0.01,1.1105800000000001,1.1098199999999998,1.1075800000000002,10.0,30.0,1,1,17.60000000000206,2024-09-06 16:15:00,1.1098199999999998,trail_sl,5.80000000000316,0.580000000000316
2024-09-27 15:00:00,2024-09-27 15:00:00,buy,0.7215975318684834,0.01,1.11586,1.11734,1.11886,10.0,30.0,2,2,24.799999999998157,2024-09-27 15:30:00,1.11734,trail_sl,12.999999999999257,1.2999999999999259
2024-11-13 16:00:00,2024-11-13 16:00:00,sell,0.8502590935039162,0.01,1.0632000000000001,1.0612199999999998,1.0602000000000003,10.0,30.0,4,2,29.800000000002047,2024-11-13 16:30:00,1.0612199999999998,trail_sl,18.000000000003148,1.800000000000315
2024-11-13 16:30:00,2024-11-13 16:30:00,sell,0.6286649124252053,0.01,1.06143,1.05862,1.0584300000000002,10.0,30.0,1,1,38.10000000000091,2024-11-13 16:45:00,1.05862,trail_sl,26.30000000000201,2.630000000000201
2024-11-22 10:00:00,2024-11-22 10:00:00,sell,0.6266506623322535,0.01,1.0494700000000001,1.0476299999999998,1.0464700000000002,10.0,30.0,1,1,28.400000000001757,2024-11-22 10:15:00,1.0476299999999998,trail_sl,16.600000000002858,1.660000000000286
2024-11-25 00:15:00,2024-11-25 00:15:00,sell,0.7166182926199545,0.01,1.0465200000000001,1.04752,1.0435200000000002,10.0,30.0,2,1,0.0,2024-11-25 00:30:00,1.04752,trail_sl,-11.7999999999989,-1.17999999999989
2024-11-25 00:30:00,2024-11-25 00:30:00,sell,0.7654864342641556,0.01,1.04786,1.04886,1.0448600000000001,10.0,30.0,2,2,14.799999999999258,2024-11-25 01:00:00,1.04837,bar_end,-6.900000000000104,-0.6900000000000104
2024-11-27 13:30:00,2024-11-27 13:30:00,buy,0.6119396218063106,0.01,1.05246,1.05146,1.0554599999999998,10.0,30.0,1,1,3.1000000000003247,2024-11-27 13:45:00,1.05262,bar_end,-0.20000000000062035,-0.020000000000062034
2024-12-05 17:30:00,2024-12-05 17:30:00,buy,0.617772523929903,0.01,1.05534,1.0566300000000002,1.0583399999999998,10.0,30.0,1,1,22.900000000001253,2024-12-05 17:45:00,1.0566300000000002,trail_sl,11.100000000002353,1.1100000000002355
2024-12-06 15:00:00,2024-12-06 15:00:00,buy,0.6087072438592326,0.01,1.05842,1.05742,1.0614199999999998,10.0,30.0,1,1,5.60000000000116,2024-12-06 15:15:00,1.05846,bar_end,-1.3999999999996,-0.13999999999996
2024-12-12 16:00:00,2024-12-12 16:00:00,buy,0.8302836618157046,0.01,1.04789,1.0484200000000001,1.0508899999999999,10.0,30.0,4,1,15.300000000000313,2024-12-12 16:15:00,1.0484200000000001,trail_sl,3.500000000001415,0.3500000000001415
2024-12-12 16:15:00,2024-12-12 16:15:00,buy,0.7970649690964821,0.01,1.04826,1.0496500000000002,1.0512599999999999,10.0,30.0,2,1,23.900000000001143,2024-12-12 16:30:00,1.0496500000000002,trail_sl,12.100000000002243,1.2100000000002242
2024-12-12 17:00:00,2024-12-12 17:00:00,sell,0.7248663329715777,0.01,1.0501800000000001,1.04934,1.0471800000000002,10.0,30.0,2,1,18.400000000000638,2024-12-12 17:15:00,1.04934,trail_sl,6.60000000000174,0.660000000000174
2024-12-30 11:00:00,2024-12-30 11:00:00,buy,0.6715571114888821,0.01,1.04158,1.04058,1.0445799999999998,10.0,30.0,1,1,2.6999999999999247,2024-12-30 11:15:00,1.04182,bar_end,0.6000000000001797,0.060000000000017976
2024-12-30 15:00:00,2024-12-30 15:00:00,sell,0.8738017517463623,0.01,1.04386,1.0395299999999998,1.0408600000000001,10.0,30.0,4,3,53.300000000000566,2024-12-30 15:45:00,1.0395299999999998,trail_sl,41.50000000000167,4.150000000000167
2025-01-10 15:00:00,2025-01-10 15:00:00,sell,0.8955382638772285,0.01,1.0305,1.0223399999999998,1.0275,10.0,30.0,4,2,91.60000000000056,2025-01-10 15:30:00,1.0223399999999998,trail_sl,79.80000000000167,7.980000000000167
2025-01-10 16:30:00,2025-01-10 16:30:00,sell,0.6449129913291141,0.01,1.0271000000000001,1.02575,1.0241000000000002,10.0,30.0,1,1,23.500000000000743,2025-01-10 16:45:00,1.02575,trail_sl,11.700000000001843,1.1700000000001844
2025-01-14 16:00:00,2025-01-14 16:00:00,buy,0.6121383912967603,0.01,1.02526,1.0258800000000001,1.02826,10.0,30.0,1,1,16.199999999999548,2025-01-14 16:15:00,1.0258800000000001,trail_sl,4.40000000000065,0.44000000000006495
2025-01-15 15:00:00,2025-01-15 15:00:00,buy,0.7801557622895116,0.01,1.0298399999999999,1.03444,1.0328399999999998,10.0,30.0,2,2,56.00000000000049,2025-01-15 15:30:00,1.03444,trail_sl,44.200000000001594,4.420000000000159
2025-01-15 17:15:00,2025-01-15 17:15:00,sell,0.6385182726770114,0.01,1.0325,1.0334999999999999,1.0295,10.0,30.0,1,1,11.200000000000099,2025-01-15 17:30:00,1.03148,bar_end,8.400000000000208,0.8400000000000207
2025-01-17 17:00:00,2025-01-17 17:00:00,sell,0.6608270962722658,0.01,1.03226,1.0332599999999998,1.02926,10.0,30.0,1,1,13.999999999998458,2025-01-17 17:15:00,1.03145,bar_end,6.299999999999774,0.6299999999999775
2025-01-17 17:15:00,2025-01-17 17:15:00,sell,0.6598677180993895,0.01,1.03132,1.03232,1.0283200000000001,10.0,30.0,1,1,13.600000000000279,2025-01-17 17:30:00,1.03063,bar_end,5.100000000000795,0.5100000000000795
2025-01-17 18:30:00,2025-01-17 18:30:00,sell,0.6210595607055941,0.01,1.02973,1.02918,1.0267300000000001,10.0,30.0,1,1,15.499999999999403,2025-01-17 18:45:00,1.02918,trail_sl,3.7000000000005047,0.37000000000005046
2025-01-24 10:15:00,2025-01-24 10:15:00,sell,0.6167764376684696,0.01,1.04772,1.0487199999999999,1.04472,10.0,30.0,1,1,0.0,2025-01-24 10:30:00,1.0487199999999999,trail_sl,-11.7999999999989,-1.17999999999989
2025-01-30 15:00:00,2025-01-30 15:00:00,buy,0.8707066193889057,0.01,1.04071,1.04498,1.04371,10.0,30.0,4,3,52.69999999999886,2025-01-30 15:45:00,1.04498,trail_sl,40.89999999999996,4.089999999999996
2025-01-30 16:00:00,2025-01-30 16:00:00,sell,0.7285846494964211,0.01,1.04372,1.0447199999999999,1.04072,10.0,30.0,2,2,14.099999999999113,2025-01-30 16:30:00,1.04266,bar_end,8.800000000000608,0.8800000000000608
2025-01-31 17:00:00,2025-01-31 17:00:00,buy,0.6399108928831164,0.01,1.0372,1.0362,1.0401999999999998,10.0,30.0,1,1,3.5000000000007248,2025-01-31 17:15:00,1.03753,bar_end,1.500000000001635,0.1500000000001635
2025-01-31 17:15:00,2025-01-31 17:15:00,buy,0.6461262237800411,0.01,1.03766,1.0366600000000001,1.04066,10.0,30.0,1,1,7.200000000000539,2025-01-31 17:30:00,1.03785,bar_end,0.09999999999912457,0.009999999999912457
2025-01-31 17:30:00,2025-01-31 17:30:00,buy,0.6239060914396293,0.01,1.03798,1.0390700000000002,1.0409799999999998,10.0,30.0,1,1,20.900000000001473,2025-01-31 17:45:00,1.0390700000000002,trail_sl,9.100000000002574,0.9100000000002574
2025-01-31 20:00:00,2025-01-31 20:00:00,sell,0.7781718812517385,0.01,1.04184,1.0383699999999998,1.0388400000000002,10.0,30.0,2,1,44.70000000000196,2025-01-31 20:15:00,1.0383699999999998,trail_sl,32.90000000000306,3.290000000000306
2025-02-03 17:00:00,2025-02-03 17:00:00,buy,0.830051749209329,0.01,1.0256399999999999,1.0311000000000001,1.0286399999999998,10.0,30.0,4,1,64.60000000000132,2025-02-03 17:15:00,1.0311000000000001,trail_sl,52.80000000000243,5.280000000000244
2025-02-03 18:30:00,2025-02-03 18:30:00,sell,0.6577674314480229,0.01,1.03021,1.0282799999999999,1.0272100000000002,10.0,30.0,1,1,29.300000000000992,2025-02-03 18:45:00,1.0282799999999999,trail_sl,17.500000000002093,1.7500000000002092
2025-02-07 17:30:00,2025-02-07 17:30:00,sell,0.6222584861331838,0.01,1.03763,1.0337399999999999,1.0346300000000002,10.0,30.0,1,1,48.90000000000061,2025-02-07 17:45:00,1.0337399999999999,trail_sl,37.100000000001714,3.710000000000172
2025-02-12 15:00:00,2025-02-12 15:00:00,sell,0.8325118016174741,0.01,1.03685,1.0327,1.0338500000000002,10.0,30.0,4,2,51.49999999999988,2025-02-12 15:30:00,1.0327,trail_sl,39.70000000000098,3.9700000000000983
2025-02-12 17:00:00,2025-02-12 17:00:00,buy,0.778294248583368,0.01,1.03419,1.0364000000000002,1.0371899999999998,10.0,30.0,2,1,32.10000000000157,2025-02-12 17:15:00,1.0364000000000002,trail_sl,20.300000000002672,2.030000000000267
2025-02-12 18:00:00,2025-02-12 18:00:00,buy,0.7146227113678958,0.01,1.0359,1.0349000000000002,1.0389,10.0,30.0,2,2,11.600000000000499,2025-02-12 18:30:00,1.03692,bar_end,8.400000000000208,0.8400000000000207
2025-02-12 18:30:00,2025-02-12 18:30:00,buy,0.712529676175423,0.01,1.03705,1.0385700000000002,1.04005,10.0,30.0,2,1,25.200000000000777,2025-02-12 18:45:00,1.0385700000000002,trail_sl,13.400000000001878,1.340000000000188
2025-02-26 19:15:00,2025-02-26 19:15:00,sell,0.626736174350925,0.01,1.0522,1.04998,1.0492000000000001,10.0,30.0,1,1,32.2,2025-02-26 19:30:00,1.04998,trail_sl,20.400000000001107,2.040000000000111
2025-02-27 15:00:00,2025-02-27 15:00:00,sell,0.7605136369094165,0.01,1.04749,1.0468199999999999,1.0444900000000001,10.0,30.0,2,2,16.700000000000603,2025-02-27 15:30:00,1.0468199999999999,trail_sl,4.900000000001705,0.49000000000017047
2025-02-27 15:30:00,2025-02-27 15:30:00,sell,0.7203545285911037,0.01,1.04582,1.04297,1.04282,10.0,30.0,2,1,38.49999999999909,2025-02-27 15:45:00,1.04297,trail_sl,26.70000000000019,2.6700000000000195
2025-03-05 16:45:00,2025-03-05 16:45:00,sell,0.6226372931852749,0.01,1.07673,1.0752199999999998,1.07373,10.0,30.0,1,1,25.100000000000122,2025-03-05 17:00:00,1.0752199999999998,trail_sl,13.300000000001223,1.3300000000001222
2025-03-05 17:00:00,2025-03-05 17:00:00,sell,0.6373280895304402,0.01,1.07415,1.0751499999999998,1.07115,10.0,30.0,1,1,0.2999999999997449,2025-03-05 17:15:00,1.0751499999999998,trail_sl,-11.7999999999989,-1.17999999999989
2025-03-06 15:00:00,2025-03-06 15:00:00,buy,0.7121339381097843,0.01,1.07931,1.0835100000000002,1.0823099999999999,10.0,30.0,2,1,52.00000000000093,2025-03-06 15:15:00,1.0835100000000002,trail_sl,40.200000000002035,4.020000000000204
2025-03-10 12:00:00,2025-03-10 12:00:00,buy,0.6681729805612013,0.01,1.0817999999999999,1.08365,1.0847999999999998,10.0,30.0,1,1,28.500000000000192,2025-03-10 12:15:00,1.08365,trail_sl,16.700000000001292,1.6700000000001294
2025-03-12 17:00:00,2025-03-12 17:00:00,buy,0.7570391980591664,0.01,1.08869,1.08929,1.0916899999999998,10.0,30.0,2,2,16.00000000000046,2025-03-12 17:30:00,1.08929,trail_sl,4.20000000000156,0.42000000000015597
2025-03-12 19:00:00,2025-03-12 19:00:00,sell,0.6171454376128754,0.01,1.0924500000000001,1.09345,1.0894500000000003,10.0,30.0,1,1,10.500000000002174,2025-03-12 19:15:00,1.09155,bar_end,7.200000000001229,0.720000000000123
2025-03-14 16:00:00,2025-03-14 16:00:00,sell,0.6640210244580024,0.01,1.0893,1.0902999999999998,1.0863,10.0,30.0,1,1,3.5999999999991594,2025-03-14 16:15:00,1.08934,bar_end,-2.2000000000004,-0.22000000000004
2025-03-24 16:00:00,2025-03-24 16:00:00,sell,0.7068242359169585,0.01,1.08209,1.0830899999999999,1.07909,10.0,30.0,2,2,3.4000000000000696,2025-03-24 16:30:00,1.08228,bar_end,-3.6999999999991244,-0.36999999999991245
2025-03-24 16:30:00,2025-03-24 16:30:00,sell,0.7199618948166397,0.01,1.08215,1.08026,1.07915,10.0,30.0,2,1,28.89999999999837,2025-03-24 16:45:00,1.08026,trail_sl,17.099999999999472,1.7099999999999471
2025-04-02 23:30:00,2025-04-02 23:30:00,buy,0.7003288661724365,0.01,1.08194,1.08519,1.0849399999999998,10.0,30.0,2,1,42.50000000000087,2025-04-02 23:45:00,1.08519,trail_sl,30.700000000001967,3.0700000000001966
2025-04-04 09:00:00,2025-04-04 09:00:00,sell,0.6799065268310636,0.01,1.10732,1.10832,1.1043200000000002,10.0,30.0,1,1,9.700000000001374,2025-04-04 09:15:00,1.10648,bar_end,6.60000000000174,0.660000000000174
2025-04-04 10:00:00,2025-04-04 10:00:00,sell,0.9113237813403609,0.01,1.10628,1.10265,1.10328,10.0,30.0,4,2,46.299999999999116,2025-04-04 10:30:00,1.10265,trail_sl,34.50000000000022,3.4500000000000224
2025-04-04 10:30:00,2025-04-04 10:30:00,sell,0.6025439117943471,0.01,1.10209,1.1009799999999998,1.0990900000000001,10.0,30.0,1,1,21.100000000000563,2025-04-04 10:45:00,1.1009799999999998,trail_sl,9.300000000001663,0.9300000000001662
2025-04-04 15:00:00,2025-04-04 15:00:00,sell,0.7425604318928617,0.01,1.10428,1.1052799999999998,1.10128,10.0,30.0,2,1,0.0,2025-04-04 15:15:00,1.1052799999999998,trail_sl,-11.7999999999989,-1.17999999999989
2025-04-04 15:15:00,2025-04-04 15:15:00,sell,0.8591721790340497,0.01,1.10772,1.1038199999999998,1.1047200000000001,10.0,30.0,4,1,49.000000000001265,2025-04-04 15:30:00,1.1038199999999998,trail_sl,37.20000000000237,3.720000000000237
2025-04-04 15:30:00,2025-04-04 15:30:00,sell,0.7294772788747076,0.01,1.1027,1.1017599999999999,1.0997000000000001,10.0,30.0,2,1,19.400000000000528,2025-04-04 15:45:00,1.1017599999999999,trail_sl,7.6000000000016295,0.760000000000163
2025-04-04 16:00:00,2025-04-04 16:00:00,sell,0.7986089231069436,0.01,1.10345,1.10445,1.1004500000000002,10.0,30.0,2,1,14.400000000001079,2025-04-04 16:15:00,1.10445,trail_sl,-11.7999999999989,-1.17999999999989
2025-04-04 16:15:00,2025-04-04 16:15:00,sell,0.7265385883041522,0.01,1.10276,1.1037599999999999,1.09976,10.0,30.0,2,1,8.399999999999519,2025-04-04 16:30:00,1.1037599999999999,trail_sl,-11.7999999999989,-1.17999999999989
2025-04-04 16:30:00,2025-04-04 16:30:00,sell,0.7100546611763436,0.01,1.1024,1.10151,1.0994000000000002,10.0,30.0,2,1,18.899999999999473,2025-04-04 16:45:00,1.10151,trail_sl,7.100000000000574,0.7100000000000575
2025-04-04 17:00:00,2025-04-04 17:00:00,sell,0.7293647959168245,0.01,1.10054,1.0996299999999999,1.0975400000000002,10.0,30.0,2,1,19.100000000000783,2025-04-04 17:15:00,1.0996299999999999,trail_sl,7.3000000000018845,0.7300000000001885
2025-04-07 13:15:00,2025-04-07 13:15:00,sell,0.7044600419019655,0.01,1.0984,1.0967799999999999,1.0954000000000002,10.0,30.0,2,2,26.200000000000667,2025-04-07 13:45:00,1.0967799999999999,trail_sl,14.400000000001768,1.440000000000177
2025-04-07 14:15:00,2025-04-07 14:15:00,buy,0.6994728344826816,0.01,1.09456,1.09356,1.0975599999999999,10.0,30.0,1,1,7.399999999999629,2025-04-07 14:30:00,1.09462,bar_end,-1.2000000000005102,-0.12000000000005102
2025-04-07 14:30:00,2025-04-07 14:30:00,buy,0.6506641949972146,0.01,1.09475,1.0959400000000001,1.0977499999999998,10.0,30.0,1,1,21.900000000001363,2025-04-07 14:45:00,1.0959400000000001,trail_sl,10.100000000002463,1.0100000000002465
2025-04-07 15:15:00,2025-04-07 15:15:00,buy,0.6136070858145642,0.01,1.09449,1.0968300000000002,1.0974899999999999,10.0,30.0,1,1,33.40000000000121,2025-04-07 15:30:00,1.0968300000000002,trail_sl,21.600000000002307,2.1600000000002306
2025-04-07 16:00:00,2025-04-07 16:00:00,sell,0.7753863366199204,0.01,1.09702,1.09618,1.0940200000000002,10.0,30.0,2,2,18.400000000000638,2025-04-07 16:30:00,1.09618,trail_sl,6.60000000000174,0.660000000000174
2025-04-07 17:00:00,2025-04-07 17:00:00,sell,0.7300660830252005,0.01,1.09626,1.0946399999999998,1.0932600000000001,10.0,30.0,2,1,26.200000000000667,2025-04-07 17:15:00,1.0946399999999998,trail_sl,14.400000000001768,1.440000000000177
2025-04-07 17:15:00,2025-04-07 17:15:00,sell,0.755818369388264,0.01,1.0948900000000001,1.0926699999999998,1.0918900000000002,10.0,30.0,2,2,32.20000000000223,2025-04-07 17:45:00,1.0926699999999998,trail_sl,20.400000000003327,2.0400000000003327
2025-04-08 10:00:00,2025-04-08 10:00:00,sell,0.9394673915055007,0.01,1.09759,1.09649,1.0945900000000002,10.0,30.0,4,1,20.999999999999908,2025-04-08 10:15:00,1.09649,trail_sl,9.200000000001008,0.920000000000101
2025-04-08 10:15:00,2025-04-08 10:15:00,sell,0.6941742069331762,0.01,1.09575,1.09675,1.09275,10.0,30.0,1,1,11.000000000001009,2025-04-08 10:30:00,1.09675,trail_sl,-11.7999999999989,-1.17999999999989
2025-04-08 10:30:00,2025-04-08 10:30:00,sell,0.6831050211190718,0.01,1.09462,1.0931499999999998,1.09162,10.0,30.0,1,1,24.699999999999722,2025-04-08 10:45:00,1.0931499999999998,trail_sl,12.900000000000823,1.2900000000000824
2025-04-09 10:00:00,2025-04-09 10:00:00,sell,0.7195270138265941,0.01,1.10574,1.1067399999999998,1.10274,10.0,30.0,2,1,4.999999999999449,2025-04-09 10:15:00,1.1067399999999998,trail_sl,-11.7999999999989,-1.17999999999989
2025-04-09 10:15:00,2025-04-09 10:15:00,sell,0.6185951019651446,0.01,1.10542,1.1049,1.1024200000000002,10.0,30.0,1,1,15.199999999999658,2025-04-09 10:30:00,1.1049,trail_sl,3.4000000000007597,0.34000000000007596
2025-04-09 11:00:00,2025-04-09 11:00:00,buy,0.6131823844682328,0.01,1.10159,1.1005900000000002,1.10459,10.0,30.0,1,1,9.299999999998754,2025-04-09 11:15:00,1.10211,bar_end,3.3999999999985393,0.3399999999998539
2025-04-09 20:00:00,2025-04-09 20:00:00,sell,0.7398022982494753,0.01,1.10232,1.0955899999999998,1.09932,10.0,30.0,2,1,77.30000000000014,2025-04-09 20:15:00,1.0955899999999998,trail_sl,65.50000000000125,6.550000000000125
2025-04-09 20:30:00,2025-04-09 20:30:00,sell,0.6903465435346567,0.01,1.10023,1.0981599999999998,1.0972300000000001,10.0,30.0,1,1,30.700000000001282,2025-04-09 20:45:00,1.0981599999999998,trail_sl,18.900000000002382,1.8900000000002382
2025-04-10 10:00:00,2025-04-10 10:00:00,buy,0.8012096311778417,0.01,1.09815,1.09868,1.1011499999999999,10.0,30.0,4,1,15.300000000000313,2025-04-10 10:15:00,1.09868,trail_sl,3.500000000001415,0.3500000000001415
2025-04-10 10:15:00,2025-04-10 10:15:00,buy,0.7609911192221163,0.01,1.09845,1.1007500000000001,1.1014499999999998,10.0,30.0,2,1,33.0000000000008,2025-04-10 10:30:00,1.1007500000000001,trail_sl,21.200000000001907,2.1200000000001906
2025-04-14 00:15:00,2025-04-14 00:15:00,buy,0.6791087421548212,0.01,1.13191,1.13091,1.1349099999999999,10.0,30.0,1,1,0.8000000000008001,2025-04-14 00:30:00,1.13187,bar_end,-2.2000000000004,-0.22000000000004
2025-04-14 00:30:00,2025-04-14 00:30:00,buy,0.6724771955630089,0.01,1.132,1.131,1.1349999999999998,10.0,30.0,1,1,0.20000000000131024,2025-04-14 00:45:00,1.13177,bar_end,-4.0999999999995245,-0.40999999999995246
2025-04-14 00:45:00,2025-04-14 00:45:00,buy,0.662271296632442,0.01,1.1319,1.1309,1.1348999999999998,10.0,30.0,1,1,13.300000000000534,2025-04-14 01:00:00,1.13255,bar_end,4.7000000000003945,0.47000000000003944
2025-04-14 15:00:00,2025-04-14 15:00:00,sell,0.6351136862750362,0.01,1.13691,1.1363699999999999,1.1339100000000002,10.0,30.0,1,1,15.400000000000968,2025-04-14 15:15:00,1.1363699999999999,trail_sl,3.60000000000207,0.360000000000207
2025-04-14 15:30:00,2025-04-14 15:30:00,sell,0.6676001308121885,0.01,1.13654,1.13445,1.1335400000000002,10.0,30.0,1,1,30.90000000000037,2025-04-14 15:45:00,1.13445,trail_sl,19.100000000001472,1.9100000000001474
2025-04-14 17:00:00,2025-04-14 17:00:00,buy,0.6271916781214575,0.01,1.13397,1.13297,1.1369699999999998,10.0,30.0,1,1,10.000000000001119,2025-04-14 17:15:00,1.13488,bar_end,7.3000000000018845,0.7300000000001885
2025-04-14 19:00:00,2025-04-14 19:00:00,sell,0.6231069052543821,0.01,1.13656,1.13536,1.1335600000000001,10.0,30.0,1,1,21.999999999999797,2025-04-14 19:15:00,1.13536,trail_sl,10.200000000000898,1.0200000000000897
2025-04-15 15:15:00,2025-04-15 15:15:00,sell,0.6630076751891278,0.01,1.13338,1.13438,1.1303800000000002,10.0,30.0,1,1,12.600000000000389,2025-04-15 15:30:00,1.1324,bar_end,7.999999999999809,0.799999999999981
2025-04-15 18:00:00,2025-04-15 18:00:00,sell,0.732557539196978,0.01,1.1315300000000001,1.13038,1.1285300000000003,10.0,30.0,2,2,21.500000000000963,2025-04-15 18:30:00,1.13038,trail_sl,9.700000000002063,0.9700000000002064
2025-04-17 17:15:00,2025-04-17 17:15:00,sell,0.604346312434498,0.01,1.1376600000000001,1.13866,1.1346600000000002,10.0,30.0,1,1,9.100000000001884,2025-04-17 17:30:00,1.13742,bar_end,0.6000000000001797,0.060000000000017976
2025-04-17 17:30:00,2025-04-17 17:30:00,sell,0.7415076959136331,0.01,1.1372900000000001,1.1348799999999999,1.1342900000000002,10.0,30.0,2,1,34.10000000000135,2025-04-17 17:45:00,1.1348799999999999,trail_sl,22.300000000002452,2.230000000000245
2025-04-21 18:00:00,2025-04-21 18:00:00,buy,0.627232797863555,0.01,1.14834,1.14891,1.1513399999999998,10.0,30.0,1,1,15.700000000000713,2025-04-21 18:15:00,1.14891,trail_sl,3.900000000001815,0.3900000000001815
2025-04-22 09:00:00,2025-04-22 09:00:00,sell,0.8413328118966077,0.01,1.15318,1.15166,1.1501800000000002,10.0,30.0,4,2,25.200000000000777,2025-04-22 09:30:00,1.15166,trail_sl,13.400000000001878,1.340000000000188
2025-04-23 12:15:00,2025-04-23 12:15:00,sell,0.6067638020140846,0.01,1.14286,1.1438599999999999,1.13986,10.0,30.0,1,1,0.0,2025-04-23 12:30:00,1.1438599999999999,trail_sl,-11.7999999999989,-1.17999999999989
2025-04-23 16:00:00,2025-04-23 16:00:00,sell,0.7224571380806787,0.01,1.14033,1.1389399999999998,1.1373300000000002,10.0,30.0,2,2,23.900000000001143,2025-04-23 16:30:00,1.1389399999999998,trail_sl,12.100000000002243,1.2100000000002242
2025-04-23 16:30:00,2025-04-23 16:30:00,sell,0.7899744902921263,0.01,1.1394600000000001,1.1342999999999999,1.1364600000000002,10.0,30.0,2,1,61.60000000000165,2025-04-23 16:45:00,1.1342999999999999,trail_sl,49.800000000002754,4.980000000000275
2025-04-23 18:15:00,2025-04-23 18:15:00,sell,0.7418147543938031,0.01,1.1378300000000001,1.1356899999999999,1.1348300000000002,10.0,30.0,2,2,31.400000000001427,2025-04-23 18:45:00,1.1356899999999999,trail_sl,19.600000000002527,1.9600000000002527
2025-04-24 10:00:00,2025-04-24 10:00:00,buy,0.6037790432967726,0.01,1.13661,1.13561,1.1396099999999998,10.0,30.0,1,1,8.60000000000083,2025-04-24 10:15:00,1.13732,bar_end,5.300000000002105,0.5300000000002105
2025-04-29 15:00:00,2025-04-29 15:00:00,buy,0.6656091899633494,0.01,1.1375199999999999,1.13652,1.1405199999999998,10.0,30.0,1,1,13.300000000000534,2025-04-29 15:15:00,1.13865,bar_end,9.500000000000753,0.9500000000000753
2025-04-29 15:15:00,2025-04-29 15:15:00,buy,0.6255847712704942,0.01,1.13878,1.1394700000000002,1.1417799999999998,10.0,30.0,1,1,16.900000000001913,2025-04-29 15:30:00,1.1394700000000002,trail_sl,5.100000000003015,0.5100000000003015
2025-05-02 16:00:00,2025-05-02 16:00:00,buy,0.8213637337090641,0.01,1.13214,1.1347600000000002,1.1351399999999998,10.0,30.0,4,1,36.200000000001786,2025-05-02 16:15:00,1.1347600000000002,trail_sl,24.400000000002887,2.4400000000002886
2025-05-02 18:00:00,2025-05-02 18:00:00,sell,0.7702988620074881,0.01,1.13585,1.1344299999999998,1.1328500000000001,10.0,30.0,2,1,24.200000000000887,2025-05-02 18:15:00,1.1344299999999998,trail_sl,12.400000000001988,1.240000000000199
2025-05-08 17:00:00,2025-05-08 17:00:00,sell,0.7461870241913582,0.01,1.13089,1.1301999999999999,1.12789,10.0,30.0,2,1,16.899999999999693,2025-05-08 17:15:00,1.1301999999999999,trail_sl,5.100000000000795,0.5100000000000795
2025-05-08 17:30:00,2025-05-08 17:30:00,sell,0.6359595344887014,0.01,1.12981,1.12859,1.12681,10.0,30.0,1,1,22.199999999998887,2025-05-08 17:45:00,1.12859,trail_sl,10.399999999999988,1.039999999999999
2025-05-08 18:00:00,2025-05-08 18:00:00,sell,0.6342994650191456,0.01,1.1286,1.1279899999999998,1.1256000000000002,10.0,30.0,1,1,16.100000000001113,2025-05-08 18:15:00,1.1279899999999998,trail_sl,4.300000000002215,0.4300000000002215
2025-05-15 15:00:00,2025-05-15 15:00:00,buy,0.6507755497869259,0.01,1.11902,1.11802,1.1220199999999998,10.0,30.0,1,1,5.40000000000207,2025-05-15 15:15:00,1.11934,bar_end,1.4000000000009798,0.140000000000098
2025-05-16 17:00:00,2025-05-16 17:00:00,sell,0.6095535439506198,0.01,1.11856,1.1195599999999999,1.11556,10.0,30.0,1,1,5.399999999999849,2025-05-16 17:15:00,1.11816,bar_end,2.1999999999995596,0.21999999999995595
2025-05-22 11:00:00,2025-05-22 11:00:00,sell,0.7544686938262583,0.01,1.13313,1.13188,1.13013,10.0,30.0,2,2,22.499999999998632,2025-05-22 11:30:00,1.13188,trail_sl,10.699999999999733,1.0699999999999734
2025-05-23 15:00:00,2025-05-23 15:00:00,buy,0.7365851757103785,0.01,1.13102,1.13175,1.1340199999999998,10.0,30.0,2,1,17.300000000000093,2025-05-23 15:15:00,1.13175,trail_sl,5.500000000001195,0.5500000000001195
2025-05-27 09:00:00,2025-05-27 09:00:00,sell,0.7239134974549452,0.01,1.1386800000000001,1.13968,1.1356800000000002,10.0,30.0,2,2,5.40000000000207,2025-05-27 09:30:00,1.13828,bar_end,2.20000000000178,0.220000000000178
2025-05-27 09:30:00,2025-05-27 09:30:00,sell,0.6224419323683157,0.01,1.13815,1.13743,1.13515,10.0,30.0,1,1,17.199999999999438,2025-05-27 09:45:00,1.13743,trail_sl,5.4000000000005395,0.540000000000054
2025-05-29 15:00:00,2025-05-29 15:00:00,buy,0.7954149069143092,0.01,1.12899,1.1316400000000002,1.1319899999999998,10.0,30.0,2,2,36.50000000000153,2025-05-29 15:30:00,1.1316400000000002,trail_sl,24.700000000002632,2.470000000000263
2025-05-30 16:00:00,2025-05-30 16:00:00,sell,0.6914679211350352,0.01,1.1341700000000001,1.13366,1.1311700000000002,10.0,30.0,1,1,15.100000000001224,2025-05-30 16:15:00,1.13366,trail_sl,3.300000000002325,0.3300000000002325
2025-06-16 00:00:00,2025-06-16 00:00:00,buy,0.7353981038421892,0.01,1.1531099999999999,1.15211,1.1561099999999997,10.0,30.0,2,2,0.5000000000010552,2025-06-16 00:30:00,1.15314,bar_end,-1.4999999999980347,-0.14999999999980346
2025-06-16 00:30:00,2025-06-16 00:30:00,buy,0.7428591304582752,0.01,1.15327,1.1522700000000001,1.15627,10.0,30.0,2,2,2.2999999999995246,2025-06-16 01:00:00,1.15258,bar_end,-8.700000000000795,-0.8700000000000796
2025-06-17 17:00:00,2025-06-17 17:00:00,sell,0.6350778085657384,0.01,1.15513,1.1545299999999998,1.15213,10.0,30.0,1,1,16.00000000000046,2025-06-17 17:15:00,1.1545299999999998,trail_sl,4.20000000000156,0.42000000000015597
2025-06-18 21:00:00,2025-06-18 21:00:00,sell,0.7242310086234952,0.01,1.15145,1.15065,1.1484500000000002,10.0,30.0,2,2,18.000000000000238,2025-06-18 21:30:00,1.15065,trail_sl,6.2000000000013396,0.620000000000134
2025-06-23 16:00:00,2025-06-23 16:00:00,buy,0.6159364820936777,0.01,1.1469099999999999,1.14591,1.1499099999999998,10.0,30.0,1,1,2.60000000000149,2025-06-23 16:15:00,1.14696,bar_end,-1.2999999999989449,-0.12999999999989448
2025-06-23 16:15:00,2025-06-23 16:15:00,buy,0.6150611072096197,0.01,1.14709,1.1480000000000001,1.1500899999999998,10.0,30.0,1,1,19.100000000000783,2025-06-23 16:30:00,1.1480000000000001,trail_sl,7.3000000000018845,0.7300000000001885
2025-06-27 09:00:00,2025-06-27 09:00:00,buy,0.6491579238289642,0.01,1.16903,1.1680300000000001,1.17203,10.0,30.0,1,1,12.000000000000899,2025-06-27 09:15:00,1.17008,bar_end,8.699999999999953,0.8699999999999953
2025-06-27 15:00:00,2025-06-27 15:00:00,buy,0.6047888241343918,0.01,1.17159,1.17059,1.1745899999999998,10.0,30.0,1,1,7.099999999999884,2025-06-27 15:15:00,1.17198,bar_end,2.100000000001125,0.21000000000011249
2025-07-03 15:00:00,2025-07-03 15:00:00,sell,0.6511963173328738,0.01,1.17818,1.17918,1.1751800000000001,10.0,30.0,1,1,0.0,2025-07-03 15:15:00,1.17859,bar_end,-5.900000000000214,-0.5900000000000215
2025-07-03 15:15:00,2025-07-03 15:15:00,sell,0.61771927023336,0.01,1.17846,1.17272,1.1754600000000002,10.0,30.0,1,1,67.39999999999968,2025-07-03 15:30:00,1.17272,trail_sl,55.60000000000078,5.560000000000079
2025-07-15 16:00:00,2025-07-15 16:00:00,sell,0.6246643076254912,0.01,1.16695,1.1679499999999998,1.16395,10.0,30.0,1,1,7.999999999999119,2025-07-15 16:15:00,1.16674,bar_end,0.29999999999821436,0.029999999999821437
2025-07-16 18:30:00,2025-07-16 18:30:00,sell,0.7336009683609498,0.01,1.16883,1.16214,1.1658300000000001,10.0,30.0,2,1,76.89999999999974,2025-07-16 18:45:00,1.16214,trail_sl,65.10000000000085,6.510000000000084
2025-08-01 15:00:00,2025-08-01 15:00:00,buy,0.8942443067152811,0.01,1.14068,1.13968,1.1436799999999998,10.0,30.0,4,1,0.0,2025-08-01 15:15:00,1.13968,trail_sl,-11.7999999999989,-1.17999999999989
2025-08-01 15:15:00,2025-08-01 15:15:00,buy,0.9224536477643422,0.01,1.14004,1.1522999999999999,1.1430399999999998,10.0,30.0,4,1,132.60000000000048,2025-08-01 15:30:00,1.1522999999999999,trail_sl,120.79999999999937,12.079999999999936
2025-08-05 17:00:00,2025-08-05 17:00:00,buy,0.6890314871910493,0.01,1.1542,1.1532,1.1571999999999998,10.0,30.0,1,1,4.100000000000215,2025-08-05 17:15:00,1.15439,bar_end,0.10000000000134501,0.010000000000134502
2025-08-05 17:15:00,2025-08-05 17:15:00,buy,0.6123380886778302,0.01,1.15452,1.15352,1.1575199999999999,10.0,30.0,1,1,13.799999999999368,2025-08-05 17:30:00,1.15583,bar_end,11.299999999999223,1.1299999999999224
2025-08-12 15:00:00,2025-08-12 15:00:00,buy,0.7826233333424926,0.01,1.16078,1.1645800000000002,1.1637799999999998,10.0,30.0,2,2,48.00000000000137,2025-08-12 15:30:00,1.1645800000000002,trail_sl,36.200000000002476,3.620000000000248
2025-08-12 16:15:00,2025-08-12 16:15:00,buy,0.6964660725881057,0.01,1.16244,1.16503,1.1654399999999998,10.0,30.0,1,1,35.89999999999982,2025-08-12 16:30:00,1.16503,trail_sl,24.10000000000092,2.410000000000092
2025-08-21 10:00:00,2025-08-21 10:00:00,buy,0.676208856636638,0.01,1.16365,1.1626500000000002,1.16665,10.0,30.0,1,1,7.699999999999374,2025-08-21 10:15:00,1.16442,bar_end,5.899999999999374,0.5899999999999375
2025-09-17 21:15:00,2025-09-17 21:15:00,sell,0.685703499068807,0.01,1.18876,1.1853999999999998,1.1857600000000001,10.0,30.0,1,1,43.600000000001415,2025-09-17 21:30:00,1.1853999999999998,trail_sl,31.800000000002516,3.180000000000252
2025-09-25 15:15:00,2025-09-25 15:15:00,sell,0.683477181583986,0.01,1.17346,1.17089,1.17046,10.0,30.0,1,1,35.69999999999851,2025-09-25 15:30:00,1.17089,trail_sl,23.89999999999961,2.389999999999961
2025-10-29 21:15:00,2025-10-29 21:15:00,sell,0.6001947852370377,0.01,1.16378,1.1594099999999998,1.1607800000000001,10.0,30.0,1,1,53.70000000000097,2025-10-29 21:30:00,1.1594099999999998,trail_sl,41.90000000000207,4.190000000000207
2025-11-26 16:00:00,2025-11-26 16:00:00,buy,0.62321999602431,0.01,1.15567,1.15467,1.1586699999999999,10.0,30.0,1,1,4.100000000000215,2025-11-26 16:15:00,1.15589,bar_end,0.40000000000108993,0.040000000000109
2026-01-16 17:00:00,2026-01-16 17:00:00,sell,0.6174374413013667,0.01,1.1623700000000001,1.16119,1.1593700000000002,10.0,30.0,1,1,21.800000000000708,2026-01-16 17:15:00,1.16119,trail_sl,10.000000000001808,1.0000000000001807
2026-01-27 11:00:00,2026-01-27 11:00:00,buy,0.6728022077535412,0.01,1.18663,1.1856300000000002,1.18963,10.0,30.0,1,1,2.4999999999986144,2026-01-27 11:15:00,1.1867,bar_end,-1.099999999999855,-0.10999999999998551
2026-01-27 11:15:00,2026-01-27 11:15:00,buy,0.6859586267627388,0.01,1.18683,1.1858300000000002,1.18983,10.0,30.0,1,1,4.3999999999999595,2026-01-27 11:30:00,1.18716,bar_end,1.4999999999994145,0.14999999999994146
2026-03-03 17:15:00,2026-03-03 17:15:00,buy,0.6369721108571049,0.01,1.15537,1.1574900000000001,1.15837,10.0,30.0,1,1,31.200000000000117,2026-03-03 17:30:00,1.1574900000000001,trail_sl,19.400000000001217,1.9400000000001216
2026-03-06 15:30:00,2026-03-06 15:30:00,sell,0.6223251865183695,0.01,1.15889,1.15604,1.15589,10.0,30.0,1,1,38.49999999999909,2026-03-06 15:45:00,1.15604,trail_sl,26.70000000000019,2.6700000000000195
2026-03-09 00:15:00,2026-03-09 00:15:00,buy,0.6178473407984988,0.01,1.1553,1.1543,1.1582999999999999,10.0,30.0,1,1,0.8999999999992347,2026-03-09 00:30:00,1.15463,bar_end,-8.499999999999485,-0.8499999999999486
2026-03-09 00:45:00,2026-03-09 00:45:00,buy,0.6088474992241784,0.01,1.15473,1.1537300000000001,1.15773,10.0,30.0,1,1,4.199999999998649,2026-03-09 01:00:00,1.1537300000000001,trail_sl,-11.7999999999989,-1.17999999999989
2026-03-18 15:00:00,2026-03-18 15:00:00,sell,0.7439561071914342,0.01,1.1534200000000001,1.15234,1.1504200000000002,10.0,30.0,2,2,20.800000000000818,2026-03-18 15:30:00,1.15234,trail_sl,9.000000000001918,0.9000000000001919
2026-03-23 00:00:00,2026-03-23 00:00:00,buy,0.7915662121362452,0.01,1.15382,1.1528200000000002,1.15682,10.0,30.0,2,2,0.9999999999998899,2026-03-23 00:30:00,1.15377,bar_end,-2.300000000001055,-0.2300000000001055
2026-03-23 00:30:00,2026-03-23 00:30:00,buy,0.7546654626993725,0.01,1.1539,1.15464,1.1568999999999998,10.0,30.0,2,2,17.400000000000748,2026-03-23 01:00:00,1.15464,trail_sl,5.60000000000185,0.560000000000185
2026-04-06 10:00:00,2026-04-06 10:00:00,buy,0.6774577159606778,0.01,1.15315,1.15215,1.1561499999999998,10.0,30.0,1,1,3.1000000000003247,2026-04-06 10:15:00,1.15344,bar_end,1.1000000000012349,0.1100000000001235
2026-04-13 00:45:00,2026-04-13 00:45:00,buy,0.7590283126298943,0.01,1.16691,1.16591,1.1699099999999998,10.0,30.0,2,2,9.500000000000064,2026-04-13 01:15:00,1.16682,bar_end,-2.6999999999992346,-0.26999999999992347
