open_time,close_time,direction,lots,entry,exit,pnl,r_multiple,confidence,exit_reason,risk_frac
2015-12-31 16:00:00,2016-01-04 04:00:00,sell,0.06,1061.24,1068.75,-45.08,-1.04,high,stop_loss,0.015
2016-01-04 08:00:00,2016-01-04 12:00:00,sell,0.05,1071.17,1079.5,-41.63,-1.03,high,stop_loss,0.015
2016-01-04 16:00:00,2016-01-05 08:00:00,sell,0.05,1077.65,1080.91,-16.3,-0.35,high,trail_stop,0.015
2016-01-05 12:00:00,2016-01-06 08:00:00,sell,0.05,1079.55,1084.36,-24.08,-0.52,high,trail_stop,0.015
2016-01-06 12:00:00,2016-01-06 16:00:00,sell,0.05,1084.79,1094.58,-48.96,-1.03,high,stop_loss,0.015
2016-01-06 20:00:00,2016-01-07 12:00:00,sell,0.03,1093.45,1104.6,-33.44,-1.02,med,stop_loss,0.01
2016-01-07 16:00:00,2016-01-08 16:00:00,sell,0.02,1102.51,1104.45,-3.87,-0.16,med,trail_stop,0.01
2016-01-08 20:00:00,2016-01-13 16:00:00,sell,0.01,1102.15,1093.29,8.86,0.67,low,trail_stop,0.005
2016-01-13 20:00:00,2016-01-15 04:00:00,sell,0.01,1093.3,1084.76,8.54,0.65,low,trail_stop,0.005
2016-01-15 08:00:00,2016-01-15 12:00:00,sell,0.01,1084.08,1097.14,-13.06,-1.02,low,stop_loss,0.005
2016-01-15 16:00:00,2016-01-20 08:00:00,sell,0.01,1090.14,1096.64,-6.5,-0.47,low,trail_stop,0.005
2016-01-20 12:00:00,2016-01-20 16:00:00,sell,0.01,1094.84,1105.26,-10.42,-1.02,low,stop_loss,0.005
2016-01-20 20:00:00,2016-01-25 04:00:00,sell,0.01,1103.09,1103.79,-0.69,-0.06,low,trail_stop,0.005
2016-02-04 08:00:00,2016-02-05 12:00:00,buy,0.01,1142.03,1149.61,7.58,0.7,low,trail_stop,0.005
2016-02-05 16:00:00,2016-02-09 04:00:00,buy,0.01,1153.89,1187.86,33.97,2.68,low,trail_stop,0.005
2016-02-09 08:00:00,2016-02-10 08:00:00,buy,0.01,1186.57,1182.55,-4.03,-0.25,low,trail_stop,0.005
2016-02-10 12:00:00,2016-02-11 20:00:00,buy,0.02,1182.6,1247.54,129.89,4.2,med,trail_stop,0.01
2016-02-12 00:00:00,2016-02-15 04:00:00,buy,0.01,1240.48,1217.17,-23.31,-1.01,low,stop_loss,0.005
2016-02-15 08:00:00,2016-02-16 04:00:00,buy,0.01,1212.22,1191.05,-21.17,-1.01,med,stop_loss,0.01
2016-02-16 08:00:00,2016-02-17 00:00:00,buy,0.01,1195.75,1196.16,0.41,0.02,med,trail_stop,0.01
2016-02-17 04:00:00,2016-02-22 00:00:00,buy,0.01,1209.17,1217.46,8.29,0.37,med,trail_stop,0.01
2016-02-22 04:00:00,2016-02-24 16:00:00,buy,0.02,1216.79,1234.64,35.69,0.97,med,trail_stop,0.01
2016-02-24 20:00:00,2016-02-26 12:00:00,buy,0.01,1229.87,1220.83,-9.04,-0.41,med,trail_stop,0.01
2016-02-26 16:00:00,2016-03-02 00:00:00,buy,0.01,1217.22,1226.37,9.15,0.42,med,trail_stop,0.01
2016-03-02 04:00:00,2016-03-04 12:00:00,buy,0.02,1227.97,1255.37,54.8,1.43,high,trail_stop,0.015
2016-03-04 16:00:00,2016-03-09 12:00:00,buy,0.02,1269.1,1248.9,-40.41,-1.01,high,stop_loss,0.015
2016-03-09 16:00:00,2016-03-11 08:00:00,buy,0.02,1253.52,1264.75,22.45,0.59,high,trail_stop,0.015
2016-03-11 12:00:00,2016-03-14 12:00:00,buy,0.02,1264.44,1243.96,-40.96,-1.01,high,stop_loss,0.015
2016-03-14 16:00:00,2016-03-18 08:00:00,buy,0.02,1243.97,1251.41,14.88,0.39,high,trail_stop,0.015
2016-03-18 12:00:00,2016-03-23 00:00:00,buy,0.02,1251.12,1242.39,-17.46,-0.5,med,trail_stop,0.01
2016-03-23 04:00:00,2016-03-23 12:00:00,buy,0.03,1241.9,1226.63,-45.79,-1.02,high,stop_loss,0.015
2016-03-23 16:00:00,2016-03-30 12:00:00,buy,0.03,1223.44,1227.12,11.05,0.22,high,trail_stop,0.015
2016-03-30 16:00:00,2016-04-01 12:00:00,buy,0.02,1226.16,1224.53,-3.26,-0.1,med,trail_stop,0.01
2016-04-01 16:00:00,2016-04-06 08:00:00,buy,0.02,1214.35,1221.1,13.51,0.44,med,trail_stop,0.01
2016-04-06 12:00:00,2016-04-08 08:00:00,buy,0.02,1219.97,1229.92,19.89,0.76,med,trail_stop,0.01
2016-04-08 12:00:00,2016-04-13 04:00:00,buy,0.03,1234.65,1249.0,43.04,1.08,high,trail_stop,0.015
2016-04-13 08:00:00,2016-04-14 00:00:00,buy,0.04,1249.51,1236.78,-50.94,-1.02,high,stop_loss,0.015
2016-04-14 04:00:00,2016-04-14 12:00:00,buy,0.03,1233.03,1230.04,-8.98,-0.22,high,trail_stop,0.015
2016-04-14 16:00:00,2016-04-20 16:00:00,buy,0.02,1226.12,1242.72,33.2,1.11,med,trail_stop,0.01
2016-04-20 20:00:00,2016-04-21 16:00:00,buy,0.02,1245.16,1255.34,20.37,0.7,med,trail_stop,0.01
2016-04-21 20:00:00,2016-04-22 16:00:00,buy,0.02,1249.97,1233.1,-33.74,-1.02,med,stop_loss,0.01
2016-04-22 20:00:00,2016-05-03 12:00:00,buy,0.02,1233.77,1287.0,106.44,3.24,med,trail_stop,0.01
2016-05-03 16:00:00,2016-05-09 08:00:00,buy,0.03,1285.81,1277.96,-23.55,-0.45,high,trail_stop,0.015
2016-05-09 12:00:00,2016-05-10 12:00:00,buy,0.03,1272.92,1258.36,-43.68,-1.02,high,stop_loss,0.015
2016-05-10 16:00:00,2016-05-12 20:00:00,buy,0.03,1259.31,1266.8,22.47,0.54,high,trail_stop,0.015
2016-05-13 00:00:00,2016-05-16 16:00:00,buy,0.03,1267.0,1274.7,23.09,0.56,high,trail_stop,0.015
2016-05-16 20:00:00,2016-05-18 12:00:00,buy,0.03,1274.81,1268.41,-19.2,-0.47,high,trail_stop,0.015
2016-05-18 16:00:00,2016-05-18 16:00:00,buy,0.03,1273.44,1259.9,-40.61,-1.02,high,stop_loss,0.015
2016-05-18 20:00:00,2016-05-24 04:00:00,buy,0.03,1257.36,1242.07,-45.86,-1.02,high,stop_loss,0.015
2016-05-24 08:00:00,2016-05-24 12:00:00,buy,0.04,1242.92,1231.52,-45.62,-1.02,high,stop_loss,0.015
2016-05-24 16:00:00,2016-05-25 12:00:00,buy,0.02,1231.12,1219.16,-23.93,-1.02,med,stop_loss,0.01
2016-05-25 16:00:00,2016-05-26 12:00:00,buy,0.02,1222.1,1222.46,0.72,0.03,med,trail_stop,0.01
2016-05-26 16:00:00,2016-05-27 12:00:00,buy,0.02,1222.46,1210.31,-24.29,-1.02,med,stop_loss,0.01
2016-05-27 16:00:00,2016-05-30 00:00:00,buy,0.01,1214.56,1201.41,-13.15,-1.02,low,stop_loss,0.005
2016-05-30 04:00:00,2016-06-01 16:00:00,buy,0.01,1202.89,1207.04,4.15,0.32,low,trail_stop,0.005
2016-06-08 20:00:00,2016-06-15 08:00:00,buy,0.01,1262.36,1278.38,16.02,1.44,low,trail_stop,0.005
2016-06-15 12:00:00,2016-06-16 08:00:00,buy,0.03,1279.17,1301.94,68.3,2.03,med,trail_stop,0.01
2016-06-16 12:00:00,2016-06-16 16:00:00,buy,0.02,1304.41,1301.62,-5.59,-0.21,med,trail_stop,0.01
2016-06-16 20:00:00,2016-06-19 20:00:00,buy,0.01,1281.83,1281.83,-0.0,-0.0,low,trail_stop,0.005
2016-06-20 00:00:00,2016-06-21 08:00:00,buy,0.01,1289.46,1271.48,-17.97,-1.01,low,stop_loss,0.005
2016-06-21 12:00:00,2016-06-23 20:00:00,buy,0.02,1271.53,1253.58,-35.89,-1.02,med,stop_loss,0.01
2016-06-24 00:00:00,2016-06-24 04:00:00,buy,0.02,1267.59,1339.74,144.31,3.97,med,trail_stop,0.01
2016-06-27 16:00:00,2016-07-08 12:00:00,buy,0.01,1319.81,1345.64,25.83,0.89,low,trail_stop,0.005
2016-07-08 16:00:00,2016-07-11 08:00:00,buy,0.02,1353.1,1356.34,6.48,0.18,high,trail_stop,0.015
2016-07-11 12:00:00,2016-07-12 12:00:00,buy,0.03,1357.6,1339.52,-54.25,-1.01,high,stop_loss,0.015
2016-07-12 16:00:00,2016-07-14 08:00:00,buy,0.03,1337.54,1329.45,-24.26,-0.47,high,trail_stop,0.015
2016-07-14 12:00:00,2016-07-20 08:00:00,buy,0.03,1325.0,1321.9,-9.3,-0.19,high,trail_stop,0.015
2016-07-20 12:00:00,2016-07-25 00:00:00,buy,0.03,1318.52,1319.37,2.53,0.06,high,trail_stop,0.015
2016-07-25 04:00:00,2016-07-28 16:00:00,buy,0.03,1317.3,1332.22,44.75,1.14,high,trail_stop,0.015
2016-07-28 20:00:00,2016-08-04 00:00:00,buy,0.03,1337.29,1353.82,49.59,1.26,high,trail_stop,0.015
2016-08-04 04:00:00,2016-08-05 12:00:00,buy,0.04,1352.16,1353.58,5.67,0.13,high,trail_stop,0.015
2016-08-05 16:00:00,2016-08-11 00:00:00,buy,0.02,1339.6,1343.71,8.24,0.31,med,trail_stop,0.01
2016-08-11 04:00:00,2016-08-11 16:00:00,buy,0.04,1342.6,1341.52,-4.35,-0.09,high,trail_stop,0.015
2016-08-11 20:00:00,2016-08-12 16:00:00,buy,0.04,1338.13,1343.15,20.08,0.39,high,trail_stop,0.015
2016-08-12 20:00:00,2016-08-17 04:00:00,buy,0.02,1335.12,1342.24,14.25,0.46,med,trail_stop,0.01
2016-08-17 08:00:00,2016-08-19 08:00:00,buy,0.04,1344.76,1343.19,-6.28,-0.12,high,trail_stop,0.015
2016-08-19 12:00:00,2016-08-22 00:00:00,buy,0.04,1343.61,1331.65,-47.83,-1.02,high,stop_loss,0.015
2016-08-22 04:00:00,2016-08-24 12:00:00,buy,0.04,1333.98,1332.72,-5.06,-0.11,high,trail_stop,0.015
2016-08-24 16:00:00,2016-08-26 16:00:00,buy,0.04,1326.36,1331.22,19.43,0.46,high,trail_stop,0.015
2016-08-26 20:00:00,2016-08-30 16:00:00,buy,0.04,1321.2,1309.51,-46.77,-1.02,high,stop_loss,0.015
2016-08-30 20:00:00,2016-09-02 16:00:00,buy,0.03,1311.11,1319.73,25.86,0.85,med,trail_stop,0.01
2016-09-02 20:00:00,2016-09-08 12:00:00,buy,0.02,1326.26,1339.35,26.18,1.01,med,trail_stop,0.01
2016-09-08 16:00:00,2016-09-09 16:00:00,buy,0.03,1339.89,1329.04,-32.56,-1.02,med,stop_loss,0.01
2016-09-09 20:00:00,2016-09-13 16:00:00,buy,0.03,1328.79,1318.39,-31.21,-1.02,med,stop_loss,0.01
2016-09-13 20:00:00,2016-09-15 12:00:00,buy,0.03,1318.36,1315.15,-9.6,-0.3,med,trail_stop,0.01
2016-09-15 16:00:00,2016-09-16 12:00:00,buy,0.03,1319.52,1307.8,-35.16,-1.02,med,stop_loss,0.01
2016-09-16 16:00:00,2016-09-27 12:00:00,buy,0.03,1308.67,1332.23,70.67,2.11,med,trail_stop,0.01
2016-09-27 16:00:00,2016-09-29 12:00:00,buy,0.03,1327.11,1316.92,-30.56,-1.03,med,stop_loss,0.01
2016-09-29 16:00:00,2016-09-30 12:00:00,buy,0.03,1318.03,1318.42,1.16,0.04,med,trail_stop,0.01
2016-09-30 16:00:00,2016-10-03 16:00:00,buy,0.01,1319.76,1309.58,-10.18,-1.03,low,stop_loss,0.005
2016-10-03 20:00:00,2016-10-04 12:00:00,buy,0.02,1313.53,1303.94,-19.18,-1.03,low,stop_loss,0.005
2016-10-11 16:00:00,2016-10-13 00:00:00,sell,0.01,1257.1,1261.86,-4.76,-0.4,low,trail_stop,0.005
2016-10-13 04:00:00,2016-10-18 00:00:00,sell,0.01,1260.03,1257.83,2.2,0.19,low,trail_stop,0.005
2016-10-18 04:00:00,2016-10-19 08:00:00,sell,0.02,1258.46,1268.04,-19.16,-1.03,low,stop_loss,0.005
2016-10-19 12:00:00,2016-10-24 12:00:00,sell,0.02,1270.15,1270.65,-1.0,-0.05,low,trail_stop,0.005
2016-10-24 16:00:00,2016-10-25 12:00:00,sell,0.02,1262.51,1271.73,-18.43,-1.03,low,stop_loss,0.005
2016-10-25 16:00:00,2016-10-28 12:00:00,sell,0.02,1272.63,1273.48,-1.7,-0.1,low,trail_stop,0.005
2016-10-28 16:00:00,2016-10-28 16:00:00,sell,0.02,1267.36,1276.6,-18.48,-1.03,low,stop_loss,0.005
2016-10-28 20:00:00,2016-11-01 08:00:00,sell,0.01,1274.55,1285.54,-10.99,-1.02,low,stop_loss,0.005
2016-11-01 12:00:00,2016-11-02 08:00:00,sell,0.01,1286.36,1296.5,-10.14,-1.03,low,stop_loss,0.005
2016-11-17 00:00:00,2016-11-25 08:00:00,sell,0.01,1226.47,1189.6,36.87,1.99,low,trail_stop,0.005
2016-11-25 12:00:00,2016-11-28 00:00:00,sell,0.02,1187.63,1194.81,-14.35,-0.45,med,trail_stop,0.01
2016-11-28 04:00:00,2016-12-02 00:00:00,sell,0.02,1191.37,1176.62,29.5,0.94,med,trail_stop,0.01
2016-12-02 04:00:00,2016-12-04 20:00:00,sell,0.03,1174.44,1181.27,-20.49,-0.48,high,trail_stop,0.015
2016-12-05 00:00:00,2016-12-05 16:00:00,sell,0.03,1179.92,1171.81,24.31,0.57,high,trail_stop,0.015
2016-12-05 20:00:00,2016-12-16 16:00:00,sell,0.03,1170.46,1139.83,91.89,1.83,high,trail_stop,0.015
2016-12-16 20:00:00,2016-12-27 04:00:00,sell,0.03,1134.06,1140.01,-17.85,-0.42,high,trail_stop,0.015
2016-12-27 08:00:00,2016-12-29 00:00:00,sell,0.05,1143.38,1145.69,-11.55,-0.24,high,trail_stop,0.015
2016-12-29 04:00:00,2016-12-29 16:00:00,sell,0.05,1148.24,1157.39,-45.74,-1.03,high,stop_loss,0.015
2016-12-29 20:00:00,2017-01-03 12:00:00,sell,0.04,1155.16,1156.17,-4.05,-0.1,high,trail_stop,0.015
2017-01-03 16:00:00,2017-01-04 08:00:00,sell,0.04,1154.67,1166.31,-46.55,-1.02,high,stop_loss,0.015
2017-01-04 12:00:00,2017-01-05 04:00:00,sell,0.04,1165.05,1176.83,-47.13,-1.02,high,stop_loss,0.015
2017-01-05 08:00:00,2017-01-05 16:00:00,sell,0.04,1177.19,1182.45,-21.05,-0.45,high,trail_stop,0.015
2017-01-05 20:00:00,2017-01-09 16:00:00,sell,0.03,1180.55,1183.93,-10.13,-0.26,high,trail_stop,0.015
2017-01-09 20:00:00,2017-01-11 16:00:00,sell,0.04,1183.76,1188.48,-18.88,-0.42,high,trail_stop,0.015
2017-01-11 20:00:00,2017-01-12 08:00:00,sell,0.02,1191.49,1205.1,-27.22,-1.02,med,stop_loss,0.01
2017-01-12 12:00:00,2017-01-15 20:00:00,sell,0.02,1204.53,1200.96,7.14,0.28,med,trail_stop,0.01
2017-01-16 00:00:00,2017-01-17 08:00:00,sell,0.01,1203.14,1216.12,-12.98,-1.02,low,stop_loss,0.005
2017-01-17 12:00:00,2017-01-20 00:00:00,sell,0.01,1215.22,1207.01,8.21,0.75,low,trail_stop,0.005
2017-01-20 04:00:00,2017-01-20 16:00:00,sell,0.01,1207.82,1210.64,-2.82,-0.24,low,trail_stop,0.005
2017-01-27 12:00:00,2017-01-30 00:00:00,sell,0.01,1184.28,1195.1,-10.82,-1.02,low,stop_loss,0.005
2017-01-30 04:00:00,2017-01-30 12:00:00,sell,0.01,1193.74,1198.38,-4.64,-0.47,low,trail_stop,0.005
2017-01-30 16:00:00,2017-01-31 12:00:00,sell,0.01,1197.93,1208.4,-10.47,-1.02,low,stop_loss,0.005
2017-02-22 08:00:00,2017-02-22 16:00:00,buy,0.02,1234.75,1231.99,-5.52,-0.34,low,trail_stop,0.005
2017-02-23 04:00:00,2017-02-27 20:00:00,buy,0.02,1236.94,1254.83,35.79,2.06,low,trail_stop,0.005
2017-02-28 00:00:00,2017-02-28 20:00:00,buy,0.01,1253.6,1248.74,-4.85,-0.52,low,trail_stop,0.005
2017-03-01 00:00:00,2017-03-02 12:00:00,buy,0.01,1246.17,1236.07,-10.09,-1.03,low,stop_loss,0.005
2017-03-02 16:00:00,2017-03-02 16:00:00,buy,0.01,1241.59,1231.46,-10.13,-1.03,low,stop_loss,0.005
2017-03-02 20:00:00,2017-03-03 16:00:00,buy,0.01,1233.66,1222.64,-11.03,-1.02,low,stop_loss,0.005
2017-03-28 16:00:00,2017-03-30 12:00:00,buy,0.02,1255.07,1245.96,-18.22,-1.03,low,stop_loss,0.005
2017-03-30 16:00:00,2017-03-31 00:00:00,buy,0.02,1248.85,1240.37,-16.95,-1.03,low,stop_loss,0.005
2017-03-31 04:00:00,2017-04-05 08:00:00,buy,0.02,1241.41,1252.58,22.35,1.33,low,trail_stop,0.005
2017-04-05 12:00:00,2017-04-05 12:00:00,buy,0.02,1252.75,1245.21,-15.08,-1.03,low,stop_loss,0.005
2017-04-05 16:00:00,2017-04-06 12:00:00,buy,0.02,1248.48,1250.43,3.91,0.24,low,trail_stop,0.005
2017-04-06 16:00:00,2017-04-07 16:00:00,buy,0.02,1251.9,1261.38,18.95,1.06,low,trail_stop,0.005
2017-04-07 20:00:00,2017-04-17 16:00:00,buy,0.01,1254.81,1283.32,28.52,2.41,low,trail_stop,0.005
2017-04-17 20:00:00,2017-04-19 08:00:00,buy,0.01,1284.06,1281.04,-3.02,-0.27,low,trail_stop,0.005
2017-04-19 12:00:00,2017-04-23 20:00:00,buy,0.03,1282.22,1278.12,-12.31,-0.42,med,trail_stop,0.01
2017-04-24 00:00:00,2017-04-25 16:00:00,buy,0.02,1274.43,1262.98,-22.91,-1.02,med,stop_loss,0.01
2017-04-25 20:00:00,2017-05-01 12:00:00,buy,0.03,1264.0,1260.56,-10.3,-0.33,med,trail_stop,0.01
2017-05-01 16:00:00,2017-05-03 12:00:00,buy,0.03,1260.18,1251.34,-26.52,-1.03,med,stop_loss,0.01
2017-05-03 16:00:00,2017-05-03 16:00:00,buy,0.04,1248.88,1241.05,-31.33,-1.03,med,stop_loss,0.01
2017-05-03 20:00:00,2017-05-04 12:00:00,buy,0.01,1239.82,1230.51,-9.31,-1.03,low,stop_loss,0.005
2017-05-04 16:00:00,2017-05-07 20:00:00,buy,0.01,1227.88,1225.57,-2.31,-0.24,low,trail_stop,0.005
2017-05-26 20:00:00,2017-06-01 12:00:00,buy,0.01,1267.48,1264.85,-2.63,-0.29,low,trail_stop,0.005
2017-06-01 16:00:00,2017-06-02 00:00:00,buy,0.02,1264.07,1260.93,-6.28,-0.41,low,trail_stop,0.005
2017-06-02 04:00:00,2017-06-07 16:00:00,buy,0.02,1261.51,1287.53,52.04,3.14,low,trail_stop,0.005
2017-06-07 20:00:00,2017-06-08 12:00:00,buy,0.03,1287.28,1277.77,-28.53,-1.03,med,stop_loss,0.01
2017-06-08 16:00:00,2017-06-09 12:00:00,buy,0.03,1277.32,1266.94,-31.16,-1.02,med,stop_loss,0.01
2017-06-09 16:00:00,2017-06-14 16:00:00,buy,0.02,1267.76,1268.59,1.66,0.08,med,trail_stop,0.01
2017-06-14 20:00:00,2017-06-15 08:00:00,buy,0.01,1260.16,1254.08,-6.08,-0.49,low,trail_stop,0.005
2017-06-15 12:00:00,2017-06-19 20:00:00,buy,0.01,1256.19,1243.68,-12.51,-1.02,low,stop_loss,0.005
2017-07-06 20:00:00,2017-07-07 12:00:00,sell,0.02,1224.39,1227.79,-6.79,-0.4,low,trail_stop,0.005
2017-07-10 00:00:00,2017-07-10 08:00:00,sell,0.01,1213.08,1214.76,-1.68,-0.17,low,trail_stop,0.005
2017-07-10 12:00:00,2017-07-12 12:00:00,sell,0.01,1211.91,1222.47,-10.57,-1.02,low,stop_loss,0.005
2017-07-12 16:00:00,2017-07-14 12:00:00,sell,0.01,1220.77,1224.92,-4.15,-0.42,low,trail_stop,0.005
2017-07-14 16:00:00,2017-07-18 00:00:00,sell,0.01,1228.17,1237.88,-9.72,-1.03,low,stop_loss,0.005
2017-07-18 04:00:00,2017-07-18 16:00:00,sell,0.02,1236.9,1244.77,-15.74,-1.03,low,stop_loss,0.005
2017-07-18 20:00:00,2017-07-19 12:00:00,sell,0.02,1241.74,1243.8,-4.11,-0.27,low,trail_stop,0.005
2017-07-19 16:00:00,2017-07-20 12:00:00,sell,0.02,1240.67,1243.37,-5.41,-0.34,low,trail_stop,0.005
2017-08-02 08:00:00,2017-08-02 20:00:00,buy,0.01,1266.98,1263.78,-3.2,-0.36,low,trail_stop,0.005
2017-08-03 00:00:00,2017-08-04 12:00:00,buy,0.01,1263.28,1260.41,-2.87,-0.28,low,trail_stop,0.005
2017-08-06 20:00:00,2017-08-08 12:00:00,buy,0.01,1259.04,1255.59,-3.45,-0.37,low,trail_stop,0.005
2017-08-10 00:00:00,2017-08-14 04:00:00,buy,0.01,1276.04,1282.09,6.05,0.62,low,trail_stop,0.005
2017-08-14 08:00:00,2017-08-15 00:00:00,buy,0.01,1283.32,1273.88,-9.44,-1.03,low,stop_loss,0.005
2017-08-15 04:00:00,2017-08-18 12:00:00,buy,0.01,1275.84,1288.14,12.3,1.29,low,trail_stop,0.005
2017-08-18 16:00:00,2017-08-25 12:00:00,buy,0.02,1289.24,1277.98,-22.52,-1.02,med,stop_loss,0.01
2017-08-25 16:00:00,2017-08-29 00:00:00,buy,0.04,1290.67,1314.84,96.69,2.6,high,trail_stop,0.015
2017-08-29 04:00:00,2017-08-29 16:00:00,buy,0.02,1316.72,1314.75,-3.94,-0.18,med,trail_stop,0.01
2017-08-29 20:00:00,2017-09-05 08:00:00,buy,0.02,1309.01,1326.64,35.26,1.39,med,trail_stop,0.01
2017-09-05 12:00:00,2017-09-06 16:00:00,buy,0.03,1329.87,1332.55,8.03,0.23,high,trail_stop,0.015
2017-09-06 20:00:00,2017-09-08 12:00:00,buy,0.03,1334.42,1345.55,33.4,0.95,high,trail_stop,0.015
2017-09-08 16:00:00,2017-09-10 20:00:00,buy,0.03,1348.07,1336.09,-35.95,-1.02,high,stop_loss,0.015
2017-09-11 00:00:00,2017-09-12 00:00:00,buy,0.03,1337.9,1326.05,-35.55,-1.02,high,stop_loss,0.015
2017-09-12 04:00:00,2017-09-13 12:00:00,buy,0.04,1325.38,1324.08,-5.18,-0.13,high,trail_stop,0.015
2017-09-13 16:00:00,2017-09-15 08:00:00,buy,0.04,1322.95,1323.39,1.77,0.04,high,trail_stop,0.015
2017-09-15 12:00:00,2017-09-18 12:00:00,buy,0.03,1322.57,1310.87,-35.09,-1.02,high,stop_loss,0.015
2017-09-18 16:00:00,2017-09-20 16:00:00,buy,0.04,1308.14,1305.26,-11.53,-0.28,high,trail_stop,0.015
2017-09-20 20:00:00,2017-09-21 12:00:00,buy,0.04,1300.81,1289.85,-43.86,-1.02,high,stop_loss,0.015
2017-09-21 16:00:00,2017-09-26 08:00:00,buy,0.03,1294.82,1302.4,22.75,0.69,high,trail_stop,0.015
2017-09-26 12:00:00,2017-09-27 00:00:00,buy,0.01,1302.39,1290.51,-11.88,-1.02,low,stop_loss,0.005
2017-09-27 04:00:00,2017-09-27 12:00:00,buy,0.01,1294.9,1283.19,-11.71,-1.02,low,stop_loss,0.005
2017-09-27 16:00:00,2017-10-02 04:00:00,buy,0.01,1285.62,1273.51,-12.11,-1.02,low,stop_loss,0.005
2017-10-02 08:00:00,2017-10-04 12:00:00,buy,0.01,1272.56,1271.43,-1.13,-0.11,low,trail_stop,0.005
2017-10-12 20:00:00,2017-10-16 16:00:00,buy,0.01,1293.75,1297.18,3.43,0.4,low,trail_stop,0.005
2017-10-16 20:00:00,2017-10-17 12:00:00,buy,0.01,1294.88,1285.46,-9.42,-1.03,low,stop_loss,0.005
2017-10-17 16:00:00,2017-10-20 04:00:00,buy,0.01,1284.49,1281.71,-2.78,-0.31,low,trail_stop,0.005
2017-11-27 16:00:00,2017-11-29 12:00:00,buy,0.02,1295.44,1287.54,-15.79,-1.03,low,stop_loss,0.005
2017-11-29 16:00:00,2017-11-30 12:00:00,buy,0.02,1285.62,1277.17,-16.9,-1.03,low,stop_loss,0.005
2017-11-30 16:00:00,2017-11-30 16:00:00,buy,0.02,1279.47,1271.39,-16.16,-1.03,low,stop_loss,0.005
2017-11-30 20:00:00,2017-12-01 20:00:00,buy,0.01,1275.07,1280.38,5.31,0.62,low,trail_stop,0.005
2017-12-12 04:00:00,2017-12-12 20:00:00,sell,0.02,1243.94,1244.21,-0.54,-0.04,low,trail_stop,0.005
2017-12-13 00:00:00,2017-12-13 16:00:00,sell,0.02,1243.1,1251.17,-16.13,-1.03,low,stop_loss,0.005
2017-12-13 20:00:00,2017-12-15 12:00:00,sell,0.01,1256.34,1259.7,-3.36,-0.37,low,trail_stop,0.005
2017-12-15 16:00:00,2017-12-18 12:00:00,sell,0.01,1254.18,1263.38,-9.2,-1.03,low,stop_loss,0.005
2017-12-18 16:00:00,2017-12-20 16:00:00,sell,0.02,1263.34,1267.43,-8.18,-0.51,low,trail_stop,0.005
2017-12-20 20:00:00,2017-12-22 12:00:00,sell,0.02,1265.64,1272.61,-13.94,-1.04,low,stop_loss,0.005
2017-12-22 16:00:00,2017-12-26 00:00:00,sell,0.02,1272.34,1278.68,-12.68,-1.04,low,stop_loss,0.005
2018-01-02 04:00:00,2018-01-03 00:00:00,buy,0.02,1306.69,1314.58,15.79,1.2,low,trail_stop,0.005
2018-01-03 04:00:00,2018-01-04 00:00:00,buy,0.01,1314.31,1305.79,-8.52,-1.03,low,stop_loss,0.005
2018-01-04 04:00:00,2018-01-05 08:00:00,buy,0.01,1307.41,1316.47,9.06,0.98,low,trail_stop,0.005
2018-01-05 12:00:00,2018-01-09 08:00:00,buy,0.01,1317.3,1313.07,-4.23,-0.44,low,trail_stop,0.005
2018-01-09 12:00:00,2018-01-10 12:00:00,buy,0.03,1315.19,1318.87,11.03,0.43,med,trail_stop,0.01
2018-01-10 16:00:00,2018-01-16 08:00:00,buy,0.01,1319.46,1333.13,13.67,1.21,low,trail_stop,0.005
2018-01-16 12:00:00,2018-01-17 04:00:00,buy,0.04,1335.26,1334.42,-3.36,-0.09,high,trail_stop,0.015
2018-01-17 08:00:00,2018-01-17 20:00:00,buy,0.04,1334.49,1330.15,-17.37,-0.43,high,trail_stop,0.015
2018-01-18 00:00:00,2018-01-25 12:00:00,buy,0.03,1328.75,1355.16,79.22,2.49,high,trail_stop,0.015
2018-01-25 16:00:00,2018-01-25 16:00:00,buy,0.03,1357.91,1346.69,-33.65,-1.02,high,stop_loss,0.015
2018-01-25 20:00:00,2018-01-29 12:00:00,buy,0.03,1347.96,1343.49,-13.42,-0.33,high,trail_stop,0.015
2018-01-29 16:00:00,2018-01-30 16:00:00,buy,0.03,1341.58,1337.15,-13.28,-0.39,high,trail_stop,0.015
2018-01-30 20:00:00,2018-02-02 12:00:00,buy,0.03,1340.38,1338.35,-6.1,-0.16,high,trail_stop,0.015
2018-02-02 16:00:00,2018-02-06 12:00:00,buy,0.02,1330.54,1332.91,4.75,0.18,med,trail_stop,0.01
2018-02-06 16:00:00,2018-02-07 16:00:00,buy,0.02,1328.43,1314.5,-27.86,-1.02,med,stop_loss,0.01
2018-02-07 20:00:00,2018-02-14 12:00:00,buy,0.02,1314.83,1322.76,15.85,0.57,med,trail_stop,0.01
2018-02-14 16:00:00,2018-02-16 16:00:00,buy,0.01,1348.56,1347.36,-1.2,-0.09,low,trail_stop,0.005
2018-02-16 20:00:00,2018-02-20 16:00:00,buy,0.02,1347.86,1334.7,-26.33,-1.02,med,stop_loss,0.01
2018-02-20 20:00:00,2018-02-21 20:00:00,buy,0.02,1330.04,1325.03,-10.03,-0.46,med,trail_stop,0.01
2018-02-22 00:00:00,2018-02-26 16:00:00,buy,0.02,1327.01,1329.85,5.68,0.26,med,trail_stop,0.01
2018-02-26 20:00:00,2018-02-27 12:00:00,buy,0.02,1333.06,1323.16,-19.8,-1.03,med,stop_loss,0.01
2018-02-27 16:00:00,2018-03-01 12:00:00,buy,0.01,1318.25,1307.32,-10.93,-1.02,low,stop_loss,0.005
2018-03-01 16:00:00,2018-03-05 16:00:00,buy,0.01,1306.06,1317.91,11.85,1.23,low,trail_stop,0.005
2018-03-05 20:00:00,2018-03-07 08:00:00,buy,0.01,1319.98,1330.43,10.45,1.07,low,trail_stop,0.005
2018-03-07 12:00:00,2018-03-08 12:00:00,buy,0.01,1331.22,1320.79,-10.42,-1.02,low,stop_loss,0.005
2018-03-08 16:00:00,2018-03-12 08:00:00,buy,0.01,1319.6,1314.85,-4.75,-0.47,low,trail_stop,0.005
2018-03-12 12:00:00,2018-03-13 12:00:00,buy,0.01,1315.95,1316.56,0.61,0.07,low,trail_stop,0.005
2018-03-13 16:00:00,2018-03-15 12:00:00,buy,0.01,1326.65,1316.52,-10.13,-1.03,low,stop_loss,0.005
2018-03-15 16:00:00,2018-03-16 12:00:00,buy,0.01,1316.65,1312.7,-3.94,-0.45,low,trail_stop,0.005
2018-03-16 16:00:00,2018-03-20 12:00:00,buy,0.01,1313.31,1310.34,-2.97,-0.33,low,trail_stop,0.005
2018-03-20 16:00:00,2018-03-22 04:00:00,buy,0.01,1311.73,1328.24,16.51,2.04,low,trail_stop,0.005
2018-03-22 12:00:00,2018-03-27 08:00:00,buy,0.01,1330.12,1345.97,15.85,1.5,low,trail_stop,0.005
2018-03-27 12:00:00,2018-03-28 12:00:00,buy,0.01,1346.07,1335.1,-10.96,-1.02,low,stop_loss,0.005
2018-03-28 16:00:00,2018-04-03 12:00:00,buy,0.01,1329.1,1333.75,4.65,0.43,low,trail_stop,0.005
2018-04-03 16:00:00,2018-04-04 12:00:00,buy,0.01,1332.31,1336.86,4.55,0.45,low,trail_stop,0.005
2018-04-04 16:00:00,2018-04-05 12:00:00,buy,0.01,1334.76,1323.08,-11.69,-1.02,low,stop_loss,0.005
2018-04-05 16:00:00,2018-04-06 04:00:00,buy,0.01,1325.39,1322.08,-3.3,-0.3,low,trail_stop,0.005
2018-04-06 08:00:00,2018-04-11 16:00:00,buy,0.01,1324.76,1353.68,28.93,2.57,low,trail_stop,0.005
2018-04-11 20:00:00,2018-04-12 12:00:00,buy,0.01,1351.35,1338.05,-13.3,-1.02,low,stop_loss,0.005
2018-04-12 16:00:00,2018-04-17 12:00:00,buy,0.01,1338.23,1337.54,-0.69,-0.05,low,trail_stop,0.005
2018-04-17 16:00:00,2018-04-19 12:00:00,buy,0.01,1344.69,1344.01,-0.68,-0.06,low,trail_stop,0.005
2018-04-19 16:00:00,2018-04-23 04:00:00,buy,0.02,1342.81,1331.22,-23.18,-1.02,med,stop_loss,0.01
2018-04-23 08:00:00,2018-04-23 12:00:00,buy,0.03,1332.13,1322.56,-28.71,-1.03,med,stop_loss,0.01
2018-04-23 16:00:00,2018-04-25 08:00:00,buy,0.02,1322.81,1322.69,-0.23,-0.01,med,trail_stop,0.01
2018-04-25 12:00:00,2018-04-26 12:00:00,buy,0.01,1320.93,1317.19,-3.74,-0.41,low,trail_stop,0.005
2018-04-26 16:00:00,2018-04-30 08:00:00,buy,0.01,1316.53,1315.92,-0.61,-0.07,low,trail_stop,0.005
2018-04-30 12:00:00,2018-05-01 00:00:00,buy,0.01,1313.95,1311.93,-2.02,-0.24,low,trail_stop,0.005
2018-05-01 04:00:00,2018-05-01 12:00:00,buy,0.01,1312.55,1303.94,-8.61,-1.03,low,stop_loss,0.005
2018-05-01 16:00:00,2018-05-02 20:00:00,buy,0.01,1306.14,1304.43,-1.71,-0.2,low,trail_stop,0.005
2018-05-22 00:00:00,2018-05-22 08:00:00,sell,0.01,1292.19,1296.09,-3.9,-0.49,low,trail_stop,0.005
2018-05-22 12:00:00,2018-05-23 08:00:00,sell,0.01,1295.02,1297.33,-2.31,-0.29,low,trail_stop,0.005
2018-05-23 12:00:00,2018-05-24 04:00:00,sell,0.01,1296.41,1296.36,0.05,0.01,low,trail_stop,0.005
2018-05-24 08:00:00,2018-05-24 12:00:00,sell,0.01,1295.63,1304.45,-8.82,-1.03,low,stop_loss,0.005
2018-05-24 16:00:00,2018-05-29 08:00:00,sell,0.01,1304.33,1304.92,-0.59,-0.06,low,trail_stop,0.005
2018-05-29 12:00:00,2018-05-29 16:00:00,sell,0.01,1301.87,1300.87,1.0,0.13,low,trail_stop,0.005
2018-05-29 20:00:00,2018-06-05 16:00:00,sell,0.01,1299.78,1298.64,1.14,0.13,low,trail_stop,0.005
2018-06-05 20:00:00,2018-06-13 16:00:00,sell,0.01,1296.37,1299.58,-3.21,-0.41,low,trail_stop,0.005
2018-06-13 20:00:00,2018-06-14 12:00:00,sell,0.02,1299.81,1307.15,-14.69,-1.04,low,stop_loss,0.005
2018-06-14 16:00:00,2018-06-19 00:00:00,sell,0.01,1304.11,1283.2,20.91,2.75,low,trail_stop,0.005
2018-06-20 04:00:00,2018-06-21 16:00:00,sell,0.01,1273.47,1270.31,3.16,0.36,low,trail_stop,0.005
2018-06-21 20:00:00,2018-06-29 16:00:00,sell,0.01,1267.03,1254.59,12.44,1.48,low,trail_stop,0.005
2018-06-29 20:00:00,2018-07-03 08:00:00,sell,0.04,1252.19,1246.04,24.61,0.79,high,trail_stop,0.015
2018-07-03 12:00:00,2018-07-04 00:00:00,sell,0.04,1247.52,1255.53,-32.05,-1.03,high,stop_loss,0.015
2018-07-04 04:00:00,2018-07-05 12:00:00,sell,0.04,1256.68,1259.91,-12.9,-0.38,high,trail_stop,0.015
2018-07-05 16:00:00,2018-07-09 04:00:00,sell,0.04,1257.06,1260.92,-15.44,-0.49,high,trail_stop,0.015
2018-07-09 08:00:00,2018-07-10 12:00:00,sell,0.05,1260.79,1254.41,31.91,0.93,high,trail_stop,0.015
2018-07-10 16:00:00,2018-07-16 04:00:00,sell,0.03,1255.75,1245.06,32.08,1.26,med,trail_stop,0.01
2018-07-16 08:00:00,2018-07-17 08:00:00,sell,0.05,1242.58,1245.02,-12.21,-0.34,high,trail_stop,0.015
2018-07-17 12:00:00,2018-07-18 16:00:00,sell,0.05,1239.75,1228.61,55.67,1.52,high,trail_stop,0.015
2018-07-18 20:00:00,2018-07-19 16:00:00,sell,0.04,1227.39,1219.79,30.41,0.95,high,trail_stop,0.015
2018-07-19 20:00:00,2018-07-20 08:00:00,sell,0.04,1222.39,1226.01,-14.49,-0.36,high,trail_stop,0.015
2018-07-20 12:00:00,2018-07-23 00:00:00,sell,0.04,1224.41,1234.82,-41.63,-1.02,high,stop_loss,0.015
2018-07-23 04:00:00,2018-07-24 08:00:00,sell,0.04,1232.07,1227.74,17.33,0.46,high,trail_stop,0.015
2018-07-24 12:00:00,2018-07-27 12:00:00,sell,0.04,1227.56,1227.37,0.73,0.02,high,trail_stop,0.015
2018-07-27 16:00:00,2018-07-31 16:00:00,sell,0.04,1226.29,1223.33,11.86,0.32,high,trail_stop,0.015
2018-07-31 20:00:00,2018-08-03 12:00:00,sell,0.04,1224.28,1213.34,43.74,1.27,high,trail_stop,0.015
2018-08-03 16:00:00,2018-08-07 08:00:00,sell,0.04,1217.39,1215.58,7.23,0.18,high,trail_stop,0.015
2018-08-07 12:00:00,2018-08-09 00:00:00,sell,0.04,1214.9,1215.25,-1.4,-0.04,high,trail_stop,0.015
2018-08-09 04:00:00,2018-08-10 08:00:00,sell,0.04,1214.68,1214.05,2.53,0.08,high,trail_stop,0.015
2018-08-10 12:00:00,2018-08-16 04:00:00,sell,0.04,1213.17,1168.88,177.18,5.24,high,trail_stop,0.015
2018-08-16 08:00:00,2018-08-20 04:00:00,sell,0.04,1176.67,1187.84,-44.67,-1.02,high,stop_loss,0.015
2018-08-20 08:00:00,2018-08-22 00:00:00,sell,0.04,1187.64,1197.54,-39.62,-1.03,high,stop_loss,0.015
2018-08-22 04:00:00,2018-08-24 08:00:00,sell,0.04,1195.16,1191.81,13.41,0.4,high,trail_stop,0.015
2018-08-24 12:00:00,2018-08-24 12:00:00,sell,0.04,1191.7,1200.7,-35.99,-1.03,high,stop_loss,0.015
2018-08-24 16:00:00,2018-08-31 04:00:00,sell,0.04,1208.07,1207.03,4.18,0.1,high,trail_stop,0.015
2018-08-31 08:00:00,2018-09-06 00:00:00,sell,0.04,1207.72,1198.59,36.53,1.04,high,trail_stop,0.015
2018-09-06 04:00:00,2018-09-06 08:00:00,sell,0.05,1197.9,1205.42,-37.59,-1.03,high,stop_loss,0.015
2018-09-06 12:00:00,2018-09-11 16:00:00,sell,0.05,1204.52,1195.78,43.69,1.12,high,trail_stop,0.015
2018-09-11 20:00:00,2018-09-12 12:00:00,sell,0.05,1195.83,1204.08,-41.26,-1.03,high,stop_loss,0.015
2018-09-12 16:00:00,2018-09-13 12:00:00,sell,0.04,1202.0,1211.35,-37.4,-1.03,high,stop_loss,0.015
2018-09-13 16:00:00,2018-09-17 12:00:00,sell,0.04,1202.57,1202.35,0.86,0.02,high,trail_stop,0.015
2018-09-17 16:00:00,2018-09-19 04:00:00,sell,0.04,1202.65,1204.73,-8.31,-0.24,high,trail_stop,0.015
2018-09-19 08:00:00,2018-09-21 04:00:00,sell,0.05,1202.7,1210.99,-41.42,-1.03,high,stop_loss,0.015
2018-09-21 08:00:00,2018-09-21 20:00:00,sell,0.05,1208.49,1199.22,46.37,1.29,high,trail_stop,0.015
2018-09-23 20:00:00,2018-09-24 12:00:00,sell,0.05,1198.57,1202.77,-21.0,-0.52,high,trail_stop,0.015
2018-09-24 16:00:00,2018-09-27 00:00:00,sell,0.05,1201.25,1198.72,12.62,0.32,high,trail_stop,0.015
2018-09-27 04:00:00,2018-09-28 12:00:00,sell,0.05,1197.76,1188.37,46.95,1.27,high,trail_stop,0.015
2018-09-28 16:00:00,2018-10-02 04:00:00,sell,0.04,1192.31,1193.63,-5.28,-0.15,high,trail_stop,0.015
2018-10-02 08:00:00,2018-10-02 12:00:00,sell,0.05,1192.81,1196.67,-19.33,-0.53,high,trail_stop,0.015
2018-10-02 16:00:00,2018-10-04 12:00:00,sell,0.03,1204.48,1205.84,-4.08,-0.14,med,trail_stop,0.01
2018-10-04 16:00:00,2018-10-09 04:00:00,sell,0.03,1200.88,1191.72,27.47,1.03,med,trail_stop,0.01
2018-10-09 08:00:00,2018-10-10 16:00:00,sell,0.03,1188.77,1191.9,-9.38,-0.37,med,trail_stop,0.01
2018-10-10 20:00:00,2018-10-11 08:00:00,sell,0.05,1192.69,1201.22,-42.67,-1.03,high,stop_loss,0.015
2018-10-11 12:00:00,2018-10-11 12:00:00,sell,0.03,1203.51,1212.77,-27.79,-1.03,med,stop_loss,0.01
2018-10-11 16:00:00,2018-10-15 08:00:00,sell,0.01,1219.21,1230.36,-11.16,-1.02,low,stop_loss,0.005
2018-10-15 12:00:00,2018-10-18 12:00:00,sell,0.01,1228.67,1229.21,-0.54,-0.05,low,trail_stop,0.005
2018-10-18 16:00:00,2018-10-23 04:00:00,sell,0.01,1229.08,1229.61,-0.53,-0.06,low,trail_stop,0.005
2018-10-23 08:00:00,2018-10-23 12:00:00,sell,0.02,1231.79,1239.92,-16.27,-1.03,low,stop_loss,0.005
2018-11-12 16:00:00,2018-11-14 16:00:00,sell,0.01,1203.58,1205.27,-1.69,-0.19,low,trail_stop,0.005
2018-11-14 20:00:00,2018-11-16 12:00:00,sell,0.01,1211.23,1221.48,-10.24,-1.03,low,stop_loss,0.005
2018-11-16 16:00:00,2018-11-21 12:00:00,sell,0.01,1220.56,1230.3,-9.74,-1.03,low,stop_loss,0.005
2018-11-21 16:00:00,2018-11-28 16:00:00,sell,0.01,1226.66,1219.6,7.05,0.86,low,trail_stop,0.005
2018-12-24 12:00:00,2018-12-26 16:00:00,buy,0.01,1261.18,1268.98,7.81,0.83,low,trail_stop,0.005
2018-12-26 20:00:00,2019-01-04 12:00:00,buy,0.01,1266.7,1287.09,20.39,1.82,low,trail_stop,0.005
2019-01-04 16:00:00,2019-01-08 00:00:00,buy,0.02,1283.8,1283.7,-0.19,-0.01,med,trail_stop,0.01
2019-01-08 04:00:00,2019-01-10 16:00:00,buy,0.02,1283.99,1287.08,6.16,0.32,med,trail_stop,0.01
2019-01-10 20:00:00,2019-01-15 16:00:00,buy,0.04,1287.68,1286.48,-4.78,-0.13,high,trail_stop,0.015
2019-01-15 20:00:00,2019-01-18 08:00:00,buy,0.05,1290.58,1287.18,-17.01,-0.43,high,trail_stop,0.015
2019-01-18 12:00:00,2019-01-21 08:00:00,buy,0.05,1284.97,1277.57,-36.99,-1.03,high,stop_loss,0.015
2019-01-21 12:00:00,2019-01-23 12:00:00,buy,0.05,1278.51,1279.51,5.03,0.15,high,trail_stop,0.015
2019-01-23 16:00:00,2019-01-24 08:00:00,buy,0.05,1282.3,1278.76,-17.68,-0.52,high,trail_stop,0.015
2019-01-24 12:00:00,2019-01-28 12:00:00,buy,0.06,1279.9,1297.8,107.43,2.85,high,trail_stop,0.015
2019-01-28 16:00:00,2019-02-01 00:00:00,buy,0.03,1302.75,1317.69,44.82,1.8,med,trail_stop,0.01
2019-02-01 04:00:00,2019-02-04 00:00:00,buy,0.05,1318.75,1315.09,-18.27,-0.45,high,trail_stop,0.015
2019-02-04 04:00:00,2019-02-06 20:00:00,buy,0.05,1314.16,1306.19,-39.84,-1.03,high,stop_loss,0.015
2019-02-07 00:00:00,2019-02-11 08:00:00,buy,0.05,1306.78,1308.45,8.34,0.24,high,trail_stop,0.015
2019-02-11 12:00:00,2019-02-13 12:00:00,buy,0.06,1307.82,1308.15,1.94,0.05,high,trail_stop,0.015
2019-02-13 16:00:00,2019-02-13 16:00:00,buy,0.05,1314.66,1306.66,-40.03,-1.03,high,stop_loss,0.015
2019-02-13 20:00:00,2019-02-20 16:00:00,buy,0.04,1306.78,1337.86,124.35,3.64,high,trail_stop,0.015
2019-02-20 20:00:00,2019-02-21 08:00:00,buy,0.04,1341.25,1332.09,-36.62,-1.03,high,stop_loss,0.015
2019-02-21 12:00:00,2019-02-21 16:00:00,buy,0.04,1334.08,1324.57,-38.02,-1.03,high,stop_loss,0.015
2019-02-21 20:00:00,2019-02-27 12:00:00,buy,0.04,1326.7,1322.69,-16.05,-0.4,high,trail_stop,0.015
2019-02-27 16:00:00,2019-02-28 12:00:00,buy,0.05,1323.69,1315.49,-41.01,-1.03,high,stop_loss,0.015
2019-02-28 16:00:00,2019-03-01 12:00:00,buy,0.04,1315.56,1305.49,-40.3,-1.03,high,stop_loss,0.015
2019-03-01 16:00:00,2019-03-01 16:00:00,buy,0.04,1305.73,1295.96,-39.06,-1.03,high,stop_loss,0.015
2019-03-01 20:00:00,2019-03-05 12:00:00,buy,0.02,1293.5,1282.46,-22.08,-1.02,med,stop_loss,0.01
2019-03-05 16:00:00,2019-03-07 08:00:00,buy,0.02,1284.4,1280.88,-7.04,-0.36,med,trail_stop,0.01
2019-03-07 12:00:00,2019-03-11 12:00:00,buy,0.03,1286.78,1291.96,15.56,0.61,med,trail_stop,0.01
2019-03-11 16:00:00,2019-03-14 04:00:00,buy,0.01,1293.1,1302.65,9.55,1.15,low,trail_stop,0.005
2019-03-14 08:00:00,2019-03-14 12:00:00,buy,0.02,1302.46,1294.6,-15.73,-1.03,low,stop_loss,0.005
2019-03-14 16:00:00,2019-03-20 04:00:00,buy,0.01,1295.72,1302.18,6.46,0.77,low,trail_stop,0.005
2019-03-20 08:00:00,2019-03-20 16:00:00,buy,0.03,1303.56,1302.17,-4.16,-0.19,med,trail_stop,0.01
2019-03-20 20:00:00,2019-03-21 12:00:00,buy,0.01,1314.56,1309.95,-4.61,-0.46,low,trail_stop,0.005
2019-03-21 16:00:00,2019-03-26 08:00:00,buy,0.01,1310.7,1313.84,3.14,0.3,low,trail_stop,0.005
2019-03-26 12:00:00,2019-03-27 12:00:00,buy,0.03,1313.85,1310.78,-9.21,-0.37,med,trail_stop,0.01
2019-03-27 16:00:00,2019-03-28 08:00:00,buy,0.03,1311.78,1302.65,-27.41,-1.03,med,stop_loss,0.01
2019-03-28 12:00:00,2019-03-28 12:00:00,buy,0.03,1303.4,1294.37,-27.09,-1.03,med,stop_loss,0.01
2019-03-28 16:00:00,2019-04-01 04:00:00,buy,0.01,1292.54,1289.14,-3.4,-0.33,low,trail_stop,0.005
2019-04-01 08:00:00,2019-04-01 16:00:00,buy,0.01,1289.86,1287.81,-2.05,-0.23,low,trail_stop,0.005
2019-04-01 20:00:00,2019-04-04 12:00:00,buy,0.01,1287.33,1285.12,-2.21,-0.24,low,trail_stop,0.005
2019-04-04 16:00:00,2019-04-05 12:00:00,buy,0.01,1288.02,1286.28,-1.74,-0.22,low,trail_stop,0.005
2019-04-05 16:00:00,2019-04-11 08:00:00,buy,0.01,1292.14,1301.67,9.53,1.11,low,trail_stop,0.005
2019-04-11 12:00:00,2019-04-11 12:00:00,buy,0.02,1301.1,1293.92,-14.37,-1.04,low,stop_loss,0.005
2019-04-11 16:00:00,2019-04-15 00:00:00,buy,0.01,1295.14,1287.35,-7.79,-1.03,low,stop_loss,0.005
2019-04-15 04:00:00,2019-04-15 12:00:00,buy,0.02,1289.32,1282.33,-13.98,-1.04,low,stop_loss,0.005
2019-04-15 16:00:00,2019-04-16 12:00:00,buy,0.02,1288.86,1281.51,-14.7,-1.04,low,stop_loss,0.005
2019-06-04 08:00:00,2019-06-05 12:00:00,buy,0.01,1328.61,1330.15,1.54,0.16,low,trail_stop,0.005
2019-06-05 16:00:00,2019-06-09 20:00:00,buy,0.01,1329.04,1335.46,6.42,0.51,low,trail_stop,0.005
2019-06-10 00:00:00,2019-06-11 04:00:00,buy,0.02,1335.24,1324.06,-22.35,-1.02,med,stop_loss,0.01
2019-06-11 08:00:00,2019-06-14 12:00:00,buy,0.02,1323.08,1347.65,49.14,2.41,med,trail_stop,0.01
2019-06-14 16:00:00,2019-06-14 16:00:00,buy,0.02,1349.89,1338.3,-23.18,-1.02,med,stop_loss,0.01
2019-06-14 20:00:00,2019-06-19 00:00:00,buy,0.02,1341.22,1342.07,1.69,0.07,med,trail_stop,0.01
2019-06-19 04:00:00,2019-06-20 04:00:00,buy,0.02,1344.5,1382.27,75.55,3.31,med,trail_stop,0.01
2019-06-20 08:00:00,2019-06-21 04:00:00,buy,0.01,1382.06,1395.25,13.2,0.81,low,trail_stop,0.005
2019-06-21 08:00:00,2019-06-25 16:00:00,buy,0.01,1384.61,1419.39,34.78,1.78,low,trail_stop,0.005
2019-06-25 20:00:00,2019-06-27 12:00:00,buy,0.01,1422.44,1400.37,-22.07,-1.01,med,stop_loss,0.01
2019-06-27 16:00:00,2019-06-28 12:00:00,buy,0.02,1406.05,1405.38,-1.35,-0.04,high,trail_stop,0.015
2019-06-28 16:00:00,2019-06-30 20:00:00,buy,0.02,1411.68,1393.28,-36.8,-1.02,high,stop_loss,0.015
2019-07-01 00:00:00,2019-07-03 08:00:00,buy,0.02,1392.22,1418.42,52.4,1.38,high,trail_stop,0.015
2019-07-03 12:00:00,2019-07-05 12:00:00,buy,0.01,1419.5,1399.17,-20.33,-1.01,med,stop_loss,0.01
2019-07-05 16:00:00,2019-07-09 08:00:00,buy,0.02,1396.99,1388.83,-16.33,-0.44,high,trail_stop,0.015
2019-07-09 12:00:00,2019-07-11 12:00:00,buy,0.02,1391.88,1411.72,39.69,1.31,high,trail_stop,0.015
2019-07-11 16:00:00,2019-07-18 12:00:00,buy,0.02,1412.22,1414.46,4.49,0.15,high,trail_stop,0.015
2019-07-18 16:00:00,2019-07-19 04:00:00,buy,0.02,1428.93,1438.22,18.57,0.64,high,trail_stop,0.015
2019-07-19 08:00:00,2019-07-19 16:00:00,buy,0.02,1439.63,1422.5,-34.25,-1.02,high,stop_loss,0.015
2019-07-19 20:00:00,2019-08-01 00:00:00,buy,0.02,1425.71,1407.5,-36.41,-1.01,high,stop_loss,0.015
2019-08-01 04:00:00,2019-08-02 00:00:00,buy,0.03,1410.38,1435.98,76.8,2.0,high,trail_stop,0.015
2019-08-02 04:00:00,2019-08-08 12:00:00,buy,0.01,1431.16,1491.16,59.99,3.18,med,trail_stop,0.01
2019-08-08 16:00:00,2019-08-12 04:00:00,buy,0.02,1497.75,1488.53,-18.44,-0.45,high,trail_stop,0.015
2019-08-12 08:00:00,2019-08-13 12:00:00,buy,0.02,1490.3,1516.94,53.28,1.5,high,trail_stop,0.015
2019-08-13 16:00:00,2019-08-19 08:00:00,buy,0.01,1502.36,1503.17,0.82,0.03,high,trail_stop,0.015
2019-08-19 12:00:00,2019-08-26 04:00:00,buy,0.02,1494.34,1535.41,82.16,2.12,high,trail_stop,0.015
2019-08-26 08:00:00,2019-08-29 16:00:00,buy,0.02,1530.73,1530.38,-0.7,-0.02,high,trail_stop,0.015
2019-08-29 20:00:00,2019-09-05 08:00:00,buy,0.02,1528.78,1538.84,20.11,0.56,high,trail_stop,0.015
2019-09-05 12:00:00,2019-09-05 12:00:00,buy,0.02,1543.11,1526.7,-32.82,-1.02,high,stop_loss,0.015
2019-09-05 16:00:00,2019-09-09 20:00:00,buy,0.02,1517.92,1497.14,-41.56,-1.01,high,stop_loss,0.015
2019-09-10 00:00:00,2019-09-12 16:00:00,buy,0.02,1496.42,1504.5,16.16,0.42,high,trail_stop,0.015
2019-09-12 20:00:00,2019-09-13 12:00:00,buy,0.02,1499.34,1489.5,-19.67,-0.51,high,trail_stop,0.015
2019-09-13 16:00:00,2019-09-18 16:00:00,buy,0.02,1490.98,1492.85,3.73,0.1,high,trail_stop,0.015
2019-09-18 20:00:00,2019-09-25 12:00:00,buy,0.02,1492.41,1518.76,52.69,1.58,high,trail_stop,0.015
2019-09-25 16:00:00,2019-09-27 08:00:00,buy,0.02,1508.54,1493.04,-30.99,-1.02,high,stop_loss,0.015
2019-09-27 12:00:00,2019-09-30 04:00:00,buy,0.03,1495.06,1488.39,-20.03,-0.46,high,trail_stop,0.015
2019-09-30 08:00:00,2019-09-30 12:00:00,buy,0.03,1490.5,1476.09,-43.26,-1.02,high,stop_loss,0.015
2019-09-30 16:00:00,2019-10-04 12:00:00,buy,0.02,1468.46,1502.59,68.25,2.05,high,trail_stop,0.015
2019-10-04 16:00:00,2019-10-10 12:00:00,buy,0.01,1503.88,1499.58,-4.29,-0.25,med,trail_stop,0.01
2019-10-10 16:00:00,2019-10-11 12:00:00,buy,0.01,1494.55,1485.76,-8.78,-0.51,med,trail_stop,0.01
2019-10-11 16:00:00,2019-10-15 12:00:00,buy,0.01,1481.74,1479.07,-2.66,-0.14,med,trail_stop,0.01
2019-10-15 16:00:00,2019-10-21 16:00:00,buy,0.02,1481.52,1481.67,0.31,0.01,med,trail_stop,0.01
2019-10-21 20:00:00,2019-10-25 16:00:00,buy,0.02,1483.97,1506.62,45.31,2.05,med,trail_stop,0.01
2019-10-25 20:00:00,2019-10-28 12:00:00,buy,0.02,1505.78,1494.81,-21.95,-1.02,med,stop_loss,0.01
2019-10-28 16:00:00,2019-11-01 12:00:00,buy,0.02,1490.5,1503.49,25.98,1.18,med,trail_stop,0.01
2019-11-01 16:00:00,2019-11-05 12:00:00,buy,0.03,1510.72,1498.85,-35.62,-1.02,high,stop_loss,0.015
2019-11-05 16:00:00,2019-11-07 08:00:00,buy,0.02,1486.0,1481.85,-8.32,-0.35,med,trail_stop,0.01
2019-11-07 12:00:00,2019-11-07 12:00:00,buy,0.02,1483.76,1472.42,-22.68,-1.02,med,stop_loss,0.01
2019-11-07 16:00:00,2019-11-08 12:00:00,buy,0.02,1469.92,1456.49,-26.85,-1.02,med,stop_loss,0.01
2019-11-08 16:00:00,2019-11-11 12:00:00,buy,0.02,1466.96,1452.72,-28.48,-1.02,med,stop_loss,0.01
2019-11-11 16:00:00,2019-11-18 08:00:00,buy,0.01,1449.22,1460.77,11.55,0.85,low,trail_stop,0.005
2019-11-18 12:00:00,2019-11-19 08:00:00,buy,0.01,1459.48,1465.44,5.97,0.62,low,trail_stop,0.005
2019-11-19 12:00:00,2019-11-20 12:00:00,buy,0.01,1467.7,1467.92,0.22,0.02,low,trail_stop,0.005
2019-11-20 16:00:00,2019-11-21 12:00:00,buy,0.01,1469.56,1464.45,-5.11,-0.47,low,trail_stop,0.005
2019-11-21 16:00:00,2019-11-25 04:00:00,buy,0.01,1469.28,1457.55,-11.73,-1.02,low,stop_loss,0.005
2019-11-25 08:00:00,2019-12-02 08:00:00,buy,0.01,1459.46,1456.31,-3.14,-0.32,low,trail_stop,0.005
2019-12-04 08:00:00,2019-12-04 08:00:00,buy,0.01,1484.04,1474.43,-9.6,-1.03,low,stop_loss,0.005
2019-12-04 12:00:00,2019-12-06 04:00:00,buy,0.01,1475.88,1471.22,-4.65,-0.45,low,trail_stop,0.005
2019-12-06 08:00:00,2019-12-06 12:00:00,buy,0.01,1473.6,1464.48,-9.12,-1.03,low,stop_loss,0.005
2019-12-06 16:00:00,2019-12-12 12:00:00,buy,0.01,1462.06,1467.54,5.49,0.5,low,trail_stop,0.005
2019-12-12 16:00:00,2020-01-06 00:00:00,buy,0.01,1466.92,1574.6,107.68,9.99,low,trail_stop,0.005
2020-01-06 04:00:00,2020-01-06 12:00:00,buy,0.02,1578.3,1561.83,-32.94,-1.02,med,stop_loss,0.01
2020-01-06 16:00:00,2020-01-08 04:00:00,buy,0.01,1564.51,1593.44,28.93,1.64,med,trail_stop,0.01
2020-01-08 08:00:00,2020-01-08 16:00:00,buy,0.01,1588.76,1566.55,-22.21,-1.01,med,stop_loss,0.01
2020-01-08 20:00:00,2020-01-29 00:00:00,buy,0.01,1554.32,1564.21,9.89,0.41,med,trail_stop,0.01
2020-01-29 04:00:00,2020-01-30 20:00:00,buy,0.03,1564.7,1572.9,24.59,0.64,high,trail_stop,0.015
2020-01-31 00:00:00,2020-02-03 00:00:00,buy,0.03,1575.36,1580.01,13.96,0.35,high,trail_stop,0.015
2020-02-03 04:00:00,2020-02-04 08:00:00,buy,0.03,1580.39,1566.36,-42.08,-1.02,high,stop_loss,0.015
2020-02-04 12:00:00,2020-02-04 12:00:00,buy,0.03,1570.36,1556.5,-41.58,-1.02,high,stop_loss,0.015
2020-02-04 16:00:00,2020-02-24 00:00:00,buy,0.02,1555.42,1664.92,219.0,7.1,high,trail_stop,0.015
2020-02-24 04:00:00,2020-02-24 12:00:00,buy,0.02,1661.04,1670.87,19.66,0.54,high,trail_stop,0.015
2020-02-24 16:00:00,2020-02-24 16:00:00,buy,0.02,1674.9,1654.04,-41.72,-1.01,high,stop_loss,0.015
2020-02-24 20:00:00,2020-02-25 20:00:00,buy,0.01,1653.91,1630.78,-23.13,-1.01,med,stop_loss,0.01
2020-02-26 00:00:00,2020-02-26 12:00:00,buy,0.01,1640.02,1626.27,-13.75,-0.48,med,trail_stop,0.01
2020-02-26 16:00:00,2020-02-28 04:00:00,buy,0.01,1638.03,1632.14,-5.89,-0.21,high,trail_stop,0.015
2020-02-28 08:00:00,2020-02-28 12:00:00,buy,0.01,1627.96,1600.61,-27.35,-1.01,high,stop_loss,0.015
2020-02-28 16:00:00,2020-03-06 12:00:00,buy,0.01,1583.94,1655.58,71.64,2.11,med,trail_stop,0.01
2020-03-06 16:00:00,2020-03-09 04:00:00,buy,0.01,1664.16,1670.96,6.8,0.21,med,trail_stop,0.01
2020-03-09 12:00:00,2020-03-11 16:00:00,buy,0.01,1676.14,1636.06,-40.08,-1.01,med,stop_loss,0.01
2020-03-11 20:00:00,2020-03-12 12:00:00,buy,0.01,1636.6,1601.47,-35.13,-1.01,med,stop_loss,0.01
2020-04-06 04:00:00,2020-04-07 04:00:00,buy,0.01,1617.82,1648.12,30.3,1.19,low,trail_stop,0.005
2020-04-08 08:00:00,2020-04-15 04:00:00,buy,0.01,1650.96,1717.87,66.91,2.31,med,trail_stop,0.01
2020-04-15 08:00:00,2020-04-16 16:00:00,buy,0.01,1712.6,1709.1,-3.5,-0.12,high,trail_stop,0.015
2020-04-16 20:00:00,2020-04-17 04:00:00,buy,0.01,1718.91,1688.8,-30.11,-1.02,high,stop_loss,0.015
2020-04-17 08:00:00,2020-04-21 08:00:00,buy,0.01,1695.18,1663.22,-31.95,-1.03,high,stop_loss,0.015
2020-04-21 12:00:00,2020-04-27 12:00:00,buy,0.01,1667.21,1707.95,40.74,1.35,med,trail_stop,0.01
2020-04-27 16:00:00,2020-04-30 16:00:00,buy,0.02,1711.45,1685.8,-51.3,-1.02,high,stop_loss,0.015
2020-04-30 20:00:00,2020-05-06 12:00:00,buy,0.02,1687.27,1688.14,1.72,0.03,high,trail_stop,0.015
2020-05-06 16:00:00,2020-05-08 20:00:00,buy,0.02,1689.56,1700.26,21.4,0.48,high,trail_stop,0.015
2020-05-10 20:00:00,2020-05-18 12:00:00,buy,0.02,1702.19,1744.04,83.71,2.03,high,trail_stop,0.015
2020-05-18 16:00:00,2020-05-21 12:00:00,buy,0.01,1734.94,1729.88,-5.06,-0.21,med,trail_stop,0.01
2020-05-21 16:00:00,2020-05-26 12:00:00,buy,0.02,1724.72,1719.3,-10.85,-0.27,high,trail_stop,0.015
2020-05-26 16:00:00,2020-05-27 12:00:00,buy,0.02,1714.3,1696.73,-35.15,-1.02,high,stop_loss,0.015
2020-05-27 16:00:00,2020-06-02 12:00:00,buy,0.02,1701.38,1727.1,51.44,1.5,high,trail_stop,0.015
2020-06-02 16:00:00,2020-06-03 12:00:00,buy,0.02,1729.93,1711.04,-37.79,-1.02,high,stop_loss,0.015
2020-06-03 16:00:00,2020-06-05 12:00:00,buy,0.02,1700.01,1699.59,-0.84,-0.02,high,trail_stop,0.015
2020-06-05 16:00:00,2020-06-15 04:00:00,buy,0.01,1678.36,1720.82,42.46,1.81,med,trail_stop,0.01
2020-06-15 08:00:00,2020-06-17 08:00:00,buy,0.02,1721.64,1713.06,-17.17,-0.44,high,trail_stop,0.015
2020-06-17 12:00:00,2020-06-18 12:00:00,buy,0.02,1717.64,1718.46,1.65,0.04,high,trail_stop,0.015
2020-06-18 16:00:00,2020-06-24 20:00:00,buy,0.02,1722.77,1760.0,74.45,1.96,high,trail_stop,0.015
2020-06-25 00:00:00,2020-07-01 12:00:00,buy,0.02,1762.28,1770.71,16.85,0.47,high,trail_stop,0.015
2020-07-01 16:00:00,2020-07-09 12:00:00,buy,0.02,1767.08,1799.55,64.94,1.81,high,trail_stop,0.015
2020-07-09 16:00:00,2020-07-10 16:00:00,buy,0.03,1801.32,1794.07,-21.74,-0.45,high,trail_stop,0.015
2020-07-10 20:00:00,2020-07-14 00:00:00,buy,0.03,1799.65,1796.99,-7.98,-0.17,high,trail_stop,0.015
2020-07-14 04:00:00,2020-07-16 16:00:00,buy,0.03,1798.03,1800.4,7.13,0.17,high,trail_stop,0.015
2020-07-16 20:00:00,2020-07-22 04:00:00,buy,0.03,1795.59,1851.42,167.48,3.99,high,trail_stop,0.015
2020-07-22 08:00:00,2020-07-23 12:00:00,buy,0.03,1854.52,1873.12,55.79,1.23,high,trail_stop,0.015
2020-07-23 16:00:00,2020-07-28 00:00:00,buy,0.02,1896.88,1945.81,97.86,2.33,high,trail_stop,0.015
2020-07-28 04:00:00,2020-07-28 04:00:00,buy,0.02,1943.73,1912.24,-62.97,-1.01,high,stop_loss,0.015
2020-07-28 08:00:00,2020-07-30 08:00:00,buy,0.01,1913.43,1945.79,32.36,0.93,high,trail_stop,0.015
2020-07-30 12:00:00,2020-08-07 12:00:00,buy,0.01,1953.61,2041.52,87.91,2.67,high,trail_stop,0.015
2020-08-07 16:00:00,2020-08-11 00:00:00,buy,0.01,2028.39,2015.02,-13.36,-0.39,high,trail_stop,0.015
2020-08-11 04:00:00,2020-08-11 04:00:00,buy,0.02,2020.58,1990.58,-59.99,-1.01,high,stop_loss,0.015
2020-08-11 08:00:00,2020-08-11 12:00:00,buy,0.01,1995.37,1963.02,-32.35,-1.01,high,stop_loss,0.015
2020-08-11 16:00:00,2020-08-11 20:00:00,buy,0.01,1943.31,1905.86,-37.45,-1.01,high,stop_loss,0.015
2020-08-12 00:00:00,2020-08-12 04:00:00,buy,0.01,1909.42,1867.77,-41.64,-1.01,high,stop_loss,0.015
2020-08-12 08:00:00,2020-08-19 12:00:00,buy,0.01,1936.71,1961.48,24.77,0.46,med,trail_stop,0.01
2020-08-19 16:00:00,2020-08-19 20:00:00,buy,0.01,1963.42,1924.84,-38.58,-1.01,high,stop_loss,0.015
2020-08-20 00:00:00,2020-08-21 08:00:00,buy,0.01,1927.97,1914.9,-13.07,-0.32,high,trail_stop,0.015
2020-08-21 12:00:00,2020-08-25 08:00:00,buy,0.01,1916.35,1921.58,5.23,0.13,high,trail_stop,0.015
2020-08-25 12:00:00,2020-08-27 12:00:00,buy,0.01,1925.74,1923.03,-2.71,-0.09,high,trail_stop,0.015
2020-08-27 16:00:00,2020-09-02 12:00:00,buy,0.01,1928.96,1955.17,26.21,0.71,high,trail_stop,0.015
2020-09-02 16:00:00,2020-09-08 08:00:00,buy,0.01,1944.25,1913.47,-30.78,-1.01,high,stop_loss,0.015
2020-09-08 12:00:00,2020-09-10 16:00:00,buy,0.02,1916.02,1941.76,51.48,1.06,high,trail_stop,0.015
2020-09-10 20:00:00,2020-09-17 00:00:00,buy,0.02,1942.88,1948.08,10.4,0.21,high,trail_stop,0.015
2020-09-17 04:00:00,2020-09-21 08:00:00,buy,0.02,1939.77,1937.28,-4.97,-0.11,high,trail_stop,0.015
2020-09-21 12:00:00,2020-09-21 12:00:00,buy,0.02,1933.14,1912.76,-40.74,-1.01,high,stop_loss,0.015
2020-09-21 16:00:00,2020-09-23 00:00:00,buy,0.01,1900.15,1893.52,-6.63,-0.25,med,trail_stop,0.01
2020-09-23 04:00:00,2020-09-23 12:00:00,buy,0.01,1893.24,1867.4,-25.84,-1.01,med,stop_loss,0.01
2020-09-23 16:00:00,2020-10-05 04:00:00,buy,0.01,1864.36,1887.64,23.28,0.8,med,trail_stop,0.01
2020-10-05 08:00:00,2020-10-06 16:00:00,buy,0.01,1892.39,1900.57,8.18,0.41,low,trail_stop,0.005
2020-10-06 20:00:00,2020-10-13 00:00:00,buy,0.01,1887.96,1910.95,22.99,1.05,low,trail_stop,0.005
2020-10-13 04:00:00,2020-10-13 12:00:00,buy,0.02,1911.64,1906.18,-10.94,-0.3,med,trail_stop,0.01
2020-10-13 16:00:00,2020-10-15 08:00:00,buy,0.01,1894.82,1890.1,-4.71,-0.21,low,trail_stop,0.005
2020-10-15 12:00:00,2020-10-20 00:00:00,buy,0.02,1891.8,1898.54,13.47,0.35,med,trail_stop,0.01
2020-10-20 04:00:00,2020-10-22 00:00:00,buy,0.02,1901.17,1914.61,26.87,0.82,med,trail_stop,0.01
2020-10-22 04:00:00,2020-10-22 12:00:00,buy,0.02,1913.91,1896.2,-35.42,-1.02,med,stop_loss,0.01
2020-10-22 16:00:00,2020-10-25 20:00:00,buy,0.02,1900.51,1895.15,-10.72,-0.29,med,trail_stop,0.01
2020-10-26 00:00:00,2020-10-28 08:00:00,buy,0.02,1898.7,1893.23,-10.93,-0.31,med,trail_stop,0.01
2020-10-28 12:00:00,2020-10-28 12:00:00,buy,0.02,1891.85,1875.51,-32.68,-1.02,med,stop_loss,0.01
2020-10-28 16:00:00,2020-10-29 12:00:00,buy,0.02,1882.52,1864.11,-36.8,-1.02,med,stop_loss,0.01
2020-10-29 16:00:00,2020-11-04 00:00:00,buy,0.01,1868.29,1897.69,29.4,1.63,low,trail_stop,0.005
2020-11-04 04:00:00,2020-11-09 08:00:00,buy,0.01,1896.99,1944.62,47.63,2.32,low,trail_stop,0.005
2020-11-09 12:00:00,2020-11-09 12:00:00,buy,0.01,1938.42,1913.36,-25.06,-1.01,low,stop_loss,0.005
2020-11-23 08:00:00,2020-11-23 12:00:00,buy,0.01,1874.97,1858.21,-16.76,-1.02,low,stop_loss,0.005
2020-12-24 00:00:00,2020-12-28 04:00:00,buy,0.01,1872.82,1879.17,6.34,0.31,low,trail_stop,0.005
2020-12-28 08:00:00,2020-12-28 16:00:00,buy,0.01,1885.3,1875.18,-10.12,-0.48,low,trail_stop,0.005
2020-12-28 20:00:00,2021-01-06 12:00:00,buy,0.01,1876.38,1935.31,58.93,2.5,low,trail_stop,0.005
2021-01-06 16:00:00,2021-01-08 08:00:00,buy,0.01,1909.94,1902.09,-7.85,-0.31,low,trail_stop,0.005
2021-01-08 12:00:00,2021-01-08 12:00:00,buy,0.01,1894.32,1869.05,-25.27,-1.01,low,stop_loss,0.005
2021-01-08 16:00:00,2021-01-08 16:00:00,buy,0.01,1863.11,1833.23,-29.88,-1.01,low,stop_loss,0.005
2021-02-18 20:00:00,2021-02-19 12:00:00,sell,0.01,1774.94,1781.93,-6.99,-0.33,low,trail_stop,0.005
2021-02-19 16:00:00,2021-02-22 12:00:00,sell,0.01,1785.46,1808.36,-22.9,-1.01,low,stop_loss,0.005
2021-02-22 16:00:00,2021-02-24 20:00:00,sell,0.01,1808.56,1805.43,3.13,0.14,low,trail_stop,0.005
2021-02-25 00:00:00,2021-02-28 20:00:00,sell,0.01,1802.64,1738.38,64.26,3.07,low,trail_stop,0.005
2021-03-01 00:00:00,2021-03-02 12:00:00,sell,0.01,1738.8,1733.91,4.89,0.18,low,trail_stop,0.005
2021-03-02 16:00:00,2021-03-09 08:00:00,sell,0.01,1725.0,1705.95,19.05,0.66,low,trail_stop,0.005
2021-03-09 12:00:00,2021-03-11 00:00:00,sell,0.01,1708.64,1733.54,-24.9,-1.01,med,stop_loss,0.01
2021-03-11 04:00:00,2021-03-12 16:00:00,sell,0.02,1731.39,1720.62,21.55,0.51,high,trail_stop,0.015
2021-03-12 20:00:00,2021-03-17 16:00:00,sell,0.01,1722.1,1744.33,-22.22,-1.01,med,stop_loss,0.01
2021-03-17 20:00:00,2021-03-19 04:00:00,sell,0.02,1744.76,1738.53,12.45,0.33,med,trail_stop,0.01
2021-03-19 08:00:00,2021-03-25 12:00:00,sell,0.01,1741.31,1743.89,-2.58,-0.13,med,trail_stop,0.01
2021-03-25 16:00:00,2021-03-31 12:00:00,sell,0.03,1730.48,1694.71,107.3,2.15,high,trail_stop,0.015
2021-03-31 16:00:00,2021-04-01 12:00:00,sell,0.02,1707.82,1727.11,-38.58,-1.01,med,stop_loss,0.01
2021-04-01 16:00:00,2021-04-08 04:00:00,sell,0.02,1727.91,1747.06,-38.31,-1.01,med,stop_loss,0.01
2021-04-08 08:00:00,2021-04-09 16:00:00,sell,0.02,1744.78,1746.23,-2.9,-0.1,med,trail_stop,0.01
2021-04-09 20:00:00,2021-04-13 12:00:00,sell,0.02,1742.59,1739.11,6.97,0.23,med,trail_stop,0.01
2021-04-13 16:00:00,2021-04-15 08:00:00,sell,0.01,1743.41,1748.87,-5.46,-0.34,low,trail_stop,0.005
2021-04-15 12:00:00,2021-04-15 12:00:00,sell,0.02,1744.38,1758.93,-29.1,-1.02,med,stop_loss,0.01
2021-04-15 16:00:00,2021-04-16 12:00:00,sell,0.01,1766.15,1783.26,-17.1,-1.02,low,stop_loss,0.005
2021-04-16 16:00:00,2021-04-20 16:00:00,sell,0.01,1778.48,1780.54,-2.06,-0.12,low,trail_stop,0.005
2021-05-11 08:00:00,2021-05-11 12:00:00,buy,0.01,1835.32,1819.7,-15.61,-1.02,low,stop_loss,0.005
2021-05-11 16:00:00,2021-05-12 16:00:00,buy,0.01,1833.51,1825.69,-7.82,-0.44,low,trail_stop,0.005
2021-05-12 20:00:00,2021-05-19 08:00:00,buy,0.01,1820.11,1856.56,36.45,2.02,low,trail_stop,0.005
2021-05-19 12:00:00,2021-05-19 16:00:00,buy,0.01,1856.06,1873.22,17.15,1.04,low,trail_stop,0.005
2021-05-19 20:00:00,2021-05-27 12:00:00,buy,0.01,1870.87,1890.17,19.3,0.87,low,trail_stop,0.005
2021-05-27 16:00:00,2021-06-01 12:00:00,buy,0.02,1893.52,1899.06,11.08,0.32,med,trail_stop,0.01
2021-06-01 16:00:00,2021-06-03 04:00:00,buy,0.03,1899.9,1894.12,-17.34,-0.38,high,trail_stop,0.015
2021-06-03 08:00:00,2021-06-03 12:00:00,buy,0.03,1893.82,1879.77,-42.16,-1.02,high,stop_loss,0.015
2021-06-03 16:00:00,2021-06-08 12:00:00,buy,0.02,1869.56,1886.1,33.09,0.98,med,trail_stop,0.01
2021-06-08 16:00:00,2021-06-10 12:00:00,buy,0.02,1891.4,1874.13,-34.54,-1.02,med,stop_loss,0.01
2021-06-10 16:00:00,2021-06-11 12:00:00,buy,0.02,1893.88,1885.66,-16.42,-0.48,med,trail_stop,0.01
2021-06-11 16:00:00,2021-06-14 00:00:00,buy,0.02,1880.44,1863.29,-34.3,-1.02,med,stop_loss,0.01
2021-06-14 04:00:00,2021-06-14 12:00:00,buy,0.02,1865.56,1849.64,-31.85,-1.02,med,stop_loss,0.01
2021-06-14 16:00:00,2021-06-16 16:00:00,buy,0.02,1864.34,1845.61,-37.45,-1.01,med,stop_loss,0.01
2021-06-16 20:00:00,2021-06-16 20:00:00,buy,0.01,1828.23,1808.85,-19.38,-1.02,low,stop_loss,0.005
2021-06-17 00:00:00,2021-06-17 08:00:00,buy,0.01,1818.96,1797.07,-21.89,-1.01,low,stop_loss,0.005
2021-06-17 12:00:00,2021-06-18 16:00:00,buy,0.01,1788.61,1763.72,-24.88,-1.01,low,stop_loss,0.005
2021-06-29 12:00:00,2021-06-29 16:00:00,sell,0.01,1770.11,1764.91,5.21,0.37,low,trail_stop,0.005
2021-06-29 20:00:00,2021-07-01 04:00:00,sell,0.01,1760.65,1777.32,-16.68,-1.02,low,stop_loss,0.005
2021-07-01 08:00:00,2021-07-02 08:00:00,sell,0.01,1776.51,1783.98,-7.48,-0.48,low,trail_stop,0.005
2021-07-02 12:00:00,2021-07-02 16:00:00,sell,0.01,1785.49,1791.42,-5.92,-0.39,low,trail_stop,0.005
2021-07-02 20:00:00,2021-07-06 04:00:00,sell,0.01,1787.42,1804.87,-17.45,-1.02,low,stop_loss,0.005
2021-07-06 08:00:00,2021-07-07 04:00:00,sell,0.01,1807.04,1804.3,2.74,0.19,low,trail_stop,0.005
2021-07-07 08:00:00,2021-07-08 08:00:00,sell,0.01,1805.01,1812.02,-7.01,-0.45,low,trail_stop,0.005
2021-08-13 04:00:00,2021-08-13 12:00:00,sell,0.01,1754.82,1772.59,-17.77,-1.02,low,stop_loss,0.005
2021-08-16 00:00:00,2021-08-17 04:00:00,sell,0.01,1778.5,1794.61,-16.11,-1.02,low,stop_loss,0.005
2021-08-20 12:00:00,2021-08-23 08:00:00,sell,0.01,1784.28,1792.03,-7.75,-0.5,low,trail_stop,0.005
2021-09-24 20:00:00,2021-09-30 12:00:00,sell,0.01,1746.4,1740.0,6.4,0.35,low,trail_stop,0.005
2021-09-30 16:00:00,2021-10-08 12:00:00,sell,0.01,1757.63,1767.47,-9.84,-0.46,low,trail_stop,0.005
2021-10-08 16:00:00,2021-10-13 12:00:00,sell,0.01,1758.24,1776.04,-17.8,-1.01,low,stop_loss,0.005
2021-10-13 16:00:00,2021-10-19 04:00:00,sell,0.01,1794.16,1778.62,15.54,0.85,low,trail_stop,0.005
2021-11-12 00:00:00,2021-11-16 16:00:00,buy,0.01,1862.48,1858.38,-4.1,-0.22,low,trail_stop,0.005
2021-11-16 20:00:00,2021-11-19 08:00:00,buy,0.01,1851.81,1851.58,-0.23,-0.01,low,trail_stop,0.005
2021-11-19 12:00:00,2021-11-19 16:00:00,buy,0.02,1861.98,1845.71,-32.55,-1.02,med,stop_loss,0.01
2021-11-19 20:00:00,2021-11-22 12:00:00,buy,0.01,1849.8,1831.36,-18.45,-1.02,med,stop_loss,0.01
2021-11-22 16:00:00,2021-11-23 08:00:00,buy,0.01,1818.6,1797.93,-20.67,-1.01,low,stop_loss,0.005
2021-11-23 12:00:00,2021-11-26 16:00:00,buy,0.01,1794.18,1794.23,0.05,0.0,low,trail_stop,0.005
2022-01-18 08:00:00,2022-01-18 12:00:00,buy,0.01,1816.35,1805.46,-10.89,-1.02,low,stop_loss,0.005
2022-01-21 16:00:00,2022-01-24 12:00:00,buy,0.01,1834.73,1829.35,-5.38,-0.37,low,trail_stop,0.005
2022-01-24 16:00:00,2022-01-26 12:00:00,buy,0.01,1834.64,1839.28,4.64,0.33,low,trail_stop,0.005
2022-01-26 16:00:00,2022-01-26 16:00:00,buy,0.01,1834.37,1819.1,-15.27,-1.02,low,stop_loss,0.005
2022-01-26 20:00:00,2022-01-27 12:00:00,buy,0.01,1819.53,1802.64,-16.89,-1.02,low,stop_loss,0.005
2022-02-10 08:00:00,2022-02-10 12:00:00,buy,0.01,1834.87,1824.45,-10.42,-1.03,low,stop_loss,0.005
2022-02-10 16:00:00,2022-02-10 20:00:00,buy,0.01,1835.77,1829.5,-6.27,-0.52,low,trail_stop,0.005
2022-02-11 00:00:00,2022-02-14 00:00:00,buy,0.01,1826.98,1852.29,25.31,1.98,low,trail_stop,0.005
2022-02-15 00:00:00,2022-02-15 08:00:00,buy,0.01,1871.2,1853.71,-17.49,-1.02,low,stop_loss,0.005
2022-02-16 04:00:00,2022-02-21 04:00:00,buy,0.01,1852.91,1889.79,36.88,2.04,low,trail_stop,0.005
2022-02-21 08:00:00,2022-02-22 08:00:00,buy,0.01,1891.89,1895.04,3.15,0.17,med,trail_stop,0.01
2022-02-22 12:00:00,2022-02-24 12:00:00,buy,0.01,1894.01,1954.85,60.84,3.16,med,trail_stop,0.01
2022-03-03 08:00:00,2022-03-07 12:00:00,buy,0.01,1932.26,1972.96,40.7,1.39,med,trail_stop,0.01
2022-03-07 16:00:00,2022-03-08 16:00:00,buy,0.01,1981.06,2037.87,56.82,1.8,med,trail_stop,0.01
2022-03-08 20:00:00,2022-03-09 12:00:00,buy,0.01,2039.63,1993.24,-46.39,-1.01,med,stop_loss,0.01
2022-03-09 16:00:00,2022-03-15 00:00:00,buy,0.01,1996.27,1944.17,-52.1,-1.01,med,stop_loss,0.01
2022-03-15 04:00:00,2022-03-15 12:00:00,buy,0.01,1942.4,1908.99,-33.4,-1.01,med,stop_loss,0.01
2022-03-15 16:00:00,2022-03-22 12:00:00,buy,0.01,1925.36,1915.74,-9.63,-0.29,med,trail_stop,0.01
2022-03-22 16:00:00,2022-03-28 04:00:00,buy,0.01,1918.05,1941.81,23.76,0.99,med,trail_stop,0.01
2022-03-28 08:00:00,2022-03-28 16:00:00,buy,0.01,1933.45,1923.6,-9.85,-0.46,med,trail_stop,0.01
2022-03-28 20:00:00,2022-03-29 12:00:00,buy,0.01,1919.38,1895.22,-24.16,-1.01,med,stop_loss,0.01
2022-03-29 16:00:00,2022-04-01 08:00:00,buy,0.01,1915.49,1924.4,8.91,0.36,med,trail_stop,0.01
2022-04-01 12:00:00,2022-04-05 16:00:00,buy,0.01,1928.88,1922.77,-6.1,-0.29,med,trail_stop,0.01
2022-04-05 20:00:00,2022-04-11 16:00:00,buy,0.01,1920.62,1949.58,28.96,1.47,med,trail_stop,0.01
2022-04-11 20:00:00,2022-04-14 12:00:00,buy,0.01,1953.92,1960.8,6.88,0.34,med,trail_stop,0.01
2022-04-14 16:00:00,2022-04-18 16:00:00,buy,0.02,1966.93,1978.31,22.75,0.58,high,trail_stop,0.015
2022-04-18 20:00:00,2022-04-19 12:00:00,buy,0.02,1978.42,1958.11,-40.61,-1.01,high,stop_loss,0.015
2022-04-19 16:00:00,2022-04-22 08:00:00,buy,0.01,1956.6,1935.36,-21.24,-1.01,med,stop_loss,0.01
2022-04-22 12:00:00,2022-04-25 00:00:00,buy,0.01,1935.56,1925.97,-9.59,-0.48,med,trail_stop,0.01
2022-04-25 04:00:00,2022-04-25 12:00:00,buy,0.01,1924.28,1904.15,-20.13,-1.01,med,stop_loss,0.01
2022-04-25 16:00:00,2022-04-27 08:00:00,buy,0.01,1895.98,1888.68,-7.3,-0.33,med,trail_stop,0.01
2022-04-27 12:00:00,2022-04-28 00:00:00,buy,0.01,1900.51,1879.71,-20.79,-1.02,low,stop_loss,0.005
2022-04-28 04:00:00,2022-04-29 16:00:00,buy,0.01,1879.13,1898.83,19.7,0.95,low,trail_stop,0.005
2022-04-29 20:00:00,2022-05-02 12:00:00,buy,0.01,1896.81,1873.63,-23.17,-1.01,low,stop_loss,0.005
2022-05-16 00:00:00,2022-05-16 12:00:00,sell,0.01,1812.73,1807.56,5.17,0.25,low,trail_stop,0.005
2022-05-17 04:00:00,2022-05-19 08:00:00,sell,0.01,1822.25,1830.37,-8.13,-0.36,low,trail_stop,0.005
2022-05-19 12:00:00,2022-05-22 20:00:00,sell,0.01,1830.17,1851.64,-21.47,-1.01,low,stop_loss,0.005
2022-05-23 00:00:00,2022-05-23 08:00:00,sell,0.01,1845.91,1865.49,-19.58,-1.02,low,stop_loss,0.005
2022-05-23 12:00:00,2022-05-24 12:00:00,sell,0.01,1861.9,1865.97,-4.08,-0.22,low,trail_stop,0.005
2022-05-24 16:00:00,2022-05-27 08:00:00,sell,0.01,1868.81,1859.92,8.89,0.47,low,trail_stop,0.005
2022-05-27 12:00:00,2022-06-01 12:00:00,sell,0.01,1858.01,1844.73,13.28,0.83,low,trail_stop,0.005
2022-06-24 04:00:00,2022-06-29 12:00:00,sell,0.01,1824.74,1829.98,-5.24,-0.3,low,trail_stop,0.005
2022-06-29 16:00:00,2022-06-30 12:00:00,sell,0.01,1818.16,1819.8,-1.64,-0.1,low,trail_stop,0.005
2022-06-30 16:00:00,2022-07-01 12:00:00,sell,0.01,1813.96,1803.04,10.92,0.61,low,trail_stop,0.005
2022-07-01 16:00:00,2022-07-08 12:00:00,sell,0.01,1805.91,1752.11,53.8,2.73,low,trail_stop,0.005
2022-07-08 16:00:00,2022-07-13 12:00:00,sell,0.01,1742.08,1741.97,0.11,0.01,med,trail_stop,0.01
2022-07-13 16:00:00,2022-07-18 00:00:00,sell,0.02,1737.04,1717.83,38.41,0.96,high,trail_stop,0.015
2022-07-18 04:00:00,2022-07-21 12:00:00,sell,0.02,1715.59,1698.65,33.88,0.96,high,trail_stop,0.015
2022-07-21 16:00:00,2022-07-22 12:00:00,sell,0.02,1712.87,1731.88,-38.02,-1.01,high,stop_loss,0.015
2022-07-22 16:00:00,2022-07-27 16:00:00,sell,0.02,1730.86,1730.87,-0.01,-0.0,high,trail_stop,0.015
2022-07-27 20:00:00,2022-07-28 12:00:00,sell,0.02,1733.95,1751.59,-35.27,-1.01,high,stop_loss,0.015
2022-07-28 16:00:00,2022-08-01 08:00:00,sell,0.02,1752.71,1772.11,-38.79,-1.01,high,stop_loss,0.015
2022-08-01 12:00:00,2022-08-03 12:00:00,sell,0.02,1772.29,1772.56,-0.53,-0.02,high,trail_stop,0.015
2022-08-03 16:00:00,2022-08-04 08:00:00,sell,0.01,1758.17,1778.3,-20.13,-1.01,med,stop_loss,0.01
2022-08-04 12:00:00,2022-08-04 16:00:00,sell,0.01,1785.32,1793.1,-7.77,-0.42,med,trail_stop,0.01
2022-08-04 20:00:00,2022-08-08 12:00:00,sell,0.01,1793.19,1784.53,8.66,0.45,med,trail_stop,0.01
2022-08-08 16:00:00,2022-08-10 12:00:00,sell,0.01,1786.78,1803.98,-17.2,-1.02,low,stop_loss,0.005
2022-08-10 16:00:00,2022-08-11 12:00:00,sell,0.01,1797.67,1799.23,-1.55,-0.1,low,trail_stop,0.005
2022-08-11 16:00:00,2022-08-23 12:00:00,sell,0.01,1790.1,1744.03,46.07,2.86,low,trail_stop,0.005
2022-08-23 16:00:00,2022-08-25 08:00:00,sell,0.02,1749.37,1765.06,-31.37,-1.02,med,stop_loss,0.01
2022-08-25 12:00:00,2022-08-29 12:00:00,sell,0.02,1762.11,1734.18,55.86,2.04,med,trail_stop,0.01
2022-08-29 16:00:00,2022-09-02 08:00:00,sell,0.02,1740.15,1705.79,68.73,2.04,med,trail_stop,0.01
2022-09-02 12:00:00,2022-09-06 00:00:00,sell,0.03,1705.47,1720.18,-44.11,-1.02,high,stop_loss,0.015
2022-09-06 04:00:00,2022-09-07 08:00:00,sell,0.03,1717.37,1705.1,36.83,0.9,high,trail_stop,0.015
2022-09-07 12:00:00,2022-09-07 16:00:00,sell,0.03,1700.79,1716.0,-45.65,-1.02,high,stop_loss,0.015
2022-09-07 20:00:00,2022-09-09 00:00:00,sell,0.02,1716.87,1720.63,-7.52,-0.23,high,trail_stop,0.015
2022-09-09 04:00:00,2022-09-16 12:00:00,sell,0.01,1718.9,1671.9,47.01,2.67,med,trail_stop,0.01
2022-09-16 16:00:00,2022-09-21 16:00:00,sell,0.01,1673.62,1680.7,-7.08,-0.34,med,trail_stop,0.01
2022-09-21 20:00:00,2022-09-22 08:00:00,sell,0.02,1672.01,1675.92,-7.83,-0.19,high,trail_stop,0.015
2022-09-22 12:00:00,2022-09-26 04:00:00,sell,0.02,1671.84,1648.04,47.59,1.12,high,trail_stop,0.015
2022-09-26 08:00:00,2022-09-28 12:00:00,sell,0.02,1643.72,1637.33,12.78,0.29,high,trail_stop,0.015
2022-09-28 16:00:00,2022-09-30 04:00:00,sell,0.01,1658.42,1665.69,-7.27,-0.3,med,trail_stop,0.01
2022-09-30 08:00:00,2022-10-03 12:00:00,sell,0.01,1672.76,1680.95,-8.19,-0.39,med,trail_stop,0.01
2022-10-03 16:00:00,2022-10-04 08:00:00,sell,0.01,1690.0,1711.77,-21.76,-1.01,med,stop_loss,0.01
2022-10-04 12:00:00,2022-10-04 12:00:00,sell,0.01,1705.51,1726.85,-21.35,-1.01,med,stop_loss,0.01
2022-10-04 16:00:00,2022-10-06 00:00:00,sell,0.01,1725.41,1723.89,1.52,0.07,med,trail_stop,0.01
2022-10-06 04:00:00,2022-10-11 12:00:00,sell,0.01,1721.8,1681.78,40.02,1.94,med,trail_stop,0.01
2022-10-11 16:00:00,2022-10-13 08:00:00,sell,0.01,1681.25,1680.95,0.3,0.02,med,trail_stop,0.01
2022-10-13 12:00:00,2022-10-13 16:00:00,sell,0.02,1678.38,1660.15,36.46,1.04,med,trail_stop,0.01
2022-10-13 20:00:00,2022-10-17 12:00:00,sell,0.01,1663.44,1661.75,1.69,0.08,med,trail_stop,0.01
2022-10-17 16:00:00,2022-10-20 12:00:00,sell,0.02,1662.93,1641.9,42.06,1.09,high,trail_stop,0.015
2022-10-20 16:00:00,2022-10-21 12:00:00,sell,0.02,1640.78,1635.16,11.24,0.32,high,trail_stop,0.015
2022-10-21 16:00:00,2022-10-25 12:00:00,sell,0.01,1650.35,1659.62,-9.27,-0.44,med,trail_stop,0.01
2022-10-25 16:00:00,2022-11-01 08:00:00,sell,0.01,1655.56,1651.34,4.22,0.21,med,trail_stop,0.01
2022-11-01 12:00:00,2022-11-02 12:00:00,sell,0.03,1651.94,1658.36,-19.26,-0.4,high,trail_stop,0.015
2022-11-02 16:00:00,2022-11-02 16:00:00,sell,0.03,1645.92,1662.11,-48.59,-1.02,high,stop_loss,0.015
2022-11-02 20:00:00,2022-11-04 00:00:00,sell,0.02,1636.34,1636.35,-0.02,-0.0,high,trail_stop,0.015
2022-11-04 04:00:00,2022-11-04 12:00:00,sell,0.02,1638.68,1658.0,-38.65,-1.02,high,stop_loss,0.015
2022-11-04 16:00:00,2022-11-08 12:00:00,sell,0.01,1670.69,1693.43,-22.75,-1.01,med,stop_loss,0.01
2022-11-08 16:00:00,2022-11-10 12:00:00,sell,0.01,1712.59,1735.39,-22.8,-1.01,low,stop_loss,0.005
2022-12-05 00:00:00,2022-12-05 12:00:00,buy,0.01,1799.09,1791.46,-7.62,-0.42,low,trail_stop,0.005
2022-12-06 04:00:00,2022-12-12 04:00:00,buy,0.01,1772.13,1785.87,13.74,0.69,low,trail_stop,0.005
2022-12-12 08:00:00,2022-12-13 16:00:00,buy,0.01,1791.44,1808.21,16.77,1.06,low,trail_stop,0.005
2022-12-13 20:00:00,2022-12-15 00:00:00,buy,0.01,1811.6,1792.17,-19.43,-1.01,low,stop_loss,0.005
2022-12-15 04:00:00,2022-12-15 08:00:00,buy,0.01,1793.23,1774.01,-19.22,-1.01,low,stop_loss,0.005
2022-12-15 12:00:00,2022-12-22 12:00:00,buy,0.01,1779.04,1803.59,24.55,1.24,low,trail_stop,0.005
2022-12-22 16:00:00,2022-12-27 16:00:00,buy,0.01,1795.69,1815.83,20.14,1.18,low,trail_stop,0.005
2022-12-27 20:00:00,2023-01-03 08:00:00,buy,0.01,1813.25,1830.9,17.65,0.94,low,trail_stop,0.005
2023-01-03 12:00:00,2023-01-03 16:00:00,buy,0.01,1833.35,1831.02,-2.33,-0.13,low,trail_stop,0.005
2023-01-03 20:00:00,2023-01-05 08:00:00,buy,0.01,1839.24,1844.21,4.97,0.24,med,trail_stop,0.01
2023-01-05 12:00:00,2023-01-05 12:00:00,buy,0.01,1846.41,1827.08,-19.33,-1.01,med,stop_loss,0.01
2023-01-05 16:00:00,2023-01-17 04:00:00,buy,0.01,1827.02,1907.54,80.51,3.82,med,trail_stop,0.01
2023-01-17 08:00:00,2023-01-18 16:00:00,buy,0.02,1910.12,1908.36,-3.54,-0.1,high,trail_stop,0.015
2023-01-18 20:00:00,2023-01-23 12:00:00,buy,0.02,1905.3,1918.4,26.21,0.7,high,trail_stop,0.015
2023-01-23 16:00:00,2023-01-24 12:00:00,buy,0.02,1923.1,1922.79,-0.62,-0.02,high,trail_stop,0.015
2023-01-24 16:00:00,2023-01-26 12:00:00,buy,0.02,1935.15,1928.57,-13.15,-0.32,high,trail_stop,0.015
2023-01-26 16:00:00,2023-01-31 08:00:00,buy,0.02,1924.92,1903.15,-43.53,-1.01,high,stop_loss,0.015
2023-01-31 12:00:00,2023-02-02 12:00:00,buy,0.02,1904.37,1941.4,74.05,2.06,high,trail_stop,0.015
2023-02-02 16:00:00,2023-02-03 12:00:00,buy,0.02,1926.32,1902.33,-47.99,-1.01,high,stop_loss,0.015
2023-02-03 16:00:00,2023-02-09 16:00:00,buy,0.01,1873.24,1863.45,-9.79,-0.37,med,trail_stop,0.01
2023-02-09 20:00:00,2023-02-15 04:00:00,buy,0.01,1862.14,1840.77,-21.37,-1.01,med,stop_loss,0.01
2023-02-15 08:00:00,2023-02-22 16:00:00,buy,0.01,1835.81,1826.98,-8.83,-0.44,med,trail_stop,0.01
2023-02-22 20:00:00,2023-02-23 12:00:00,buy,0.01,1825.18,1817.66,-7.52,-0.48,low,trail_stop,0.005
2023-02-23 16:00:00,2023-02-27 00:00:00,buy,0.01,1823.66,1807.92,-15.74,-1.02,low,stop_loss,0.005
2023-03-15 00:00:00,2023-03-16 00:00:00,buy,0.01,1903.2,1914.4,11.2,0.49,low,trail_stop,0.005
2023-03-16 08:00:00,2023-03-20 08:00:00,buy,0.01,1916.9,1983.55,66.64,2.58,low,trail_stop,0.005
2023-03-22 12:00:00,2023-03-24 16:00:00,buy,0.01,1942.62,1976.53,33.91,1.29,med,trail_stop,0.01
2023-03-24 20:00:00,2023-03-27 08:00:00,buy,0.01,1976.24,1948.44,-27.79,-1.01,med,stop_loss,0.01
2023-03-27 12:00:00,2023-04-02 20:00:00,buy,0.01,1954.34,1961.0,6.66,0.25,med,trail_stop,0.01
2023-04-03 00:00:00,2023-04-06 00:00:00,buy,0.02,1957.29,2012.63,110.68,2.9,high,trail_stop,0.015
2023-04-06 04:00:00,2023-04-10 00:00:00,buy,0.02,2011.56,1990.88,-41.36,-1.01,high,stop_loss,0.015
2023-04-10 04:00:00,2023-04-10 12:00:00,buy,0.02,1991.12,1981.52,-19.2,-0.46,high,trail_stop,0.015
2023-04-10 16:00:00,2023-04-12 16:00:00,buy,0.02,1988.82,2006.34,35.04,0.81,high,trail_stop,0.015
2023-04-12 20:00:00,2023-04-14 12:00:00,buy,0.02,2008.07,2025.83,35.53,0.79,high,trail_stop,0.015
2023-04-14 16:00:00,2023-04-14 16:00:00,buy,0.02,2024.89,2001.16,-47.47,-1.01,high,stop_loss,0.015
2023-04-14 20:00:00,2023-04-17 16:00:00,buy,0.02,1999.76,1987.83,-23.87,-0.44,high,trail_stop,0.015
2023-04-17 20:00:00,2023-04-19 08:00:00,buy,0.02,1991.73,1985.89,-11.67,-0.23,high,trail_stop,0.015
2023-04-19 12:00:00,2023-04-21 08:00:00,buy,0.02,1980.24,1989.2,17.93,0.39,high,trail_stop,0.015
2023-04-21 12:00:00,2023-04-25 12:00:00,buy,0.02,1988.49,1979.37,-18.24,-0.43,high,trail_stop,0.015
2023-04-25 16:00:00,2023-04-26 20:00:00,buy,0.02,1993.14,1988.19,-9.91,-0.24,high,trail_stop,0.015
2023-04-27 00:00:00,2023-04-27 12:00:00,buy,0.02,1989.48,1981.72,-15.53,-0.36,high,trail_stop,0.015
2023-04-27 16:00:00,2023-05-01 16:00:00,buy,0.02,1986.11,1983.52,-5.17,-0.12,high,trail_stop,0.015
2023-05-01 20:00:00,2023-05-04 04:00:00,buy,0.01,1981.83,2056.03,74.2,3.22,med,trail_stop,0.01
2023-05-04 08:00:00,2023-05-05 12:00:00,buy,0.01,2044.49,2032.32,-12.17,-0.45,med,trail_stop,0.01
2023-05-05 16:00:00,2023-05-11 16:00:00,buy,0.01,2010.56,2019.98,9.42,0.34,med,trail_stop,0.01
2023-05-11 20:00:00,2023-05-16 16:00:00,buy,0.01,2015.86,1991.62,-24.24,-1.01,med,stop_loss,0.01
2023-05-16 20:00:00,2023-05-18 12:00:00,buy,0.01,1987.77,1966.95,-20.82,-1.01,med,stop_loss,0.01
2023-05-18 16:00:00,2023-05-23 00:00:00,buy,0.02,1967.24,1966.71,-1.06,-0.03,high,trail_stop,0.015
2023-05-23 04:00:00,2023-05-24 16:00:00,buy,0.02,1967.19,1967.27,0.17,0.0,med,trail_stop,0.01
2023-05-24 20:00:00,2023-05-25 12:00:00,buy,0.01,1959.24,1939.21,-20.03,-1.01,med,stop_loss,0.01
2023-05-25 16:00:00,2023-05-30 08:00:00,buy,0.01,1943.82,1936.32,-7.5,-0.36,low,trail_stop,0.005
2023-05-30 12:00:00,2023-06-01 08:00:00,buy,0.01,1945.17,1958.24,13.07,0.8,low,trail_stop,0.005
2023-06-01 12:00:00,2023-06-02 16:00:00,buy,0.01,1956.09,1966.11,10.02,0.59,low,trail_stop,0.005
2023-06-02 20:00:00,2023-06-07 16:00:00,buy,0.01,1952.53,1946.74,-5.79,-0.29,low,trail_stop,0.005
2023-06-07 20:00:00,2023-06-12 04:00:00,buy,0.01,1942.41,1954.41,12.0,0.65,low,trail_stop,0.005
2023-06-12 08:00:00,2023-06-12 16:00:00,buy,0.01,1957.18,1952.49,-4.69,-0.33,low,trail_stop,0.005
2023-06-12 20:00:00,2023-06-13 16:00:00,buy,0.01,1954.34,1955.29,0.95,0.06,low,trail_stop,0.005
2023-06-13 20:00:00,2023-06-14 20:00:00,buy,0.01,1945.13,1941.7,-3.43,-0.19,low,trail_stop,0.005
2023-06-15 00:00:00,2023-06-19 12:00:00,buy,0.01,1942.31,1949.83,7.52,0.42,low,trail_stop,0.005
2023-06-19 16:00:00,2023-06-20 16:00:00,buy,0.01,1952.36,1936.61,-15.75,-1.02,low,stop_loss,0.005
2023-06-20 20:00:00,2023-06-21 16:00:00,buy,0.01,1937.8,1921.9,-15.9,-1.02,low,stop_loss,0.005
2023-06-21 20:00:00,2023-06-22 16:00:00,buy,0.01,1933.51,1917.79,-15.72,-1.02,low,stop_loss,0.005
2023-07-17 12:00:00,2023-07-19 16:00:00,buy,0.01,1956.06,1970.59,14.53,1.08,low,trail_stop,0.005
2023-07-19 20:00:00,2023-07-20 12:00:00,buy,0.01,1977.69,1972.22,-5.47,-0.37,low,trail_stop,0.005
2023-07-20 16:00:00,2023-07-21 16:00:00,buy,0.01,1974.17,1959.4,-14.77,-1.02,low,stop_loss,0.005
2023-07-21 20:00:00,2023-07-27 12:00:00,buy,0.01,1963.74,1967.03,3.29,0.22,low,trail_stop,0.005
2023-07-27 16:00:00,2023-07-27 16:00:00,buy,0.01,1960.38,1943.39,-16.99,-1.01,low,stop_loss,0.005
2023-07-27 20:00:00,2023-08-01 12:00:00,buy,0.01,1944.47,1953.99,9.52,0.53,low,trail_stop,0.005
2023-08-01 16:00:00,2023-08-03 08:00:00,buy,0.01,1947.13,1931.43,-15.7,-1.02,low,stop_loss,0.005
2023-08-03 12:00:00,2023-08-07 16:00:00,buy,0.01,1937.97,1931.76,-6.21,-0.42,low,trail_stop,0.005
2023-08-07 20:00:00,2023-08-09 16:00:00,buy,0.01,1934.62,1920.56,-14.06,-1.02,low,stop_loss,0.005
2023-08-20 20:00:00,2023-08-22 08:00:00,sell,0.01,1889.05,1901.54,-12.49,-1.02,low,stop_loss,0.005
2023-08-22 12:00:00,2023-08-23 04:00:00,sell,0.01,1899.62,1901.6,-1.98,-0.16,low,trail_stop,0.005
2023-08-23 08:00:00,2023-08-23 16:00:00,sell,0.01,1902.99,1915.09,-12.1,-1.02,low,stop_loss,0.005
2023-10-02 08:00:00,2023-10-03 16:00:00,sell,0.01,1842.21,1830.0,12.21,0.83,low,trail_stop,0.005
2023-10-03 20:00:00,2023-10-06 16:00:00,sell,0.02,1823.6,1827.38,-7.55,-0.23,med,trail_stop,0.01
2023-10-06 20:00:00,2023-10-08 20:00:00,sell,0.02,1828.89,1845.87,-33.95,-1.02,med,stop_loss,0.01
2023-10-09 00:00:00,2023-10-10 00:00:00,sell,0.01,1846.88,1865.53,-18.65,-1.01,med,stop_loss,0.01
2023-10-10 04:00:00,2023-10-11 12:00:00,sell,0.01,1863.72,1870.75,-7.03,-0.4,med,trail_stop,0.01
2023-10-11 16:00:00,2023-10-13 12:00:00,sell,0.02,1872.51,1887.95,-30.89,-1.02,med,stop_loss,0.01
2023-10-13 16:00:00,2023-10-17 16:00:00,sell,0.01,1913.06,1931.24,-18.18,-1.01,low,stop_loss,0.005
2023-10-24 00:00:00,2023-10-26 16:00:00,buy,0.01,1972.93,1971.55,-1.38,-0.06,low,trail_stop,0.005
2023-10-26 20:00:00,2023-10-31 16:00:00,buy,0.01,1984.4,1987.56,3.16,0.15,low,trail_stop,0.005
2023-10-31 20:00:00,2023-11-06 04:00:00,buy,0.01,1984.28,1983.52,-0.76,-0.04,low,trail_stop,0.005
2023-11-06 08:00:00,2023-11-07 08:00:00,buy,0.02,1984.06,1967.51,-33.09,-1.02,med,stop_loss,0.01
2023-11-07 12:00:00,2023-11-08 16:00:00,buy,0.02,1966.48,1951.32,-30.31,-1.02,med,stop_loss,0.01
2023-11-08 20:00:00,2023-11-10 12:00:00,buy,0.02,1953.9,1950.19,-7.42,-0.25,med,trail_stop,0.01
2023-11-10 16:00:00,2023-11-15 16:00:00,buy,0.02,1946.33,1960.0,27.33,0.92,med,trail_stop,0.01
2023-11-15 20:00:00,2023-11-19 20:00:00,buy,0.01,1961.6,1977.8,16.2,1.06,low,trail_stop,0.005
2023-11-20 00:00:00,2023-11-22 16:00:00,buy,0.01,1978.66,1992.56,13.9,0.95,low,trail_stop,0.005
2023-11-22 20:00:00,2023-11-29 08:00:00,buy,0.02,1991.65,2035.13,86.96,2.62,med,trail_stop,0.01
2023-11-29 12:00:00,2023-11-30 12:00:00,buy,0.02,2038.54,2033.81,-9.46,-0.31,med,trail_stop,0.01
2023-11-30 16:00:00,2023-12-01 12:00:00,buy,0.03,2037.0,2034.29,-8.13,-0.18,high,trail_stop,0.015
2023-12-01 16:00:00,2023-12-04 00:00:00,buy,0.02,2037.84,2128.88,182.07,5.69,high,trail_stop,0.015
2023-12-07 00:00:00,2023-12-08 16:00:00,buy,0.01,2026.19,1998.41,-27.78,-1.01,low,stop_loss,0.005
2023-12-08 20:00:00,2023-12-13 08:00:00,buy,0.01,1997.41,1973.06,-24.35,-1.01,low,stop_loss,0.005
2023-12-13 12:00:00,2023-12-14 20:00:00,buy,0.01,1982.72,2029.64,46.92,2.62,low,trail_stop,0.005
2023-12-15 00:00:00,2023-12-28 20:00:00,buy,0.01,2036.5,2065.62,29.12,1.3,low,trail_stop,0.005
2023-12-29 00:00:00,2024-01-02 16:00:00,buy,0.02,2066.29,2061.23,-10.12,-0.29,high,trail_stop,0.015
2024-01-02 20:00:00,2024-01-03 12:00:00,buy,0.02,2062.85,2044.64,-36.43,-1.01,high,stop_loss,0.015
2024-01-03 16:00:00,2024-01-05 12:00:00,buy,0.02,2041.25,2032.32,-17.85,-0.49,high,trail_stop,0.015
2024-01-05 16:00:00,2024-01-05 20:00:00,buy,0.02,2040.12,2045.5,10.76,0.3,high,trail_stop,0.015
2024-01-07 20:00:00,2024-01-08 12:00:00,buy,0.02,2044.68,2024.03,-41.29,-1.01,high,stop_loss,0.015
2024-01-08 16:00:00,2024-01-10 16:00:00,buy,0.02,2019.08,2022.03,5.89,0.15,high,trail_stop,0.015
2024-01-10 20:00:00,2024-01-11 16:00:00,buy,0.01,2024.16,2020.52,-3.64,-0.19,med,trail_stop,0.01
2024-01-11 20:00:00,2024-01-16 08:00:00,buy,0.01,2014.52,2042.42,27.9,1.43,med,trail_stop,0.01
2024-01-16 12:00:00,2024-01-16 16:00:00,buy,0.02,2041.4,2025.12,-32.55,-1.02,med,stop_loss,0.01
2024-01-16 20:00:00,2024-01-17 16:00:00,buy,0.01,2025.5,2007.1,-18.4,-1.01,med,stop_loss,0.01
2024-01-17 20:00:00,2024-01-22 08:00:00,buy,0.01,2007.2,2019.47,12.27,0.63,med,trail_stop,0.01
2024-01-22 12:00:00,2024-01-23 16:00:00,buy,0.02,2021.77,2021.72,-0.1,-0.0,med,trail_stop,0.01
2024-01-23 20:00:00,2024-01-24 16:00:00,buy,0.02,2024.42,2020.71,-7.42,-0.24,med,trail_stop,0.01
2024-01-24 20:00:00,2024-01-31 20:00:00,buy,0.01,2019.41,2038.43,19.02,1.11,low,trail_stop,0.005
2024-02-01 00:00:00,2024-02-01 12:00:00,buy,0.01,2040.34,2031.01,-9.33,-0.51,med,trail_stop,0.01
2024-02-01 16:00:00,2024-02-02 12:00:00,buy,0.02,2040.2,2047.5,14.6,0.42,med,trail_stop,0.01
2024-02-02 16:00:00,2024-02-05 08:00:00,buy,0.01,2031.88,2021.71,-10.17,-0.51,low,trail_stop,0.005
2024-02-05 12:00:00,2024-02-08 12:00:00,buy,0.01,2022.84,2025.5,2.66,0.14,low,trail_stop,0.005
2024-02-08 16:00:00,2024-02-09 16:00:00,buy,0.01,2021.09,2021.1,0.01,0.0,low,trail_stop,0.005
2024-02-09 20:00:00,2024-02-13 12:00:00,buy,0.01,2024.81,2009.19,-15.62,-1.02,low,stop_loss,0.005
2024-02-13 16:00:00,2024-02-14 00:00:00,buy,0.01,2004.57,1988.9,-15.67,-1.02,low,stop_loss,0.005
2024-02-14 04:00:00,2024-02-23 08:00:00,buy,0.01,1992.95,2019.01,26.06,1.68,low,trail_stop,0.005
2024-02-23 12:00:00,2024-02-26 16:00:00,buy,0.01,2016.94,2029.19,12.25,1.04,low,trail_stop,0.005
2024-02-26 20:00:00,2024-02-28 08:00:00,buy,0.01,2028.87,2026.52,-2.35,-0.19,low,trail_stop,0.005
2024-02-28 12:00:00,2024-03-01 08:00:00,buy,0.01,2025.03,2038.76,13.73,1.18,low,trail_stop,0.005
2024-03-01 12:00:00,2024-03-05 16:00:00,buy,0.01,2046.55,2129.02,82.47,6.62,low,trail_stop,0.005
2024-03-05 20:00:00,2024-03-08 16:00:00,buy,0.01,2131.07,2163.98,32.91,1.56,low,trail_stop,0.005
2024-03-08 20:00:00,2024-03-12 12:00:00,buy,0.02,2185.03,2159.36,-51.34,-1.01,high,stop_loss,0.015
2024-03-12 16:00:00,2024-03-14 16:00:00,buy,0.02,2160.58,2157.02,-7.13,-0.16,high,trail_stop,0.015
2024-03-14 20:00:00,2024-03-17 20:00:00,buy,0.02,2160.42,2153.12,-14.6,-0.38,high,trail_stop,0.015
2024-03-18 00:00:00,2024-03-21 04:00:00,buy,0.02,2155.6,2204.93,98.66,2.8,high,trail_stop,0.015
2024-03-21 08:00:00,2024-03-21 16:00:00,buy,0.02,2204.97,2183.47,-43.0,-1.01,high,stop_loss,0.015
2024-03-21 20:00:00,2024-03-26 16:00:00,buy,0.02,2181.01,2174.79,-12.43,-0.25,high,trail_stop,0.015
2024-03-26 20:00:00,2024-04-01 16:00:00,buy,0.02,2176.93,2241.26,128.67,2.67,high,trail_stop,0.015
2024-04-01 20:00:00,2024-04-05 04:00:00,buy,0.02,2238.27,2276.99,77.44,1.37,high,trail_stop,0.015
2024-04-05 08:00:00,2024-04-08 12:00:00,buy,0.02,2278.23,2325.33,94.19,1.65,high,trail_stop,0.015
2024-04-08 16:00:00,2024-04-10 16:00:00,buy,0.01,2329.21,2326.59,-2.62,-0.07,high,trail_stop,0.015
2024-04-10 20:00:00,2024-04-12 16:00:00,buy,0.01,2337.4,2364.83,27.43,0.77,high,trail_stop,0.015
2024-04-12 20:00:00,2024-04-15 16:00:00,buy,0.01,2369.49,2328.36,-41.13,-1.01,high,stop_loss,0.015
2024-04-15 20:00:00,2024-04-19 12:00:00,buy,0.01,2357.33,2372.87,15.54,0.35,high,trail_stop,0.015
2024-04-19 16:00:00,2024-04-22 04:00:00,buy,0.01,2381.6,2365.21,-16.39,-0.45,high,trail_stop,0.015
2024-04-22 08:00:00,2024-04-22 12:00:00,buy,0.01,2370.04,2334.73,-35.31,-1.01,high,stop_loss,0.015
2024-04-22 16:00:00,2024-04-23 04:00:00,buy,0.01,2337.02,2299.64,-37.38,-1.01,high,stop_loss,0.015
2024-04-23 08:00:00,2024-04-30 08:00:00,buy,0.01,2305.58,2315.19,9.61,0.26,high,trail_stop,0.015
2024-04-30 12:00:00,2024-04-30 20:00:00,buy,0.02,2313.05,2285.44,-55.23,-1.01,high,stop_loss,0.015
2024-05-01 00:00:00,2024-05-02 12:00:00,buy,0.02,2287.16,2299.94,25.56,0.46,high,trail_stop,0.015
2024-05-02 16:00:00,2024-05-03 16:00:00,buy,0.02,2294.71,2292.95,-3.52,-0.07,high,trail_stop,0.015
2024-05-03 20:00:00,2024-05-13 08:00:00,buy,0.01,2299.39,2348.21,48.82,1.63,high,trail_stop,0.015
2024-05-13 12:00:00,2024-05-15 16:00:00,buy,0.02,2343.48,2354.54,22.12,0.46,high,trail_stop,0.015
2024-05-15 20:00:00,2024-05-16 16:00:00,buy,0.02,2383.87,2370.8,-26.14,-0.5,high,trail_stop,0.015
2024-05-16 20:00:00,2024-05-20 12:00:00,buy,0.02,2382.09,2425.54,86.9,1.8,high,trail_stop,0.015
2024-05-20 16:00:00,2024-05-21 04:00:00,buy,0.02,2413.76,2407.92,-11.68,-0.2,high,trail_stop,0.015
2024-05-21 08:00:00,2024-05-22 16:00:00,buy,0.02,2412.63,2403.54,-18.19,-0.3,high,trail_stop,0.015
2024-05-22 20:00:00,2024-05-23 08:00:00,buy,0.02,2392.14,2362.39,-59.5,-1.01,high,stop_loss,0.015
2024-05-23 12:00:00,2024-05-23 20:00:00,buy,0.02,2360.63,2330.96,-59.35,-1.01,high,stop_loss,0.015
2024-05-24 00:00:00,2024-05-30 04:00:00,buy,0.01,2328.89,2332.6,3.71,0.12,high,trail_stop,0.015
2024-05-30 08:00:00,2024-05-31 16:00:00,buy,0.02,2335.41,2335.58,0.33,0.01,high,trail_stop,0.015
2024-05-31 20:00:00,2024-06-04 12:00:00,buy,0.02,2332.98,2329.86,-6.24,-0.13,high,trail_stop,0.015
2024-06-04 16:00:00,2024-06-07 08:00:00,buy,0.02,2335.3,2363.67,56.74,1.21,high,trail_stop,0.015
2024-06-07 12:00:00,2024-06-07 12:00:00,buy,0.01,2347.43,2318.03,-29.4,-1.01,med,stop_loss,0.01
2024-06-07 16:00:00,2024-06-07 20:00:00,buy,0.01,2319.48,2287.2,-32.28,-1.01,med,stop_loss,0.01
2024-06-09 20:00:00,2024-06-13 12:00:00,buy,0.01,2294.74,2306.69,11.95,0.35,med,trail_stop,0.01
2024-06-13 16:00:00,2024-06-21 16:00:00,buy,0.01,2323.45,2340.11,16.66,0.59,med,trail_stop,0.01
2024-06-21 20:00:00,2024-06-26 16:00:00,buy,0.01,2324.87,2300.06,-24.81,-1.01,med,stop_loss,0.01
2024-06-26 20:00:00,2024-07-01 08:00:00,buy,0.01,2299.9,2318.74,18.84,0.91,med,trail_stop,0.01
2024-07-01 12:00:00,2024-07-01 16:00:00,buy,0.02,2326.02,2319.59,-12.86,-0.35,med,trail_stop,0.01
2024-07-01 20:00:00,2024-07-08 08:00:00,buy,0.01,2328.3,2372.74,44.44,2.24,med,trail_stop,0.01
2024-07-08 12:00:00,2024-07-08 16:00:00,buy,0.02,2372.87,2353.45,-38.84,-1.01,high,stop_loss,0.015
2024-07-08 20:00:00,2024-07-12 08:00:00,buy,0.02,2358.87,2402.39,87.03,1.99,high,trail_stop,0.015
2024-07-12 12:00:00,2024-07-17 16:00:00,buy,0.02,2407.56,2460.18,105.24,2.41,high,trail_stop,0.015
2024-07-17 20:00:00,2024-07-18 20:00:00,buy,0.02,2455.83,2445.66,-20.34,-0.35,high,trail_stop,0.015
2024-07-19 00:00:00,2024-07-19 08:00:00,buy,0.02,2445.63,2419.32,-52.62,-1.01,high,stop_loss,0.015
2024-07-19 12:00:00,2024-07-22 12:00:00,buy,0.02,2420.64,2393.39,-54.51,-1.01,high,stop_loss,0.015
2024-07-22 16:00:00,2024-07-24 20:00:00,buy,0.02,2394.47,2405.67,22.4,0.43,high,trail_stop,0.015
2024-07-25 00:00:00,2024-07-25 04:00:00,buy,0.02,2397.83,2372.82,-50.01,-1.01,high,stop_loss,0.015
2024-07-25 08:00:00,2024-07-29 16:00:00,buy,0.02,2377.78,2375.7,-4.16,-0.08,high,trail_stop,0.015
2024-07-29 20:00:00,2024-08-02 16:00:00,buy,0.02,2378.38,2449.05,141.34,2.5,high,trail_stop,0.015
2024-08-02 20:00:00,2024-08-05 12:00:00,buy,0.01,2430.59,2421.63,-8.96,-0.24,med,trail_stop,0.01
2024-08-09 00:00:00,2024-08-14 16:00:00,buy,0.01,2427.64,2445.38,17.74,0.52,med,trail_stop,0.01
2024-08-14 20:00:00,2024-08-15 16:00:00,buy,0.01,2444.35,2440.55,-3.8,-0.13,med,trail_stop,0.01
2024-08-15 20:00:00,2024-08-21 16:00:00,buy,0.02,2455.92,2501.34,90.85,1.51,high,trail_stop,0.015
2024-08-21 20:00:00,2024-08-22 16:00:00,buy,0.02,2507.3,2480.05,-54.49,-1.01,high,stop_loss,0.015
2024-08-22 20:00:00,2024-08-28 12:00:00,buy,0.02,2484.45,2500.73,32.55,0.58,high,trail_stop,0.015
2024-08-28 16:00:00,2024-08-30 16:00:00,buy,0.02,2500.68,2505.98,10.59,0.24,high,trail_stop,0.015
2024-08-30 20:00:00,2024-09-03 16:00:00,buy,0.02,2498.08,2473.82,-48.52,-1.01,high,stop_loss,0.015
2024-09-03 20:00:00,2024-09-06 16:00:00,buy,0.02,2485.96,2505.94,39.95,0.88,high,trail_stop,0.015
2024-09-06 20:00:00,2024-09-11 12:00:00,buy,0.02,2489.1,2502.83,27.47,0.53,high,trail_stop,0.015
2024-09-11 16:00:00,2024-09-17 16:00:00,buy,0.02,2508.09,2568.29,120.39,2.86,high,trail_stop,0.015
2024-09-17 20:00:00,2024-09-18 20:00:00,buy,0.02,2563.34,2558.5,-9.69,-0.22,high,trail_stop,0.015
2024-09-19 00:00:00,2024-09-26 16:00:00,buy,0.02,2559.08,2658.68,199.21,3.74,high,trail_stop,0.015
2024-09-26 20:00:00,2024-09-30 12:00:00,buy,0.02,2668.28,2642.19,-52.18,-1.01,high,stop_loss,0.015
2024-09-30 16:00:00,2024-10-02 08:00:00,buy,0.02,2639.22,2646.66,14.88,0.28,high,trail_stop,0.015
2024-10-02 12:00:00,2024-10-04 12:00:00,buy,0.02,2652.63,2643.15,-18.96,-0.39,high,trail_stop,0.015
2024-10-04 16:00:00,2024-10-04 20:00:00,buy,0.02,2638.86,2644.0,10.28,0.2,high,trail_stop,0.015
2024-10-06 20:00:00,2024-10-08 16:00:00,buy,0.02,2650.7,2622.3,-56.81,-1.01,high,stop_loss,0.015
2024-10-08 20:00:00,2024-10-23 16:00:00,buy,0.02,2609.39,2726.94,235.11,3.77,high,trail_stop,0.015
2024-10-23 20:00:00,2024-10-25 12:00:00,buy,0.02,2719.6,2717.98,-3.24,-0.06,high,trail_stop,0.015
2024-10-25 16:00:00,2024-10-28 00:00:00,buy,0.02,2731.56,2724.54,-14.03,-0.31,high,trail_stop,0.015
2024-10-28 04:00:00,2024-10-31 12:00:00,buy,0.02,2732.41,2765.3,65.79,1.35,high,trail_stop,0.015
2024-10-31 16:00:00,2024-10-31 16:00:00,buy,0.02,2755.7,2731.83,-47.75,-1.01,high,stop_loss,0.015
2024-10-31 20:00:00,2024-11-01 16:00:00,buy,0.02,2739.83,2736.29,-7.08,-0.14,high,trail_stop,0.015
2024-11-01 20:00:00,2024-11-06 08:00:00,buy,0.02,2736.54,2723.56,-25.95,-0.5,high,trail_stop,0.015
2024-11-06 12:00:00,2024-11-06 12:00:00,buy,0.02,2724.63,2696.61,-56.05,-1.01,high,stop_loss,0.015
2024-11-06 16:00:00,2024-11-11 00:00:00,buy,0.02,2664.5,2674.56,20.11,0.28,high,trail_stop,0.015
2024-11-11 04:00:00,2024-11-11 12:00:00,buy,0.02,2673.2,2641.5,-63.4,-1.01,high,stop_loss,0.015
2024-11-11 16:00:00,2024-11-12 08:00:00,buy,0.02,2635.93,2602.32,-67.22,-1.01,high,stop_loss,0.015
2024-11-12 12:00:00,2024-11-13 16:00:00,buy,0.02,2593.62,2584.67,-17.89,-0.26,high,trail_stop,0.015
2024-11-13 20:00:00,2024-11-14 08:00:00,buy,0.01,2583.48,2548.22,-35.26,-1.01,med,stop_loss,0.01
2024-11-14 12:00:00,2024-11-25 04:00:00,buy,0.01,2543.51,2686.39,142.88,4.12,med,trail_stop,0.01
2024-11-25 08:00:00,2024-11-25 16:00:00,buy,0.01,2665.02,2650.93,-14.09,-0.38,med,trail_stop,0.01
2024-11-27 16:00:00,2024-11-28 00:00:00,buy,0.01,2656.49,2620.86,-35.63,-1.01,low,stop_loss,0.005
2024-11-28 04:00:00,2024-12-02 00:00:00,buy,0.01,2628.94,2631.44,2.5,0.07,low,trail_stop,0.005
2024-12-02 04:00:00,2024-12-05 16:00:00,buy,0.01,2636.14,2627.67,-8.47,-0.29,med,trail_stop,0.01
2024-12-05 20:00:00,2024-12-11 04:00:00,buy,0.01,2628.09,2677.14,49.05,1.87,med,trail_stop,0.01
2024-12-11 08:00:00,2024-12-12 12:00:00,buy,0.01,2688.28,2698.0,9.72,0.35,med,trail_stop,0.01
2024-12-12 16:00:00,2024-12-13 08:00:00,buy,0.01,2697.82,2668.56,-29.27,-1.01,med,stop_loss,0.01
2024-12-13 12:00:00,2024-12-17 08:00:00,buy,0.01,2669.2,2639.53,-29.67,-1.01,med,stop_loss,0.01
2024-12-17 12:00:00,2024-12-18 20:00:00,buy,0.01,2639.84,2615.84,-24.01,-1.01,med,stop_loss,0.01
2024-12-19 00:00:00,2024-12-19 16:00:00,buy,0.01,2585.54,2598.32,12.79,0.46,low,trail_stop,0.005
2024-12-19 20:00:00,2024-12-30 12:00:00,buy,0.01,2592.83,2606.52,13.69,0.42,low,trail_stop,0.005
2024-12-30 16:00:00,2025-01-03 12:00:00,buy,0.01,2606.81,2644.92,38.12,1.9,low,trail_stop,0.005
2025-01-03 16:00:00,2025-01-06 08:00:00,buy,0.01,2650.02,2628.86,-21.16,-1.01,low,stop_loss,0.005
2025-01-06 12:00:00,2025-01-06 16:00:00,buy,0.02,2632.9,2628.86,-8.09,-0.2,med,trail_stop,0.01
2025-01-06 20:00:00,2025-01-13 12:00:00,buy,0.01,2636.88,2672.61,35.73,1.44,low,trail_stop,0.005
2025-01-13 16:00:00,2025-01-17 20:00:00,buy,0.02,2669.32,2701.79,64.92,1.44,med,trail_stop,0.01
2025-01-19 20:00:00,2025-01-23 08:00:00,buy,0.02,2701.7,2740.72,78.05,1.75,high,trail_stop,0.015
2025-01-23 12:00:00,2025-01-27 00:00:00,buy,0.03,2745.99,2763.84,53.56,0.82,high,trail_stop,0.015
2025-01-27 04:00:00,2025-01-27 16:00:00,buy,0.03,2763.14,2741.06,-66.24,-1.01,high,stop_loss,0.015
2025-01-27 20:00:00,2025-02-02 20:00:00,buy,0.02,2733.92,2789.42,111.01,2.12,high,trail_stop,0.015
2025-02-03 00:00:00,2025-02-03 00:00:00,buy,0.02,2802.62,2778.75,-47.74,-1.01,high,stop_loss,0.015
2025-02-03 04:00:00,2025-02-06 08:00:00,buy,0.02,2782.44,2856.33,147.8,2.89,high,trail_stop,0.015
2025-02-06 12:00:00,2025-02-09 20:00:00,buy,0.02,2859.67,2857.25,-4.84,-0.08,high,trail_stop,0.015
2025-02-10 00:00:00,2025-02-11 04:00:00,buy,0.02,2857.9,2905.74,95.67,1.59,high,trail_stop,0.015
2025-02-11 08:00:00,2025-02-11 12:00:00,buy,0.02,2923.11,2888.12,-69.98,-1.01,high,stop_loss,0.015
2025-02-11 16:00:00,2025-02-14 16:00:00,buy,0.02,2896.67,2902.63,11.92,0.16,high,trail_stop,0.015
2025-02-14 20:00:00,2025-02-21 08:00:00,buy,0.02,2887.17,2919.86,65.37,0.94,high,trail_stop,0.015
2025-02-21 12:00:00,2025-02-25 12:00:00,buy,0.02,2929.51,2925.04,-8.93,-0.14,high,trail_stop,0.015
2025-02-25 16:00:00,2025-02-25 16:00:00,buy,0.02,2937.67,2906.86,-61.62,-1.01,high,stop_loss,0.015
2025-02-25 20:00:00,2025-02-26 16:00:00,buy,0.02,2907.83,2893.37,-28.93,-0.4,high,trail_stop,0.015
2025-02-26 20:00:00,2025-02-27 08:00:00,buy,0.02,2913.99,2879.41,-69.17,-1.01,high,stop_loss,0.015
2025-02-27 12:00:00,2025-02-28 08:00:00,buy,0.02,2887.65,2853.38,-68.54,-1.01,high,stop_loss,0.015
2025-02-28 12:00:00,2025-03-06 08:00:00,buy,0.02,2862.55,2895.53,65.96,0.97,high,trail_stop,0.015
2025-03-06 12:00:00,2025-03-10 16:00:00,buy,0.02,2894.36,2894.11,-0.5,-0.01,high,trail_stop,0.015
2025-03-10 20:00:00,2025-03-21 04:00:00,buy,0.02,2886.27,3024.39,276.23,4.21,high,trail_stop,0.015
2025-03-21 08:00:00,2025-03-21 16:00:00,buy,0.02,3028.25,3001.64,-53.22,-1.01,high,stop_loss,0.015
2025-03-21 20:00:00,2025-03-24 20:00:00,buy,0.02,3013.79,3003.78,-20.02,-0.34,high,trail_stop,0.015
2025-03-25 00:00:00,2025-03-31 16:00:00,buy,0.02,3011.8,3100.51,177.43,3.27,high,trail_stop,0.015
2025-03-31 20:00:00,2025-04-01 16:00:00,buy,0.02,3117.82,3113.88,-7.89,-0.11,high,trail_stop,0.015
2025-04-01 20:00:00,2025-04-03 08:00:00,buy,0.02,3106.87,3131.74,49.74,0.69,high,trail_stop,0.015
2025-04-03 12:00:00,2025-04-03 12:00:00,buy,0.01,3129.26,3085.0,-44.26,-1.01,high,stop_loss,0.015
2025-04-03 16:00:00,2025-04-04 08:00:00,buy,0.01,3076.41,3084.61,8.2,0.16,high,trail_stop,0.015
2025-04-04 12:00:00,2025-04-04 16:00:00,buy,0.01,3084.27,3080.84,-3.43,-0.06,high,trail_stop,0.015
2025-04-04 20:00:00,2025-04-07 20:00:00,buy,0.01,3031.14,2964.2,-66.94,-1.0,high,stop_loss,0.015
2025-04-08 00:00:00,2025-04-22 16:00:00,buy,0.01,2982.24,3419.66,437.41,5.46,med,trail_stop,0.01
2025-04-22 20:00:00,2025-04-23 00:00:00,buy,0.01,3393.29,3320.54,-72.75,-1.0,high,stop_loss,0.015
2025-04-23 04:00:00,2025-04-23 16:00:00,buy,0.01,3368.13,3290.0,-78.13,-1.0,high,stop_loss,0.015
2025-04-23 20:00:00,2025-04-25 08:00:00,buy,0.01,3295.24,3287.15,-8.09,-0.1,high,trail_stop,0.015
2025-04-25 12:00:00,2025-04-30 12:00:00,buy,0.01,3303.92,3278.23,-25.69,-0.35,high,trail_stop,0.015
2025-04-30 16:00:00,2025-05-01 04:00:00,buy,0.01,3298.87,3238.3,-60.57,-1.0,high,stop_loss,0.015
2025-05-01 08:00:00,2025-05-07 00:00:00,buy,0.01,3226.77,3372.07,145.3,2.32,high,trail_stop,0.015
2025-05-07 04:00:00,2025-05-08 08:00:00,buy,0.01,3379.68,3350.36,-29.33,-0.46,high,trail_stop,0.015
2025-05-08 12:00:00,2025-05-11 20:00:00,buy,0.01,3339.48,3273.45,-66.03,-1.01,high,stop_loss,0.015
2025-05-12 00:00:00,2025-05-12 08:00:00,buy,0.01,3288.08,3222.36,-65.71,-1.0,high,stop_loss,0.015
2025-05-12 12:00:00,2025-05-15 04:00:00,buy,0.01,3231.64,3162.93,-68.71,-1.0,high,stop_loss,0.015
2025-05-15 08:00:00,2025-05-16 12:00:00,buy,0.01,3138.83,3192.81,53.98,0.92,high,trail_stop,0.015
2025-05-16 16:00:00,2025-05-22 16:00:00,buy,0.01,3177.84,3279.64,101.8,1.55,med,trail_stop,0.01
2025-05-22 20:00:00,2025-05-27 08:00:00,buy,0.01,3301.8,3311.03,9.23,0.17,high,trail_stop,0.015
2025-05-27 12:00:00,2025-05-28 20:00:00,buy,0.02,3298.62,3281.99,-33.27,-0.39,high,trail_stop,0.015
2025-05-29 00:00:00,2025-05-30 12:00:00,buy,0.02,3286.6,3287.04,0.9,0.01,high,trail_stop,0.015
2025-05-30 16:00:00,2025-06-03 16:00:00,buy,0.01,3304.13,3344.51,40.38,0.85,high,trail_stop,0.015
2025-06-03 20:00:00,2025-06-05 16:00:00,buy,0.01,3348.64,3358.11,9.47,0.21,high,trail_stop,0.015
2025-06-05 20:00:00,2025-06-06 20:00:00,buy,0.01,3354.22,3308.66,-45.56,-1.01,high,stop_loss,0.015
2025-06-08 20:00:00,2025-06-16 16:00:00,buy,0.01,3311.84,3407.15,95.31,2.11,high,trail_stop,0.015
2025-06-16 20:00:00,2025-06-19 08:00:00,buy,0.01,3399.52,3353.54,-45.99,-1.01,high,stop_loss,0.015
2025-06-19 12:00:00,2025-06-23 04:00:00,buy,0.02,3368.84,3353.8,-30.07,-0.34,high,trail_stop,0.015
2025-06-23 08:00:00,2025-06-24 00:00:00,buy,0.02,3358.69,3351.39,-14.6,-0.18,high,trail_stop,0.015
2025-06-24 04:00:00,2025-06-24 12:00:00,buy,0.01,3351.34,3305.09,-46.25,-1.01,high,stop_loss,0.015
2025-06-24 16:00:00,2025-06-27 04:00:00,buy,0.01,3314.72,3303.4,-11.32,-0.24,high,trail_stop,0.015
2025-06-27 08:00:00,2025-06-27 16:00:00,buy,0.02,3294.21,3255.94,-76.54,-1.01,high,stop_loss,0.015
2025-06-27 20:00:00,2025-07-03 12:00:00,buy,0.02,3277.8,3326.57,97.53,1.26,high,trail_stop,0.015
2025-07-03 16:00:00,2025-07-07 04:00:00,buy,0.02,3324.65,3307.84,-33.63,-0.46,high,trail_stop,0.015
2025-07-07 08:00:00,2025-07-08 16:00:00,buy,0.02,3308.02,3312.89,9.73,0.15,high,trail_stop,0.015
2025-07-08 20:00:00,2025-07-15 16:00:00,buy,0.02,3300.54,3339.99,78.9,1.14,high,trail_stop,0.015
2025-07-15 20:00:00,2025-07-17 00:00:00,buy,0.02,3329.47,3344.04,29.14,0.44,high,trail_stop,0.015
2025-07-17 04:00:00,2025-07-23 16:00:00,buy,0.02,3341.01,3404.86,127.7,1.89,high,trail_stop,0.015
2025-07-23 20:00:00,2025-07-24 12:00:00,buy,0.02,3387.56,3355.72,-63.68,-1.01,high,stop_loss,0.015
2025-07-24 16:00:00,2025-07-25 08:00:00,buy,0.02,3353.62,3346.29,-14.66,-0.24,high,trail_stop,0.015
2025-07-25 12:00:00,2025-07-28 16:00:00,buy,0.02,3345.6,3315.01,-61.19,-1.01,high,stop_loss,0.015
2025-07-28 20:00:00,2025-07-30 16:00:00,buy,0.02,3312.37,3300.9,-22.94,-0.35,high,trail_stop,0.015
2025-07-30 20:00:00,2025-08-01 04:00:00,buy,0.02,3298.33,3283.0,-30.66,-0.49,high,trail_stop,0.015
2025-08-01 08:00:00,2025-08-05 12:00:00,buy,0.01,3292.28,3352.72,60.44,1.87,med,trail_stop,0.01
2025-08-05 16:00:00,2025-08-06 12:00:00,buy,0.01,3366.4,3358.64,-7.76,-0.25,med,trail_stop,0.01
2025-08-06 16:00:00,2025-08-08 20:00:00,buy,0.02,3367.62,3379.59,23.95,0.42,med,trail_stop,0.01
2025-08-10 20:00:00,2025-08-11 08:00:00,buy,0.02,3397.91,3363.42,-68.97,-1.01,high,stop_loss,0.015
2025-08-11 12:00:00,2025-08-17 20:00:00,buy,0.02,3362.04,3326.06,-71.96,-1.01,high,stop_loss,0.015
2025-08-18 00:00:00,2025-08-19 00:00:00,buy,0.02,3335.9,3329.24,-13.32,-0.23,high,trail_stop,0.015
2025-08-19 04:00:00,2025-08-22 12:00:00,buy,0.02,3335.38,3324.42,-21.91,-0.4,high,trail_stop,0.015
2025-08-22 16:00:00,2025-08-26 00:00:00,buy,0.02,3323.6,3356.4,65.61,1.49,med,trail_stop,0.01
2025-08-26 04:00:00,2025-09-02 08:00:00,buy,0.02,3383.42,3481.18,195.53,3.59,med,trail_stop,0.01
2025-09-02 12:00:00,2025-09-04 04:00:00,buy,0.02,3477.85,3545.06,134.42,2.04,high,trail_stop,0.015
2025-09-04 08:00:00,2025-09-09 20:00:00,buy,0.02,3533.25,3632.65,198.8,2.37,high,trail_stop,0.015
2025-09-10 00:00:00,2025-09-11 12:00:00,buy,0.02,3625.28,3614.06,-22.44,-0.26,high,trail_stop,0.015
2025-09-11 16:00:00,2025-09-17 08:00:00,buy,0.02,3629.48,3663.42,67.88,0.86,high,trail_stop,0.015
2025-09-17 12:00:00,2025-09-17 20:00:00,buy,0.02,3664.98,3656.01,-17.95,-0.28,high,trail_stop,0.015
2025-09-18 00:00:00,2025-09-23 20:00:00,buy,0.02,3659.21,3751.8,185.17,2.37,high,trail_stop,0.015
2025-09-24 00:00:00,2025-09-24 20:00:00,buy,0.02,3766.98,3725.76,-82.44,-1.01,high,stop_loss,0.015
2025-09-25 00:00:00,2025-09-30 08:00:00,buy,0.02,3736.28,3825.77,178.97,2.19,high,trail_stop,0.015
2025-09-30 12:00:00,2025-10-02 16:00:00,buy,0.02,3816.38,3844.44,56.11,0.56,high,trail_stop,0.015
2025-10-02 20:00:00,2025-10-09 00:00:00,buy,0.01,3844.94,4004.55,159.61,2.94,high,trail_stop,0.015
2025-10-09 04:00:00,2025-10-09 16:00:00,buy,0.02,4023.22,3999.4,-47.64,-0.44,high,trail_stop,0.015
2025-10-09 20:00:00,2025-10-13 00:00:00,buy,0.01,3968.95,3996.51,27.56,0.44,high,trail_stop,0.015
2025-10-13 04:00:00,2025-10-14 08:00:00,buy,0.01,4043.94,4091.28,47.34,0.6,high,trail_stop,0.015
2025-10-14 12:00:00,2025-10-17 04:00:00,buy,0.01,4144.19,4300.84,156.65,2.01,high,trail_stop,0.015
2025-10-17 08:00:00,2025-10-17 12:00:00,buy,0.01,4376.51,4288.68,-87.83,-1.0,high,stop_loss,0.015
2025-10-17 16:00:00,2025-10-17 16:00:00,buy,0.01,4314.81,4221.94,-92.87,-1.0,high,stop_loss,0.015
2025-10-17 20:00:00,2025-10-21 08:00:00,buy,0.01,4205.16,4278.29,73.13,0.71,high,trail_stop,0.015
2025-10-21 12:00:00,2025-10-21 16:00:00,buy,0.01,4274.07,4167.26,-106.8,-1.0,high,stop_loss,0.015
2025-10-21 20:00:00,2025-10-27 16:00:00,buy,0.01,4113.66,3991.4,-122.26,-1.0,high,stop_loss,0.015
2025-10-27 20:00:00,2025-10-28 08:00:00,buy,0.01,4006.62,3903.08,-103.54,-1.0,high,stop_loss,0.015
2025-10-28 12:00:00,2025-10-30 00:00:00,buy,0.01,3904.9,3924.83,19.93,0.19,high,trail_stop,0.015
2025-10-30 04:00:00,2025-11-04 16:00:00,buy,0.01,3948.13,3946.8,-1.33,-0.01,high,trail_stop,0.015
2025-11-04 20:00:00,2025-11-13 20:00:00,buy,0.01,3954.94,4172.32,217.38,3.01,high,trail_stop,0.015
2025-11-14 00:00:00,2025-11-14 12:00:00,buy,0.01,4170.85,4143.48,-27.37,-0.41,high,trail_stop,0.015
2025-11-14 16:00:00,2025-11-17 20:00:00,buy,0.01,4056.08,4031.68,-24.4,-0.31,med,trail_stop,0.01
2025-11-18 00:00:00,2025-11-20 04:00:00,buy,0.01,4046.28,4049.84,3.56,0.04,high,trail_stop,0.015
2025-11-20 08:00:00,2025-11-21 08:00:00,buy,0.01,4066.83,4029.48,-37.35,-0.48,high,trail_stop,0.015
2025-11-21 12:00:00,2025-12-02 08:00:00,buy,0.01,4050.76,4185.02,134.26,1.7,high,trail_stop,0.015
2025-12-02 12:00:00,2025-12-04 04:00:00,buy,0.01,4192.09,4185.95,-6.14,-0.11,high,trail_stop,0.015
2025-12-04 08:00:00,2025-12-05 20:00:00,buy,0.01,4181.3,4200.81,19.51,0.34,high,trail_stop,0.015
2025-12-07 20:00:00,2025-12-12 16:00:00,buy,0.01,4201.59,4290.54,88.95,1.61,high,trail_stop,0.015
2025-12-12 20:00:00,2025-12-15 16:00:00,buy,0.01,4294.51,4286.64,-7.88,-0.12,high,trail_stop,0.015
2025-12-15 20:00:00,2025-12-19 00:00:00,buy,0.01,4304.64,4316.0,11.36,0.19,high,trail_stop,0.015
2025-12-19 04:00:00,2025-12-23 16:00:00,buy,0.01,4323.58,4441.34,117.76,2.1,high,trail_stop,0.015
2025-12-23 20:00:00,2025-12-24 16:00:00,buy,0.01,4473.12,4468.44,-4.68,-0.08,high,trail_stop,0.015
2025-12-24 20:00:00,2025-12-29 00:00:00,buy,0.01,4480.85,4488.62,7.77,0.13,high,trail_stop,0.015
2025-12-29 04:00:00,2025-12-29 12:00:00,buy,0.01,4497.25,4434.13,-63.12,-1.0,high,stop_loss,0.015
2025-12-29 16:00:00,2025-12-29 16:00:00,buy,0.01,4421.46,4349.67,-71.79,-1.0,high,stop_loss,0.015
2025-12-29 20:00:00,2025-12-31 04:00:00,buy,0.01,4328.28,4320.47,-7.81,-0.09,high,trail_stop,0.015
2025-12-31 08:00:00,2026-01-02 16:00:00,buy,0.01,4286.23,4315.12,28.89,0.33,high,trail_stop,0.015
2026-01-02 20:00:00,2026-01-08 04:00:00,buy,0.01,4323.21,4419.35,96.13,1.19,high,trail_stop,0.015
2026-01-08 08:00:00,2026-01-16 16:00:00,buy,0.01,4425.62,4575.32,149.7,2.22,high,trail_stop,0.015
2026-01-16 20:00:00,2026-01-19 00:00:00,buy,0.01,4581.24,4620.2,38.96,0.56,high,trail_stop,0.015
2026-01-19 04:00:00,2026-01-21 16:00:00,buy,0.01,4657.66,4807.23,149.57,1.85,high,trail_stop,0.015
2026-01-21 20:00:00,2026-01-26 20:00:00,buy,0.01,4826.47,5028.91,202.44,2.48,high,trail_stop,0.015
2026-01-27 00:00:00,2026-01-29 08:00:00,buy,0.01,5013.73,5494.66,480.93,4.64,high,trail_stop,0.015
2026-01-29 12:00:00,2026-01-29 16:00:00,buy,0.01,5514.21,5364.7,-149.51,-1.0,high,stop_loss,0.015
2026-02-11 16:00:00,2026-02-12 16:00:00,buy,0.01,5065.99,4923.02,-142.97,-1.0,high,stop_loss,0.015
2026-02-13 00:00:00,2026-02-17 04:00:00,buy,0.01,4926.16,4915.56,-10.59,-0.08,high,trail_stop,0.015
2026-02-17 08:00:00,2026-02-24 12:00:00,buy,0.01,4889.01,5131.19,242.18,2.05,high,trail_stop,0.015
2026-02-24 16:00:00,2026-03-02 16:00:00,buy,0.01,5115.23,5317.6,202.37,2.0,high,trail_stop,0.015
2026-03-02 20:00:00,2026-03-03 08:00:00,buy,0.01,5306.94,5261.95,-44.98,-0.38,high,trail_stop,0.015
2026-03-03 12:00:00,2026-03-03 12:00:00,buy,0.01,5275.27,5148.93,-126.34,-1.0,high,stop_loss,0.015
2026-03-03 16:00:00,2026-03-03 16:00:00,buy,0.01,5156.94,5008.85,-148.1,-1.0,high,stop_loss,0.015
2026-03-03 20:00:00,2026-03-09 00:00:00,buy,0.01,5079.44,5042.82,-36.62,-0.22,high,trail_stop,0.015
2026-03-09 04:00:00,2026-03-12 20:00:00,buy,0.01,5070.31,5089.68,19.37,0.13,high,trail_stop,0.015
2026-03-13 00:00:00,2026-03-15 20:00:00,buy,0.01,5096.1,4991.65,-104.45,-1.01,high,stop_loss,0.015
2026-03-16 00:00:00,2026-03-18 12:00:00,buy,0.01,5024.79,4920.27,-104.52,-1.0,high,stop_loss,0.015
2026-03-18 16:00:00,2026-03-19 08:00:00,buy,0.01,4878.26,4778.35,-99.91,-1.0,high,stop_loss,0.015
2026-03-19 12:00:00,2026-03-19 12:00:00,buy,0.01,4698.98,4581.48,-117.5,-1.0,med,stop_loss,0.01
2026-06-25 12:00:00,2026-06-26 16:00:00,sell,0.01,3988.84,4079.31,-90.47,-1.0,med,stop_loss,0.01
2026-06-26 20:00:00,2026-06-30 08:00:00,sell,0.01,4084.76,4027.57,57.19,0.68,med,trail_stop,0.01
2026-06-30 12:00:00,2026-07-01 16:00:00,sell,0.01,4015.22,4043.81,-28.59,-0.34,med,trail_stop,0.01
2026-07-01 20:00:00,2026-07-03 04:00:00,sell,0.01,4070.81,4159.44,-88.63,-1.0,med,stop_loss,0.01
2026-07-03 08:00:00,2026-07-07 08:00:00,sell,0.01,4178.26,4125.92,52.34,0.62,med,eod_mark,0.01
