timestamp,equity
2017-01-02,10023.347528772047
2017-01-03,10114.547644548884
2017-01-04,10152.919753554415
2017-01-05,10018.85290336436
2017-01-06,9895.097082552307
2017-01-09,10007.597438361268
2017-01-10,9989.638399191012
2017-01-11,9960.09871564238
2017-01-12,9948.850412425578
2017-01-13,9949.876540969823
2017-01-16,9977.42221566952
2017-01-17,9955.073545447282
2017-01-18,9793.477389619653
2017-01-19,9873.426196946642
2017-01-20,9919.73843277196
2017-01-23,9848.577907259827
2017-01-24,9838.23264560861
2017-01-25,9837.29389169029
2017-01-26,9782.427945066605
2017-01-27,9822.85811017757
2017-01-30,9822.147368782327
2017-01-31,9855.570952289441
2017-02-01,9803.03806949106
2017-02-02,9776.271732220039
2017-02-03,9781.391370290024
2017-02-06,9822.774772637362
2017-02-07,9776.91902094715
2017-02-08,9776.128945548413
2017-02-09,9742.888544267638
2017-02-10,9813.34417499727
2017-02-13,9846.342720464738
2017-02-14,9816.774148632267
2017-02-15,9869.398701912163
2017-02-16,9904.809364013085
2017-02-17,9828.145689582772
2017-02-20,9805.241003996452
2017-02-21,9825.11832574149
2017-02-22,9816.098005329837
2017-02-23,9806.73962337945
2017-02-24,9817.546544738236
2017-02-27,9822.42601059073
2017-02-28,9793.085789253297
2017-03-01,9791.222528460763
2017-03-02,9753.136423375372
2017-03-03,9692.459058403765
2017-03-06,9621.6751750221
2017-03-07,9625.357446580056
2017-03-08,9628.582784047781
2017-03-09,9585.835596934488
2017-03-10,9586.436861511494
2017-03-13,9563.463019622688
2017-03-14,9568.12800798113
2017-03-15,9596.488918866316
2017-03-16,9511.749020772779
2017-03-17,9481.29797863675
2017-03-20,9449.916463832396
2017-03-21,9450.813125495728
2017-03-22,9364.658474072592
2017-03-23,9373.145459956575
2017-03-24,9346.5737580611
2017-03-27,9333.669678099845
2017-03-28,9338.06182900463
2017-03-29,9388.522884259504
2017-03-30,9361.744772188287
2017-03-31,9334.476848260962
2017-04-03,9295.947122221898
2017-04-04,9319.900560482958
2017-04-05,9339.542548744315
2017-04-06,9340.782199824416
2017-04-07,9313.02270249515
2017-04-10,9301.017673354167
2017-04-11,9311.769567879352
2017-04-12,9326.996476241298
2017-04-13,9325.802117969526
2017-04-14,9355.9455293422
2017-04-17,9394.499941707276
2017-04-18,9285.638607590696
2017-04-19,9209.788480656145
2017-04-20,9232.218758727737
2017-04-21,9206.699959383166
2017-04-24,9077.443537492496
2017-04-25,9090.360228923373
2017-04-26,9047.602773335444
2017-04-27,9081.318776221811
2017-04-28,9111.293025316885
2017-05-01,9107.104850014002
2017-05-02,9065.552678921036
2017-05-03,9042.508935679216
2017-05-04,9045.840067025243
2017-05-05,9104.532458492838
2017-05-08,9050.957286011522
2017-05-09,9070.341202013287
2017-05-10,9087.434719294248
2017-05-11,9080.960002916136
2017-05-12,9030.44093075064
2017-05-15,8968.544300028541
2017-05-16,8900.970665145556
2017-05-17,8842.347218346493
2017-05-18,8836.731676718935
2017-05-19,8810.103246841667
2017-05-22,8773.291831201848
2017-05-23,8762.738082447333
2017-05-24,8723.077440006431
2017-05-25,8710.1603317775
2017-05-26,8722.406387114988
2017-05-29,8664.43916071346
2017-05-30,8620.918168293349
2017-05-31,8653.481482171446
2017-06-01,8754.097295073761
2017-06-02,8762.033502521641
2017-06-05,8802.662139655551
2017-06-06,8749.529099015304
2017-06-07,8731.355063830008
2017-06-08,8716.97214555855
2017-06-09,8681.823190278847
2017-06-12,8680.867809176996
2017-06-13,8649.923096593702
2017-06-14,8619.525794903651
2017-06-15,8617.690328948182
2017-06-16,8557.723823326718
2017-06-19,8604.240658141567
2017-06-20,8563.960822988622
2017-06-21,8612.660531735013
2017-06-22,8631.337995801608
2017-06-23,8592.385312919783
2017-06-26,8641.341157459305
2017-06-27,8631.967806098564
2017-06-28,8735.581500484606
2017-06-29,8775.445604804405
2017-06-30,8785.234204299044
2017-07-03,8856.139399825413
2017-07-04,8826.651654926492
2017-07-05,8795.051154528435
2017-07-06,8768.092020322123
2017-07-07,8893.257070672187
2017-07-10,8959.919308687471
2017-07-12,8962.676224899375
2017-07-13,8965.677643608275
2017-07-14,8978.864944695637
2017-07-17,9024.80391417243
2017-07-18,8925.450198134995
2017-07-19,9065.382925469237
2017-07-20,9041.042229588822
2017-07-21,9145.200279239827
2017-07-24,9178.873286058448
2017-07-25,9240.920525821184
2017-07-26,9329.153925642948
2017-07-27,9497.160522300095
2017-07-28,9363.958749094201
2017-07-31,9435.497967464531
2017-08-01,9478.332711133864
2017-08-02,9366.160573259573
2017-08-03,9379.1071000185
2017-08-04,9366.502021002496
2017-08-07,9299.342987035207
2017-08-08,9311.510685828633
2017-08-09,9182.085625889227
2017-08-10,9158.84339081711
2017-08-11,9071.840195691564
2017-08-14,9165.616632328765
2017-08-15,9064.721885913586
2017-08-16,9115.7205792681
2017-08-17,9250.060111232653
2017-08-18,9135.283557672
2017-08-21,9278.238921368875
2017-08-22,9301.465672822533
2017-08-23,9285.624591647509
2017-08-24,9362.575914994472
2017-08-25,9357.097661351878
2017-08-28,9520.01241879984
2017-08-29,9540.8959801394
2017-08-30,9515.533784342853
2017-08-31,9434.981799457011
2017-09-01,9636.724077645931
2017-09-04,9647.807565795614
2017-09-05,9644.558769738567
2017-09-06,9602.57423213397
2017-09-07,9726.471704890728
2017-09-08,9744.536471924333
2017-09-11,9651.651683736223
2017-09-12,9591.773628139552
2017-09-13,9508.081054588698
2017-09-14,9410.756026250048
2017-09-15,9407.732126729647
2017-09-18,9373.389110492675
2017-09-19,9325.733360437844
2017-09-20,9369.369025704405
2017-09-21,9267.478046225222
2017-09-22,9300.592322417762
2017-09-25,9286.855987736753
2017-09-26,9165.360975758626
2017-09-27,9135.762977976658
2017-09-28,9109.605364377321
2017-09-29,9128.281116390828
2017-10-02,9108.05773403624
2017-10-03,9035.805276869809
2017-10-04,9044.37882259653
2017-10-05,9096.84324691618
2017-10-06,8993.517126257118
2017-10-09,9002.984992074946
2017-10-10,9002.69230636338
2017-10-11,9068.29139631266
2017-10-12,9118.221311803387
2017-10-13,9102.594581208927
2017-10-16,9122.155666110673
2017-10-17,9079.800471612394
2017-10-18,9049.226747543864
2017-10-19,9115.539149606811
2017-10-20,9141.584102495037
2017-10-23,9144.711332732912
2017-10-24,9121.91914353424
2017-10-25,9158.822448534907
2017-10-26,9172.677359934565
2017-10-27,9079.169641825687
2017-10-30,9038.41300311563
2017-10-31,9043.257639283369
2017-11-01,9082.690259145938
2017-11-02,9117.557813634307
2017-11-03,9049.365419379785
2017-11-06,9054.964046433113
2017-11-07,9002.820626254086
2017-11-08,9035.362714062381
2017-11-09,8994.664634534483
2017-11-10,8963.039093504374
2017-11-13,9009.413249346959
2017-11-14,8998.086843585861
2017-11-15,9011.468580466266
2017-11-17,9039.158114667653
2017-11-20,9012.750018550678
2017-11-21,9060.819846573853
2017-11-22,9028.369259032317
2017-11-23,8996.100530504804
2017-11-24,8995.506641351367
2017-11-27,9046.318235194944
2017-11-28,9012.041023567812
2017-11-29,8975.13581235918
2017-11-30,9007.312000371814
2017-12-01,9119.905306097602
2017-12-04,9009.223874467807
2017-12-05,8956.44037149193
2017-12-06,8947.67333826846
2017-12-07,8975.980054383186
2017-12-08,9076.053866541874
2017-12-11,9028.441516649349
2017-12-12,8996.126237118837
2017-12-13,8922.953686752136
2017-12-14,8903.014363177723
2017-12-15,8847.96952821295
2017-12-18,8766.881187945186
2017-12-19,8783.841073746278
2017-12-20,8823.25720521758
2017-12-21,8843.193686618933
2017-12-22,8820.45733817367
2017-12-25,8813.78024262389
2017-12-26,8823.522631999238
2017-12-27,8829.724443548466
2017-12-28,8846.052063758936
2017-12-29,8822.703739864444
2018-01-01,8849.472608116303
2018-01-02,8863.183898745021
2018-01-03,8879.507549451817
2018-01-04,8868.429211871886
2018-01-05,8911.285908825865
2018-01-08,8952.728874688208
2018-01-09,8878.730590988864
2018-01-10,8793.000459599423
2018-01-11,8716.311882798444
2018-01-12,8859.351991804899
2018-01-15,8995.587746924139
2018-01-16,9069.847731177637
2018-01-17,9071.337827819736
2018-01-18,9022.68033117351
2018-01-19,9102.806669890218
2018-01-22,9049.567021774163
2018-01-23,9083.092292075977
2018-01-24,9240.195388765153
2018-01-25,9365.887495522717
2018-01-26,9251.271636999645
2018-01-29,9292.939912086913
2018-01-30,9212.519281056775
2018-01-31,9234.9476591162
2018-02-01,9282.221003283134
2018-02-02,9332.61761710934
2018-02-05,9118.077913700632
2018-02-06,8936.101665393293
2018-02-07,8890.16986845416
2018-02-08,8785.542706587516
2018-02-09,8790.754914751533
2018-02-12,8770.37990551763
2018-02-13,8802.843705448238
2018-02-14,8884.935060158488
2018-02-15,8982.781954786104
2018-02-16,9040.791355354391
2018-02-19,8990.354261939345
2018-02-20,8950.64099492196
2018-02-21,8897.295630322673
2018-02-22,8887.646383367577
2018-02-23,8927.256379512615
2018-02-26,8892.24164684528
2018-02-27,8857.812996029572
2018-02-28,8829.2995567559
2018-03-01,8779.38447667595
2018-03-02,8842.396192623157
2018-03-05,8897.143877191158
2018-03-06,8874.314909091698
2018-03-07,8922.39029060148
2018-03-08,8842.537934623882
2018-03-09,8795.35721239692
2018-03-12,8729.14608491495
2018-03-13,8777.073107740356
2018-03-14,8817.993264978759
2018-03-15,8811.958328448378
2018-03-16,8821.35280543993
2018-03-19,8856.21105318518
2018-03-20,8883.966886925577
2018-03-21,8829.444231880741
2018-03-22,8832.023071479178
2018-03-23,8911.430565302715
2018-03-26,8919.70552138269
2018-03-27,8899.70729361902
2018-03-28,8908.811233169386
2018-03-29,8819.28191987908
2018-03-30,8792.590489248421
2018-04-02,8805.978883815571
2018-04-03,8847.467630960291
2018-04-04,8820.502908017841
2018-04-05,8791.948738547568
2018-04-06,8779.838427948182
2018-04-09,8760.226557973981
2018-04-10,8772.295234267785
2018-04-11,8752.208891139455
2018-04-12,8757.931789002107
2018-04-13,8777.004999261959
2018-04-16,8756.98856539403
2018-04-17,8811.636282492784
2018-04-18,8808.651823741788
2018-04-19,8741.48696394013
2018-04-20,8698.251444863083
2018-04-23,8639.749195405793
2018-04-24,8605.809644162317
2018-04-25,8640.152619170782
2018-04-26,8621.936814958373
2018-04-27,8620.08178476515
2018-04-30,8557.524343563595
2018-05-01,8586.85002621002
2018-05-02,8570.86764050588
2018-05-03,8548.842908445147
2018-05-04,8509.174108750334
2018-05-07,8511.040132958618
2018-05-08,8526.051820346654
2018-05-09,8555.837386445852
2018-05-10,8536.69675486848
2018-05-11,8478.049510600864
2018-05-14,8465.881150322835
2018-05-15,8507.823289272255
2018-05-16,8538.455567231711
2018-05-17,8481.978842177576
2018-05-18,8499.096775747475
2018-05-21,8434.333757768498
2018-05-22,8371.217898929508
2018-05-23,8362.546943322193
2018-05-24,8366.192699078563
2018-05-25,8366.137909121207
2018-05-28,8386.473231243932
2018-05-29,8399.665343265013
2018-05-30,8474.814193458355
2018-05-31,8333.816565839112
2018-06-01,8315.274167588383
2018-06-04,8311.418521074309
2018-06-05,8281.842386898352
2018-06-06,8250.767024172961
2018-06-07,8233.055679443407
2018-06-08,8230.534276358652
2018-06-11,8223.25086657242
2018-06-12,8234.866101668438
2018-06-13,8241.726398228571
2018-06-14,8191.6308490433685
2018-06-15,8303.106703261743
2018-06-18,8298.542590200519
2018-06-19,8301.263703408049
2018-06-20,8338.663980155141
2018-06-21,8366.297275349641
2018-06-22,8330.648600277602
2018-06-25,8274.810477043371
2018-06-26,8294.47762684363
2018-06-27,8356.806277911228
2018-06-28,8476.503741944452
2018-06-29,8456.669664736997
2018-07-02,8437.500830640009
2018-07-03,8444.429951855118
2018-07-04,8385.203574890591
2018-07-05,8357.797372017605
2018-07-06,8326.05654535024
2018-07-09,8226.119601315482
2018-07-10,8234.363717291026
2018-07-11,8353.44985490619
2018-07-12,8370.950871127849
2018-07-13,8388.603618804678
2018-07-16,8396.118958197263
2018-07-17,8426.511470169296
2018-07-18,8487.55597250312
2018-07-19,8557.65019161487
2018-07-20,8498.574292471363
2018-07-23,8372.57465265581
2018-07-24,8375.490975648341
2018-07-25,8296.72601660704
2018-07-26,8266.880403288664
2018-07-27,8354.968294280561
2018-07-30,8347.207528580284
2018-07-31,8276.366856279745
2018-08-01,8381.046981160425
2018-08-02,8392.283273152632
2018-08-03,8425.998781132816
2018-08-06,8471.199715416344
2018-08-07,8481.883238346332
2018-08-08,8468.616881777194
2018-08-09,8513.477827492054
2018-08-10,8629.646673887612
2018-08-13,8837.380687904382
2018-08-14,8837.814445046592
2018-08-15,9070.359574231194
2018-08-16,9029.582134897679
2018-08-17,8979.319705182817
2018-08-20,8862.825556125626
2018-08-21,8801.783261807132
2018-08-22,8692.491139300982
2018-08-23,8742.162175684289
2018-08-24,8730.592123196107
2018-08-27,8613.702101587289
2018-08-28,8609.743559573839
2018-08-29,8641.227490289579
2018-08-30,8603.80238613851
2018-08-31,8671.58114902937
2018-09-03,8727.218511186295
2018-09-04,8743.205903786944
2018-09-05,8734.419222022112
2018-09-06,8686.601697971182
2018-09-07,8752.427744940991
2018-09-10,8768.85995108191
2018-09-11,8719.776455606518
2018-09-12,8655.95055162695
2018-09-13,8611.910560215967
2018-09-14,8626.517328350435
2018-09-17,8649.267504264913
2018-09-18,8621.496991813965
2018-09-19,8531.25599858178
2018-09-20,8459.05018394181
2018-09-21,8442.42208244077
2018-09-24,8462.525886308738
2018-09-25,8450.647815891685
2018-09-26,8468.288136754709
2018-09-27,8495.517909919325
2018-09-28,8433.092539853753
2018-10-01,8438.509221481017
2018-10-02,8387.428822713844
2018-10-03,8401.825762427334
2018-10-04,8471.826205720467
2018-10-05,8461.565763134955
2018-10-08,8535.991686173473
2018-10-09,8481.74779255482
2018-10-10,8458.901519799305
2018-10-11,8394.588427898818
2018-10-12,8330.665287946742
2018-10-15,8341.112721794347
2018-10-16,8295.609579393453
2018-10-17,8299.748577628261
2018-10-18,8326.059050094012
2018-10-19,8323.617061234829
2018-10-22,8339.723047809295
2018-10-23,8357.77109863389
2018-10-24,8346.859661921953
2018-10-25,8357.870537874729
2018-10-26,8339.39321560002
2018-10-29,8336.657448313024
2018-10-30,8347.650242472042
2018-10-31,8345.341665448424
2018-11-01,8319.942697248296
2018-11-02,8167.595037997255
2018-11-05,8192.009161390415
2018-11-06,8175.940335981776
2018-11-07,8162.14148558501
2018-11-08,8159.923000009215
2018-11-09,8193.66418490781
2018-11-12,8200.989953476806
2018-11-13,8245.649981620985
2018-11-14,8210.90081205524
2018-11-15,8208.906862943506
2018-11-16,8177.9815644074215
2018-11-19,8104.601393678107
2018-11-20,8075.875512600068
2018-11-21,8097.909604983378
2018-11-22,8097.201087305603
2018-11-23,8065.547062679854
2018-11-26,8094.455648302091
2018-11-27,8126.006389403498
2018-11-28,8156.094609549632
2018-11-29,8126.326093481084
2018-11-30,8139.868661553244
2018-12-03,8164.351343769111
2018-12-04,8169.781136832065
2018-12-05,8169.705894590597
2018-12-06,8156.694968609556
2018-12-07,8146.772386050879
2018-12-10,8135.194414888872
2018-12-11,8223.192666218956
2018-12-12,8219.271984162218
2018-12-13,8146.635813258203
2018-12-14,8140.925701999408
2018-12-17,8155.316829782581
2018-12-18,8167.222252926478
2018-12-19,8186.0257311053365
2018-12-20,8177.086423130013
2018-12-21,8152.392066573968
2018-12-24,8226.514174889026
2018-12-25,8241.321563879068
2018-12-26,8238.098271326904
2018-12-27,8216.714909686298
2018-12-28,8261.441403084951
2018-12-31,8284.284922058141
2019-01-01,8260.404492483729
2019-01-02,8287.968417641325
2019-01-03,8640.917826683297
2019-01-04,8432.810433972
2019-01-07,8315.398368598671
2019-01-08,8298.825547374881
2019-01-09,8296.918979727778
2019-01-10,8263.580346328104
2019-01-11,8253.610791577277
2019-01-14,8249.959878441136
2019-01-15,8250.227127201013
2019-01-16,8249.03487421986
2019-01-17,8245.485699861141
2019-01-18,8219.526147171651
2019-01-21,8216.189454166211
2019-01-22,8212.008406753148
2019-01-23,8234.21890242856
2019-01-24,8193.59883978824
2019-01-25,8262.025737084485
2019-01-28,8219.331812157317
2019-01-29,8236.10770561612
2019-01-30,8232.199841391675
2019-01-31,8212.375706586696
2019-02-01,8213.312460660216
2019-02-04,8201.017529601424
2019-02-05,8197.512641804347
2019-02-06,8184.921755903241
2019-02-07,8203.498845256858
2019-02-08,8228.607344888129
2019-02-11,8203.193978432739
2019-02-12,8217.267179132354
2019-02-13,8192.662223250698
2019-02-14,8219.642691526533
2019-02-15,8233.510785972532
2019-02-18,8228.805259362993
2019-02-19,8226.027028435425
2019-02-20,8229.951624966934
2019-02-21,8129.695232914135
2019-02-22,8171.226630157435
2019-02-25,8174.889256501245
2019-02-26,8191.564141578201
2019-02-27,8183.509947335133
2019-02-28,8191.279009338434
2019-03-01,8131.61263778715
2019-03-04,8078.553145354588
2019-03-05,8063.831678336195
2019-03-06,8080.279958469302
2019-03-07,8094.475502139287
2019-03-08,8097.6435567706585
2019-03-11,8054.689504555606
2019-03-12,8132.594102615836
2019-03-13,8106.83683669045
2019-03-14,8085.252136507479
2019-03-15,8102.708559323273
2019-03-18,8112.614855039736
2019-03-19,8106.133371816309
2019-03-20,8112.375104505412
2019-03-21,8061.598730085747
2019-03-22,8019.927031145324
2019-03-25,8095.780678302816
2019-03-26,8057.843211601567
2019-03-27,7973.65951345383
2019-03-28,7835.233767290776
2019-03-29,7848.688383388598
2019-04-01,7838.5572457216
2019-04-02,7828.708829061238
2019-04-03,7860.512456999791
2019-04-04,7826.382947900001
2019-04-05,7819.425699557944
2019-04-08,7828.232517812637
2019-04-09,7802.076595638384
2019-04-10,7804.67761460511
2019-04-11,7771.8253314438725
2019-04-12,7795.281634646276
2019-04-15,7758.713642524223
2019-04-16,7751.599881282399
2019-04-17,7775.278639463748
2019-04-18,7775.192609814162
2019-04-19,7800.379420187967
2019-04-22,7795.6390899497155
2019-04-23,7790.936742753458
2019-04-24,7818.167028402025
2019-04-25,7841.200105017857
2019-04-26,7847.615778280438
2019-04-29,7812.855701156628
2019-04-30,7794.719264681904
2019-05-01,7767.473899553134
2019-05-02,7768.25351511565
2019-05-03,7787.9965359774615
2019-05-06,7805.65464865565
2019-05-07,7777.504707051584
2019-05-08,7801.773644897757
2019-05-09,7810.082849304544
2019-05-10,7789.850063391256
2019-05-13,7756.175605695299
2019-05-14,7790.342895584879
2019-05-15,7770.610436663281
2019-05-16,7793.316499076846
2019-05-17,7831.904569169375
2019-05-20,7806.8650539537475
2019-05-21,7783.990359765545
2019-05-22,7780.172060261045
2019-05-23,7801.256504600331
2019-05-24,7803.030590901442
2019-05-27,7727.997484394741
2019-05-28,7758.611527867958
2019-05-29,7801.359813290205
2019-05-30,7833.359229844969
2019-05-31,7876.185227559277
2019-06-03,7872.153659019665
2019-06-04,7753.95807147056
2019-06-05,7705.663907642207
2019-06-06,7710.207989624973
2019-06-07,7677.583484179453
2019-06-10,7587.477652887043
2019-06-11,7643.551681510188
2019-06-12,7628.105699287533
2019-06-13,7674.9823682670085
2019-06-14,7749.72000363539
2019-06-17,7809.492852055493
2019-06-18,7846.1590899098055
2019-06-19,7782.2895247694105
2019-06-20,7843.691661976125
2019-06-21,7893.558650418085
2019-06-24,7889.609273217221
2019-06-25,7874.823290968474
2019-06-26,7895.322019900937
2019-06-27,7776.648881143568
2019-06-28,7756.142230211027
2019-07-01,7619.950764652938
2019-07-02,7687.204706550996
2019-07-03,7763.933789654424
2019-07-04,7749.486058953326
2019-07-05,7753.671122675257
2019-07-08,7720.368518274879
2019-07-09,7697.550545866694
2019-07-10,7759.837112684378
2019-07-11,7751.896261275767
2019-07-12,7703.575078193513
2019-07-15,7737.657062373861
2019-07-16,7737.377873309446
2019-07-17,7819.597124414823
2019-07-18,7834.532159989355
2019-07-19,7780.435902334774
2019-07-22,7813.764880889259
2019-07-23,7818.1827028524485
2019-07-24,7850.266886568505
2019-07-25,7796.951369680704
2019-07-26,7747.409621480266
2019-07-29,7819.443608029614
2019-07-30,7926.3357228764335
2019-07-31,7992.19402965041
2019-08-01,7907.136895029109
2019-08-02,8131.4658614879145
2019-08-05,8259.389511463298
2019-08-06,8347.275480239881
2019-08-07,8383.815520286804
2019-08-08,8394.756005738052
2019-08-09,8374.934253796182
2019-08-12,8541.911276441366
2019-08-13,8517.088467486372
2019-08-14,8406.588827643845
2019-08-15,8519.349480399389
2019-08-16,8461.904778488208
2019-08-19,8359.67678922155
2019-08-20,8411.798666757337
2019-08-21,8410.082528335854
2019-08-22,8377.281817857654
2019-08-23,8408.890983944184
2019-08-26,8585.468893113419
2019-08-27,8512.805780676925
2019-08-28,8530.540433747019
2019-08-29,8538.615975063707
2019-08-30,8544.622326083923
2019-09-02,8597.64980896044
2019-09-03,8647.307227109608
2019-09-04,8643.958457679691
2019-09-05,8410.20333697032
2019-09-06,8255.541589887063
2019-09-09,8224.960347225357
2019-09-10,8153.537377045614
2019-09-11,8159.038266333214
2019-09-12,8171.483318217683
2019-09-13,8127.312569051035
2019-09-16,8140.395094239127
2019-09-17,8185.936642214956
2019-09-18,8132.33425783992
2019-09-19,8163.155399410722
2019-09-20,8191.40747394388
2019-09-23,8273.95388612519
2019-09-24,8278.79648915028
2019-09-25,8200.549230724948
2019-09-26,8251.593996819201
2019-09-27,8225.964300793625
2019-09-30,8146.929852416697
2019-10-01,8175.880383649745
2019-10-02,8225.599029024328
2019-10-03,8204.451766454276
2019-10-04,8175.91673541516
2019-10-07,8158.49249012015
2019-10-08,8175.376122022074
2019-10-09,8205.757178343325
2019-10-10,8186.8655446462635
2019-10-11,8069.14297853469
2019-10-14,8029.567601067326
2019-10-15,8039.647341818314
2019-10-16,8064.802308891457
2019-10-17,8065.860781187356
2019-10-18,7996.459438510579
2019-10-21,7975.815657436642
2019-10-22,7971.679580279404
2019-10-23,7963.872958921623
2019-10-24,7989.467833373867
2019-10-25,7999.376727569523
2019-10-28,8008.699971214687
2019-10-29,8004.154647841108
2019-10-30,8017.481982334502
2019-10-31,7985.299321365788
2019-11-01,8000.6576915162805
2019-11-04,7977.333801632542
2019-11-05,7943.788782212191
2019-11-06,7970.5522238708345
2019-11-07,7932.437376500924
2019-11-08,7879.313354989428
2019-11-11,7861.179190086687
2019-11-12,7853.7910763052805
2019-11-13,7874.001426832448
2019-11-14,7855.196003367627
2019-11-15,7860.53484879232
2019-11-18,7861.0057410673835
2019-11-19,7876.8796068400825
2019-11-20,7858.836313184376
2019-11-21,7860.828296192682
2019-11-22,7861.053468164103
2019-11-25,7858.200276278217
2019-11-26,7888.038528250309
2019-11-27,7868.209129089821
2019-11-28,7908.30474543723
2019-11-29,7895.887142072354
2019-12-02,7901.35996488765
2019-12-03,7857.216356438912
2019-12-04,7856.047853020859
2019-12-05,7897.552413462899
2019-12-06,7899.521620495947
2019-12-09,7913.257827784717
2019-12-10,7925.700938976928
2019-12-11,7931.751712855195
2019-12-12,7939.432312628066
2019-12-13,8030.664717386778
2019-12-16,8046.746554977885
2019-12-17,7997.434088506301
2019-12-18,7930.887592685166
2019-12-19,7939.173773873222
2019-12-20,7854.564726572656
2019-12-23,7877.2477751330425
2019-12-24,7884.805113004177
2019-12-25,7888.345747872672
2019-12-26,7900.609921014739
2019-12-27,7916.696732824387
2019-12-30,7953.001835682817
2019-12-31,7973.21051537254
2020-01-01,8018.688144862188
2020-01-02,8001.414238425849
2020-01-03,7982.408683503562
2020-01-06,7935.2026783814745
2020-01-07,8018.470872605799
2020-01-08,7966.692116688202
2020-01-09,7954.314745115735
2020-01-10,7960.766417045006
2020-01-13,7950.511526716445
2020-01-14,7958.239762913777
2020-01-15,8046.145917546937
2020-01-16,8041.407903981026
2020-01-17,8122.459243724749
2020-01-20,8088.512240639575
2020-01-21,8083.962378819982
2020-01-22,8114.35602413016
2020-01-23,8098.193412276267
2020-01-24,8110.1610541387645
2020-01-27,8000.5026498460375
2020-01-28,7984.750484718199
2020-01-29,7950.801168233468
2020-01-30,7990.764026188246
2020-01-31,8022.1247174323125
2020-02-03,8041.417034766578
2020-02-04,7982.164302376229
2020-02-05,7947.4552938151855
2020-02-06,7879.387557236423
2020-02-07,7883.942561631011
2020-02-10,7947.9181639504495
2020-02-11,7934.828469193579
2020-02-12,7929.974527736676
2020-02-13,7966.737675700532
2020-02-14,7995.305230783875
2020-02-17,7978.005007472376
2020-02-18,7983.168870404439
2020-02-19,8064.845390793416
2020-02-20,8035.420676920233
2020-02-21,8147.410147170027
2020-02-24,8172.388045910419
2020-02-25,8100.159872037683
2020-02-26,8100.8251421608675
2020-02-27,8137.761493098248
2020-02-28,7865.959162094374
2020-03-02,7913.506557090424
2020-03-03,7866.145127094467
2020-03-04,7859.0179231287375
2020-03-05,7850.532911217255
2020-03-06,7908.368924345079
2020-03-09,8083.863558818763
2020-03-10,8082.633299522268
2020-03-11,8074.30909695906
2020-03-12,8059.158570063638
2020-03-13,8203.593728920197
2020-03-16,8276.082220505063
2020-03-17,8425.086007338694
2020-03-18,8573.311765523453
2020-03-19,8760.090240779056
2020-03-20,8694.694560590242
2020-03-23,8688.957739598478
2020-03-24,8506.526609578441
2020-03-25,8353.382759498107
2020-03-26,8369.413498673923
2020-03-27,8258.385361916931
2020-03-30,8241.789259074161
2020-03-31,8225.94183986001
2020-04-01,8248.269384326897
2020-04-02,8256.215399180262
2020-04-03,8259.815526280117
2020-04-06,8286.27914497308
2020-04-07,8187.293300565676
2020-04-08,8178.219815167566
2020-04-09,8130.489652306886
2020-04-10,8096.762114060721
2020-04-13,8098.036126485203
2020-04-14,8055.234163092468
2020-04-15,8062.4998764262955
2020-04-16,8116.886154105602
2020-04-17,8089.019758821815
2020-04-20,8095.722055494485
2020-04-21,8116.285858740068
2020-04-22,8134.9572249728035
2020-04-23,8136.15391668965
2020-04-24,8102.3757924472175
2020-04-27,8091.881772811961
2020-04-28,8074.602322536392
2020-04-29,8068.066098688695
2020-04-30,8031.748304796181
2020-05-01,8033.433315858119
2020-05-04,8087.408571413309
2020-05-05,8081.699745111461
2020-05-06,8080.32007697851
2020-05-07,8110.076144156618
2020-05-08,8061.626336148172
2020-05-11,8042.9499920871285
2020-05-12,8060.749025023176
2020-05-13,8080.63620663215
2020-05-14,8101.771702853114
2020-05-15,8082.71684644414
2020-05-18,8094.193685182187
2020-05-19,8025.863223466978
2020-05-20,7996.318836283937
2020-05-21,7987.06124763667
2020-05-22,7995.137716915243
2020-05-25,8005.412787075964
2020-05-26,8002.717011648566
2020-05-27,7973.644905048008
2020-05-28,7970.623510484197
2020-05-29,7973.823891170333
2020-06-01,7978.209877320887
2020-06-02,7949.905597626361
2020-06-03,7932.219017614257
2020-06-04,7939.310719760295
2020-06-05,7931.700714028888
2020-06-08,7936.73720082006
2020-06-09,7933.94290931564
2020-06-10,7916.466561855656
2020-06-11,7925.306685505232
2020-06-12,7870.530074369028
2020-06-15,7860.168269100982
2020-06-16,7913.096822737467
2020-06-17,7888.88356148367
2020-06-18,7876.218418053531
2020-06-19,7884.712799028224
2020-06-22,7883.105416661604
2020-06-23,7922.8202921255315
2020-06-24,7921.75357141695
2020-06-25,7899.660816832575
2020-06-26,7909.268261805955
2020-06-29,7916.11304205432
2020-06-30,7938.29058005549
2020-07-01,7927.859889330476
2020-07-02,7929.718450080409
2020-07-03,7930.376708520755
2020-07-06,7942.658347911264
2020-07-07,7976.8620222064055
2020-07-08,7967.208086308483
2020-07-09,7982.330463448434
2020-07-10,7976.193735535242
2020-07-13,8004.4467492802005
2020-07-14,8000.140099461415
2020-07-15,8020.381384880371
2020-07-16,8007.005258245813
2020-07-17,8000.715211247548
2020-07-20,8056.08477796968
2020-07-21,8111.676314704377
2020-07-22,8220.993952621937
2020-07-23,8259.352811367045
2020-07-24,8245.541060760906
2020-07-27,8312.567905123095
2020-07-28,8377.81859723556
2020-07-29,8343.551343812289
2020-07-30,8332.156938946218
2020-07-31,8383.08523532322
2020-08-03,8339.164781396512
2020-08-04,8359.613230391651
2020-08-05,8469.271018575026
2020-08-06,8553.660270271464
2020-08-07,8468.736241927507
2020-08-10,8465.36875209948
2020-08-11,8338.371420604595
2020-08-12,8338.341606105245
2020-08-13,8410.789352795155
2020-08-14,8390.799496725524
2020-08-17,8480.137748820878
2020-08-18,8522.598469156083
2020-08-19,8540.92682874045
2020-08-20,8422.402997476436
2020-08-21,8445.262634180552
2020-08-24,8382.266421837636
2020-08-25,8377.040595128072
2020-08-26,8458.086828838967
2020-08-27,8453.639943412622
2020-08-28,8506.88192808811
2020-08-31,8601.613385705976
2020-09-01,8627.924848128849
2020-09-02,8567.235179228463
2020-09-03,8502.160720002874
2020-09-04,8451.550335928527
2020-09-07,8474.106878433277
2020-09-08,8447.075129620469
2020-09-09,8357.477010589322
2020-09-10,8424.274268751968
2020-09-11,8418.112012496462
2020-09-14,8454.976823104173
2020-09-15,8469.226940818837
2020-09-16,8456.305434671734
2020-09-17,8398.922536532982
2020-09-18,8447.1609683821
2020-09-21,8325.930023626004
2020-09-22,8267.558327572757
2020-09-23,8182.637525243005
2020-09-24,8105.1316249243
2020-09-25,8089.0886285566385
2020-09-28,8083.710343111043
2020-09-29,8113.214519548269
2020-09-30,8140.337034928665
2020-10-01,8115.2280353388405
2020-10-02,8139.175953821847
2020-10-05,8137.882443517601
2020-10-06,8146.865081036205
2020-10-07,8125.047906609126
2020-10-08,8138.628178134702
2020-10-09,8167.736367965
2020-10-12,8188.9884771538655
2020-10-13,8162.075904794445
2020-10-14,8137.342486151362
2020-10-15,8135.033484873119
2020-10-16,8108.6656800895225
2020-10-19,8118.473699043607
2020-10-20,8147.3795517405615
2020-10-21,8184.291061359421
2020-10-22,8168.368781927866
2020-10-23,8154.743169881355
2020-10-26,8160.8980891630645
2020-10-27,8136.971589293966
2020-10-28,8097.882973588875
2020-10-29,8065.336061356677
2020-10-30,8038.566917864255
2020-11-02,8035.044455712509
2020-11-03,8040.937235260231
2020-11-04,8065.321775513244
2020-11-05,8088.42845409592
2020-11-06,8158.303391852988
2020-11-09,8155.237936290869
2020-11-10,8069.029128451587
2020-11-11,8038.630021648109
2020-11-12,8051.677655275227
2020-11-13,8031.702692971475
2020-11-16,8069.679715106329
2020-11-17,8080.461149023144
2020-11-18,8072.574011071637
2020-11-19,8076.142330828972
2020-11-20,8100.1049793176935
2020-11-23,8105.651958519665
2020-11-24,8104.969884909917
2020-11-25,8158.292955887545
2020-11-26,8174.325204298536
2020-11-27,8162.002685875169
2020-11-30,8200.822541728072
2020-12-01,8205.588480290604
2020-12-02,8294.764863779377
2020-12-03,8308.105471884883
2020-12-04,8364.54938743611
2020-12-07,8341.961028070116
2020-12-08,8308.986995507164
2020-12-09,8299.198297624345
2020-12-10,8309.009464850058
2020-12-11,8399.50541085334
2020-12-14,8386.346608382155
2020-12-15,8407.030138279688
2020-12-16,8436.123467486663
2020-12-17,8482.545857225565
2020-12-18,8549.446678032013
2020-12-21,8436.351019485763
2020-12-22,8390.241148751194
2020-12-23,8350.316667295509
2020-12-24,8410.09087206881
2020-12-25,8417.541671277688
2020-12-28,8441.597319880775
2020-12-29,8426.595290568644
2020-12-30,8494.436863187213
2020-12-31,8594.407710993504
2021-01-01,8603.753166913968
2021-01-04,8618.69829185055
2021-01-05,8651.168955455487
2021-01-06,8731.054265664292
2021-01-07,8827.963957445292
2021-01-08,8630.446339664792
2021-01-11,8495.668419462087
2021-01-12,8494.156447292604
2021-01-13,8604.91327017877
2021-01-14,8587.916308069673
2021-01-15,8568.707344109045
2021-01-18,8442.43121379182
2021-01-19,8437.163501226983
2021-01-20,8502.58155225744
2021-01-21,8543.725378552444
2021-01-22,8554.2996961152
2021-01-25,8511.568541569537
2021-01-26,8501.902513860043
2021-01-27,8512.094447223286
2021-01-28,8411.546524326506
2021-01-29,8443.815639622044
2021-02-01,8462.415534033575
2021-02-02,8413.949827223812
2021-02-03,8435.467876657625
2021-02-04,8437.562043187783
2021-02-05,8455.292097895968
2021-02-08,8555.99400692499
2021-02-09,8590.029885621048
2021-02-10,8636.72038654648
2021-02-11,8628.776588302151
2021-02-12,8657.470862509193
2021-02-15,8694.355945773661
2021-02-16,8764.86674248442
2021-02-17,8729.685999170792
2021-02-18,8742.848610652032
2021-02-19,8848.216355110917
2021-02-22,8992.407809550965
2021-02-23,8975.75679642815
2021-02-24,9074.614796749862
2021-02-25,9198.159136220205
2021-02-26,8985.905861316798
2021-03-01,8877.126492087447
2021-03-02,8941.43725792253
2021-03-03,8948.540165551865
2021-03-04,8861.318651946798
2021-03-05,8901.07954497271
2021-03-08,8935.98648767898
2021-03-09,8911.843350618257
2021-03-10,8933.02199783925
2021-03-11,8981.243923745504
2021-03-12,9040.616223567891
2021-03-15,9066.16517797186
2021-03-16,9035.87362300042
2021-03-17,9023.622967958492
2021-03-18,9101.794435866612
2021-03-19,9026.870130604675
2021-03-22,8966.07765961503
2021-03-23,8944.914783798971
2021-03-24,8817.169669390054
2021-03-25,8794.80685987029
2021-03-26,8877.874118475942
2021-03-29,8929.90266541272
2021-03-30,8918.792370444597
2021-03-31,8941.850080097669
2021-04-01,9000.683762618395
2021-04-02,9008.75762362735
2021-04-05,9007.41062800634
2021-04-06,9004.07133836249
2021-04-07,8896.567397213232
2021-04-08,8837.844564449091
2021-04-09,8788.40686326273
2021-04-12,8794.024886273253
2021-04-13,8766.217223890691
2021-04-14,8765.390506866112
2021-04-15,8830.727044590865
2021-04-16,8815.491945476897
2021-04-19,8830.416322554232
2021-04-20,8825.2603523259
2021-04-21,8817.562040938334
2021-04-22,8837.640361888205
2021-04-23,8805.537498396998
2021-04-26,8865.75911925067
2021-04-27,9000.889774870144
2021-04-28,8968.266389144417
2021-04-29,8997.885168223362
2021-04-30,9014.404502364014
2021-05-03,8980.714083787532
2021-05-04,9008.237158279
2021-05-05,8984.25169275859
2021-05-06,9033.724909483079
2021-05-07,9082.153944258362
2021-05-10,9151.953789280937
2021-05-11,9170.672548844746
2021-05-12,9125.662649145475
2021-05-13,9084.022983471245
2021-05-14,9070.370989721434
2021-05-17,9169.746865408957
2021-05-18,9175.996987620898
2021-05-19,9139.075990270123
2021-05-20,9077.654299039807
2021-05-21,9059.984025363354
2021-05-24,9032.996404734882
2021-05-25,9077.071690461851
2021-05-26,9068.95177171793
2021-05-27,9085.624759452328
2021-05-28,9197.913655665745
2021-05-31,9176.475235119085
2021-06-01,9191.768040703748
2021-06-02,9142.069060585856
2021-06-03,9080.97257021061
2021-06-04,9068.924063478089
2021-06-07,9089.433840212243
2021-06-08,9063.897622445791
2021-06-09,9036.929012937424
2021-06-10,9021.976116884298
2021-06-11,9041.49435204516
2021-06-14,8978.217650884922
2021-06-15,8966.312808330744
2021-06-16,8963.525593033668
2021-06-17,8718.464503702393
2021-06-18,8605.441834414805
2021-06-21,8523.485343538352
2021-06-22,8581.582608179246
2021-06-23,8616.869367958323
2021-06-24,8638.345208780389
2021-06-25,8612.358554004193
2021-06-28,8603.597812113721
2021-06-29,8587.255608102045
2021-06-30,8567.923213747848
2021-07-01,8599.72349986798
2021-07-02,8603.393805293026
2021-07-05,8598.342243319372
2021-07-06,8586.762549317975
2021-07-07,8557.30777147641
2021-07-08,8557.664587730986
2021-07-09,8483.835970746191
2021-07-12,8512.285261635909
2021-07-13,8515.052064952406
2021-07-14,8521.39991598674
2021-07-15,8490.642905807797
2021-07-16,8489.554367336576
2021-07-19,8475.281587376909
2021-07-20,8470.377550645062
2021-07-21,8467.592243027004
2021-07-22,8484.038536587108
2021-07-23,8487.841604897376
2021-07-26,8507.916774069548
2021-07-27,8504.553918683932
2021-07-28,8502.43749699517
2021-07-29,8490.363655678388
2021-07-30,8486.606037989133
2021-08-02,8507.529239890677
2021-08-03,8484.06301580435
2021-08-04,8478.310717706143
2021-08-05,8495.020007105473
2021-08-06,8510.426686950568
2021-08-09,8541.172834291923
2021-08-10,8523.260755286672
2021-08-11,8493.274742715525
2021-08-12,8487.056041354754
2021-08-13,8458.96570370151
2021-08-16,8431.637405678677
2021-08-17,8454.522927313285
2021-08-18,8483.84461997255
2021-08-19,8510.559712559298
2021-08-20,8549.137527013489
2021-08-23,8506.607398536227
2021-08-24,8432.171016080845
2021-08-25,8404.190413930524
2021-08-26,8396.165743611662
2021-08-27,8381.433507781761
2021-08-30,8320.01136607734
2021-08-31,8322.188156429082
2021-09-01,8311.475873356756
2021-09-02,8280.190746164802
2021-09-03,8237.715035522242
2021-09-06,8216.409971998975
2021-09-07,8211.638788652705
2021-09-08,8256.527942645933
2021-09-09,8290.598269318027
2021-09-10,8311.823274045673
2021-09-13,8331.870641742678
2021-09-14,8371.506261942497
2021-09-15,8388.20238859241
2021-09-16,8395.69372103983
2021-09-17,8419.958908942994
2021-09-20,8482.024088270275
2021-09-21,8359.661817843302
2021-09-22,8275.132408641128
2021-09-23,8293.418504452331
2021-09-24,8273.926261869627
2021-09-27,8264.804221956436
2021-09-28,8306.701418324688
2021-09-29,8354.018988916503
2021-09-30,8324.539555115269
2021-10-01,8262.696843138017
2021-10-04,8229.87551667528
2021-10-05,8214.151709010715
2021-10-06,8240.01553614931
2021-10-07,8208.997477806808
2021-10-08,8145.739650852231
2021-10-11,8164.93203113786
2021-10-12,8211.270264329603
2021-10-13,8185.20188326253
2021-10-14,8127.26715499842
2021-10-15,8200.173424952443
2021-10-18,8261.168103513995
2021-10-19,8211.065696710153
2021-10-20,8250.231368176908
2021-10-21,8251.509423962616
2021-10-22,8166.676295879979
2021-10-25,8134.860133347742
2021-10-26,8166.026197629469
2021-10-27,8206.816449133074
2021-10-28,8165.718081575185
2021-10-29,8149.516066145056
2021-11-01,8207.593514613136
2021-11-02,8198.315693468992
2021-11-03,8102.173293380315
2021-11-04,8151.235983004252
2021-11-05,8059.36169506507
2021-11-08,8013.0405360972645
2021-11-09,8018.977434301813
2021-11-10,7972.504323745942
2021-11-11,8030.167034696364
2021-11-12,7994.772476514475
2021-11-15,7993.413346817074
2021-11-16,8011.571783237175
2021-11-17,8032.704792755111
2021-11-18,7987.455733446339
2021-11-19,7985.03928767142
2021-11-22,7999.993552636204
2021-11-23,8023.836865963929
2021-11-24,8043.524000189756
2021-11-25,8067.749666838679
2021-11-26,8035.602038808459
2021-11-29,7925.516928721928
2021-11-30,7968.698046803278
2021-12-01,7931.363604536235
2021-12-02,7933.486153161813
2021-12-03,7938.611790127622
2021-12-06,7988.234487112527
2021-12-07,7921.081453230314
2021-12-08,7865.010615822102
2021-12-09,7847.7476064838365
2021-12-10,7894.799587320308
2021-12-13,7904.878573417471
2021-12-14,8007.816643139431
2021-12-15,8089.149247678353
2021-12-16,7866.5936718650855
2021-12-17,7801.135156677781
2021-12-20,7919.945309457657
2021-12-21,7906.7665867761525
2021-12-22,7801.715721199637
2021-12-23,7724.543854354647
2021-12-24,7709.4829862541255
2021-12-27,7709.2311358577335
2021-12-28,7697.004686216662
2021-12-29,7720.042398403216
2021-12-30,7693.315122840768
2021-12-31,7720.344315430793
2022-01-03,7707.413240934518
2022-01-04,7727.147302594667
2022-01-05,7756.63288782049
2022-01-06,7759.062585294112
2022-01-07,7744.501980436827
2022-01-10,7712.404906932512
2022-01-11,7671.20804105664
2022-01-12,7675.412986061193
2022-01-13,7633.523865080203
2022-01-14,7597.039033274659
2022-01-17,7615.861767485653
2022-01-18,7625.5649600611605
2022-01-19,7626.548527097452
2022-01-20,7609.595551958256
2022-01-21,7604.110636530045
2022-01-24,7571.605933130882
2022-01-25,7565.289733605371
2022-01-26,7566.362019649519
2022-01-27,7579.7830151004855
2022-01-28,7641.281268529996
2022-01-31,7661.4373819322445
2022-02-01,7609.367268789832
2022-02-02,7566.601918349268
2022-02-03,7572.386458308101
2022-02-04,7462.994988643815
2022-02-07,7465.726758178759
2022-02-08,7450.109804356477
2022-02-09,7464.165597752437
2022-02-10,7444.029166692388
2022-02-11,7452.7211632468625
2022-02-14,7470.4508392370635
2022-02-15,7471.10597186889
2022-02-16,7468.712198917644
2022-02-17,7459.750000924748
2022-02-18,7430.098114954303
2022-02-21,7431.3695932874925
2022-02-22,7406.236637313977
2022-02-23,7403.263261006594
2022-02-24,7379.637278021036
2022-02-25,7367.656255205547
2022-02-28,7394.9628970203385
2022-03-01,7412.812131181719
2022-03-02,7434.2712076707385
2022-03-03,7496.776498845151
2022-03-04,7612.4400600746785
2022-03-07,7715.640794660205
2022-03-08,7758.056150315833
2022-03-09,7624.416729704073
2022-03-10,7550.25930452539
2022-03-11,7583.845107241752
2022-03-14,7533.523659931708
2022-03-15,7471.826168193718
2022-03-16,7432.796907767959
2022-03-17,7499.258820081919
2022-03-18,7482.604171771553
2022-03-21,7553.711038018467
2022-03-22,7556.204560844162
2022-03-23,7673.383542990563
2022-03-24,7718.498582930218
2022-03-25,7771.274676121515
2022-03-28,7769.0595302769125
2022-03-29,7812.361691525255
2022-03-30,7782.331312028591
2022-03-31,7694.640891127416
2022-04-01,7669.048948147654
2022-04-04,7730.5644129291395
2022-04-05,7805.867615250891
2022-04-06,7903.143397856495
2022-04-07,7828.071714795263
2022-04-08,7830.168298618993
2022-04-11,7821.21928204502
2022-04-12,7878.715062156294
2022-04-13,7921.35731544063
2022-04-14,7866.920103158577
2022-04-15,7900.23546228527
2022-04-18,7926.286184965234
2022-04-19,7927.695149349625
2022-04-20,8068.971795938553
2022-04-21,8004.8221228707935
2022-04-22,7966.04911449519
2022-04-25,7898.049547041814
2022-04-26,7855.104440682957
2022-04-27,7855.37441030558
2022-04-28,7947.7103295455545
2022-04-29,8088.893328474143
2022-05-02,8011.17711929817
2022-05-03,8025.147162775671
2022-05-04,8037.190771395539
2022-05-05,7971.4578661256755
2022-05-06,8089.0348036060595
2022-05-09,8117.959859492724
2022-05-10,8091.608289852915
2022-05-11,8087.842639224679
2022-05-12,8133.3007770039885
2022-05-13,8106.022419147327
2022-05-16,8096.197140169328
2022-05-17,8040.805692777479
2022-05-18,8004.94561376203
2022-05-19,7957.525238176298
2022-05-20,7880.013454491575
2022-05-23,7854.018946181176
2022-05-24,7794.435778514025
2022-05-25,7773.8226907746275
2022-05-26,7761.13381857181
2022-05-27,7732.451048162599
2022-05-30,7730.009164347392
2022-05-31,7736.382161683038
2022-06-01,7769.777313800082
2022-06-02,7813.2015588041595
2022-06-03,7802.663933096999
2022-06-06,7834.600702505641
2022-06-07,7879.267050851001
2022-06-08,7912.1201385913655
2022-06-09,7983.9352024594555
2022-06-10,7948.432142545309
2022-06-13,8024.754118024329
2022-06-14,8028.452195372244
2022-06-15,8062.082000769141
2022-06-16,7980.584291301532
2022-06-17,7838.16311263767
2022-06-20,7938.867633776603
2022-06-21,7926.3324140803525
2022-06-22,7982.501390057809
2022-06-23,8013.91773572022
2022-06-24,7968.053481709963
2022-06-27,7963.836731663721
2022-06-28,7986.766715238957
2022-06-29,8032.718275284072
2022-06-30,8106.496261515558
2022-07-01,8119.596173978742
2022-07-04,8105.0930198296055
2022-07-05,8131.478791500733
2022-07-06,8200.563633994629
2022-07-07,8159.187483600304
2022-07-08,8106.347332123527
2022-07-11,8152.583971414698
2022-07-12,8304.00902224313
2022-07-13,8269.911460181907
2022-07-14,8397.829787871678
2022-07-15,8409.345603049886
2022-07-18,8306.900927989955
2022-07-19,8299.873662501477
2022-07-20,8272.22757653408
2022-07-21,8283.961366739743
2022-07-22,8211.794336796767
2022-07-25,8215.446107268683
2022-07-26,8191.788613631858
2022-07-27,8224.196157651524
2022-07-28,8082.03151455855
2022-07-29,7982.168612031426
2022-08-01,7941.348376511393
2022-08-02,7882.741195118085
2022-08-03,7968.847547324335
2022-08-04,7936.422084734784
2022-08-05,7891.098702448726
2022-08-08,7914.811176436901
2022-08-09,7925.28100750105
2022-08-10,7903.445595893119
2022-08-11,7846.241231496753
2022-08-12,7842.799406380572
2022-08-15,7894.732006806647
2022-08-16,7905.085053081222
2022-08-17,7920.293133248053
2022-08-18,7908.199708444047
2022-08-19,7959.493719882988
2022-08-22,8020.089317405632
2022-08-23,8042.335217907247
2022-08-24,8022.482160578932
2022-08-25,8016.648792428879
2022-08-26,8042.837827375832
2022-08-29,8102.878291128156
2022-08-30,8128.481181655728
2022-08-31,8141.545482126164
2022-09-01,8197.550800905288
2022-09-02,8213.870827127243
2022-09-05,8251.319128682537
2022-09-06,8205.152892369886
2022-09-07,8255.332601341772
2022-09-08,8222.28142751632
2022-09-09,8189.714851290107
2022-09-12,8062.862039891215
2022-09-13,8089.360525287315
2022-09-14,8198.55447146689
2022-09-15,8167.698494270834
2022-09-16,8191.116142009849
2022-09-19,8177.897158606834
2022-09-20,8207.302446379892
2022-09-21,8253.453774947018
2022-09-22,8319.837172247158
2022-09-23,8319.443029745511
2022-09-26,8587.812693769662
2022-09-27,8632.128093750256
2022-09-28,8603.106936009144
2022-09-29,8532.252886066231
2022-09-30,8404.397282884203
2022-10-03,8387.318519389628
2022-10-04,8255.465646774088
2022-10-05,8208.385715695846
2022-10-06,8229.140467635612
2022-10-07,8325.767955003008
2022-10-10,8412.07078363845
2022-10-11,8400.648519069535
2022-10-12,8420.103317411527
2022-10-13,8403.215175348616
2022-10-14,8391.638088656111
2022-10-17,8428.913856285857
2022-10-18,8388.385653835401
2022-10-19,8399.900986427347
2022-10-20,8418.233848664215
2022-10-21,8393.047324987643
2022-10-24,8308.195835916791
2022-10-25,8350.270974039748
2022-10-26,8274.184031040244
2022-10-27,8197.320465406881
2022-10-28,8230.77111928271
2022-10-31,8282.49981386791
2022-11-01,8279.536821995722
2022-11-02,8265.1296363695
2022-11-03,8298.363375870944
2022-11-04,8272.426398814005
2022-11-07,8183.439857156406
2022-11-08,8149.084970409115
2022-11-09,8121.281050790153
2022-11-10,8138.612198578438
2022-11-11,7999.701375227247
2022-11-14,7953.323685980535
2022-11-15,7955.420718387096
2022-11-16,7933.486347235439
2022-11-17,7935.843818560108
2022-11-18,7949.284870456315
2022-11-21,7953.3212492480125
2022-11-22,7968.789444229605
2022-11-23,7969.623988317985
2022-11-24,7960.812445951
2022-11-25,7945.482659609965
2022-11-28,7947.111356850186
2022-11-29,7941.494780086906
2022-11-30,7943.520918056476
2022-12-01,7949.969888849412
2022-12-02,7957.640681706462
2022-12-05,7951.4703804925575
2022-12-06,7957.1576994960815
2022-12-07,7970.698376916606
2022-12-08,7972.9446094992
2022-12-09,7979.042183197942
2022-12-12,7973.094884314701
2022-12-13,8001.690414444092
2022-12-14,8007.627123862865
2022-12-15,7994.598144028181
2022-12-16,8005.916090948612
2022-12-19,8005.166117114252
2022-12-20,8019.188529109921
2022-12-21,8008.260012741744
2022-12-22,7950.1344393711015
2022-12-23,7953.9202783933015
2022-12-26,7949.04565056515
2022-12-27,7934.65086322119
2022-12-28,7921.6281848796825
2022-12-29,7937.6298088647045
2022-12-30,7956.572717904212
2023-01-02,7963.495444566189
2023-01-03,7955.434162678769
2023-01-04,7917.227786699007
2023-01-05,7862.185107659747
2023-01-06,7875.606966269941
2023-01-09,7889.058007945081
2023-01-10,7890.818155603657
2023-01-11,7893.523914446834
2023-01-12,7902.145847380675
2023-01-13,7953.741951461899
2023-01-16,7963.328102108587
2023-01-17,7962.160139760711
2023-01-18,7949.330950883322
2023-01-19,7958.684703251213
2023-01-20,7974.671643598323
2023-01-23,7949.658772549017
2023-01-24,7932.268827655636
2023-01-25,7947.462803364593
2023-01-26,7962.723431980077
2023-01-27,7936.2958520836455
2023-01-30,7919.244800370918
2023-01-31,7906.14241383045
2023-02-01,7888.567192780165
2023-02-02,7950.733785924717
2023-02-03,7847.340668922789
2023-02-06,7752.611015471832
2023-02-07,7725.971854813561
2023-02-08,7750.515209509092
2023-02-09,7744.520979309188
2023-02-10,7751.212012067828
2023-02-13,7738.0554185752835
2023-02-14,7762.372057585074
2023-02-15,7748.856975497308
2023-02-16,7729.496466955722
2023-02-17,7732.149830719126
2023-02-20,7729.738728707458
2023-02-21,7735.851158371527
2023-02-22,7720.937513462125
2023-02-23,7713.81628880628
2023-02-24,7728.935881677728
2023-02-27,7704.111194926507
2023-02-28,7705.712507444765
2023-03-01,7695.937696426068
2023-03-02,7691.502425242068
2023-03-03,7684.227057623499
2023-03-06,7691.3682309258165
2023-03-07,7738.883385911899
2023-03-08,7773.823085110453
2023-03-09,7772.127426870231
2023-03-10,7774.625628796657
2023-03-13,7680.014423277822
2023-03-14,7645.555639450769
2023-03-15,7648.65387017239
2023-03-16,7650.90690006089
2023-03-17,7649.071531305567
2023-03-20,7635.42172847098
2023-03-21,7620.392621136145
2023-03-22,7632.905893818786
2023-03-23,7680.63163570118
2023-03-24,7689.277391277076
2023-03-27,7680.412956950428
2023-03-28,7676.820583476279
2023-03-29,7630.333227851359
2023-03-30,7615.356586145959
2023-03-31,7600.897867804779
2023-04-03,7600.103215218976
2023-04-04,7601.08134653168
2023-04-05,7666.541503001606
2023-04-06,7664.137181293733
2023-04-07,7681.95144930987
2023-04-10,7676.705015980127
2023-04-11,7658.995887471758
2023-04-12,7687.793676144696
2023-04-13,7732.229270659713
2023-04-14,7667.805381536072
2023-04-17,7617.283661993481
2023-04-18,7595.897219187315
2023-04-19,7604.408156795454
2023-04-20,7620.874959954553
2023-04-21,7599.892431797607
2023-04-24,7636.103851408203
2023-04-25,7667.107731988229
2023-04-26,7642.264135506429
2023-04-27,7690.846763245595
2023-04-28,7656.004710845253
2023-05-01,7663.902940791345
2023-05-02,7687.616600953361
2023-05-03,7678.545517475467
2023-05-04,7759.659413426224
2023-05-05,7658.285848532738
2023-05-08,7601.4262550960775
2023-05-09,7604.459210062804
2023-05-10,7599.104480542433
2023-05-11,7537.152187081609
2023-05-12,7480.845720058616
2023-05-15,7468.069214091621
2023-05-16,7465.6055949777265
2023-05-17,7465.7258965023875
2023-05-18,7456.034943760693
2023-05-19,7447.429049916431
2023-05-22,7472.994736386803
2023-05-23,7491.446746553218
2023-05-24,7483.224496959211
2023-05-25,7448.451721768558
2023-05-26,7447.184757894797
2023-05-29,7459.912132522632
2023-05-30,7447.580103102509
2023-05-31,7452.323468401064
2023-06-01,7406.433573974275
2023-06-02,7362.671080324438
2023-06-05,7350.908902524111
2023-06-06,7331.149492176019
2023-06-07,7303.824303809998
2023-06-08,7335.890374571273
2023-06-09,7365.059409148781
2023-06-12,7347.615630190895
2023-06-13,7280.897206155306
2023-06-14,7321.96485223121
2023-06-15,7332.695696726509
2023-06-16,7406.434214799889
2023-06-19,7491.94007340515
2023-06-20,7468.3247364948365
2023-06-21,7422.313417653558
2023-06-22,7496.055449815126
2023-06-23,7543.202450847828
2023-06-26,7523.09831153916
2023-06-27,7516.197217175693
2023-06-28,7584.611324301263
2023-06-29,7569.6458194319575
2023-06-30,7552.297172022122
2023-07-03,7564.161254967708
2023-07-04,7569.327453557312
2023-07-05,7566.77854046982
2023-07-06,7577.012523515783
2023-07-07,7543.464100668404
2023-07-10,7508.807694159277
2023-07-11,7487.057158442276
2023-07-12,7424.088753826505
2023-07-13,7366.556531381389
2023-07-14,7479.426516855358
2023-07-17,7443.444676873717
2023-07-18,7432.173958749501
2023-07-19,7453.187220767162
2023-07-20,7450.221717348053
2023-07-21,7342.731445897184
2023-07-24,7406.932591632846
2023-07-25,7353.363111425874
2023-07-26,7401.815141647748
2023-07-27,7410.2729598312
2023-07-28,7254.35977246591
2023-07-31,7315.788255994541
2023-08-01,7342.692518467743
2023-08-02,7335.586409867856
2023-08-03,7294.339802975319
2023-08-04,7279.918052423711
2023-08-07,7266.748312680052
2023-08-08,7322.58439206576
2023-08-09,7326.914412278029
2023-08-10,7262.227847878538
2023-08-11,7295.151581463516
2023-08-14,7328.638102742297
2023-08-15,7374.108451657026
2023-08-16,7411.964905108252
2023-08-17,7448.294363682279
2023-08-18,7402.307444759235
2023-08-21,7349.440141213882
2023-08-22,7381.698961554164
2023-08-23,7293.280704740398
2023-08-24,7230.28958594187
2023-08-25,7268.570693933102
2023-08-28,7259.579788731965
2023-08-29,7254.543016151369
2023-08-30,7220.997364753651
2023-08-31,7243.9209700121755
2023-09-01,7162.021865506371
2023-09-04,7196.482199054508
2023-09-05,7226.702713265058
2023-09-06,7300.788351101354
2023-09-07,7282.636633533375
2023-09-08,7286.533084318372
2023-09-11,7225.73716881654
2023-09-12,7160.308611414198
2023-09-13,7172.644822158837
2023-09-14,7171.20668651565
2023-09-15,7151.680172437126
2023-09-18,7153.121932491494
2023-09-19,7115.478418742212
2023-09-20,7095.493511065708
2023-09-21,7152.738104453632
2023-09-22,7109.3819930304135
2023-09-25,7145.459566584555
2023-09-26,7171.634634067581
2023-09-27,7209.547972796876
2023-09-28,7192.556378186231
2023-09-29,7152.673017723936
2023-10-02,7235.123957313464
2023-10-03,7308.306549846484
2023-10-04,7317.806200551843
2023-10-05,7323.558212963999
2023-10-06,7187.7066887402
2023-10-09,7185.274016701134
2023-10-10,7101.440961974662
2023-10-11,7079.98479130767
2023-10-12,7135.1631734087705
2023-10-13,7130.066644699554
2023-10-16,7128.189367122165
2023-10-17,7086.865614808207
2023-10-18,7102.916742392072
2023-10-19,7123.808634181235
2023-10-20,7161.530435801452
2023-10-23,7125.366353137044
2023-10-24,7088.110828739617
2023-10-25,7100.369396003491
2023-10-26,7138.638882176036
2023-10-27,7108.416139978083
2023-10-30,7046.515265717396
2023-10-31,6983.100096099421
2023-11-01,7073.958394925147
2023-11-02,7004.231587082912
2023-11-03,6961.197214907819
2023-11-06,6858.166257998104
2023-11-07,6927.564625708655
2023-11-08,6957.146490794224
2023-11-09,7026.901611284836
2023-11-10,7065.6598062234425
2023-11-13,7053.184672173336
2023-11-14,7007.203875364658
2023-11-15,6941.896734132124
2023-11-16,6974.845246495223
2023-11-17,6939.76583940815
2023-11-20,6879.989851427635
2023-11-21,6820.237189663007
2023-11-22,6822.401434981367
2023-11-23,6863.595398275755
2023-11-24,6878.644418695414
2023-11-27,6909.4521759631025
2023-11-28,6894.728866527708
2023-11-29,6896.170538218932
2023-11-30,6899.769483732571
2023-12-01,6944.033480919879
2023-12-04,6886.337691585828
2023-12-05,6871.714153159809
2023-12-06,6816.263203956023
2023-12-07,6788.758919804191
2023-12-08,6693.741188987993
2023-12-11,6646.477408895616
2023-12-12,6654.502042064853
2023-12-13,6671.2200196120275
2023-12-14,6582.863443965987
2023-12-15,6562.755716855938
2023-12-18,6550.110010518093
2023-12-19,6565.949147774906
2023-12-20,6622.1471646391965
2023-12-21,6603.852519651322
2023-12-22,6661.014675758539
2023-12-25,6676.727611874327
2023-12-26,6666.536246309211
2023-12-27,6722.279174286633
2023-12-28,6790.978808899775
2023-12-29,6758.505348171691
2024-01-01,6772.514116969846
2024-01-02,6752.096996712312
2024-01-03,6626.25249809088
2024-01-04,6607.885236447758
2024-01-05,6573.560272638868
2024-01-08,6567.477295671525
2024-01-09,6581.455085465879
2024-01-10,6528.042944261435
2024-01-11,6543.93157458163
2024-01-12,6545.832053107132
2024-01-15,6526.872552920729
2024-01-16,6482.331886550364
2024-01-17,6445.17620313991
2024-01-18,6413.370385155686
2024-01-19,6394.856756755166
2024-01-22,6397.981478128993
2024-01-23,6379.202081631824
2024-01-24,6357.752397240451
2024-01-25,6389.055058473548
2024-01-26,6359.049345775895
2024-01-29,6361.676798252684
2024-01-30,6368.7270337216
2024-01-31,6354.96044522183
2024-02-01,6353.865822640326
2024-02-02,6379.411509366275
2024-02-05,6355.151860799194
2024-02-06,6326.725306313441
2024-02-07,6356.078824845676
2024-02-08,6345.358065954805
2024-02-09,6400.960507918009
2024-02-12,6362.025125065722
2024-02-13,6386.074385455595
2024-02-14,6342.695464368248
2024-02-15,6297.836518237635
2024-02-16,6272.264325147182
2024-02-19,6282.468731822237
2024-02-20,6286.601868046414
2024-02-21,6303.769506942553
2024-02-22,6320.833906023145
2024-02-23,6338.912914956571
2024-02-26,6349.119443929342
2024-02-27,6356.449167989391
2024-02-28,6358.2138544264435
2024-02-29,6320.835823576968
2024-03-01,6276.839908113618
2024-03-04,6290.295119363532
2024-03-05,6356.563844767838
2024-03-06,6292.489453098678
2024-03-07,6265.832664771193
2024-03-08,6242.986135615041
2024-03-11,6205.198169176572
2024-03-12,6157.665834700223
2024-03-13,6208.514702859409
2024-03-14,6203.63649937613
2024-03-15,6205.8088769072465
2024-03-18,6216.096381054635
2024-03-19,6214.537600907925
2024-03-20,6272.475680167997
2024-03-21,6325.804929745959
2024-03-22,6275.120869999994
2024-03-25,6231.822713724676
2024-03-26,6257.341901028869
2024-03-27,6295.291192150264
2024-03-28,6312.319301742649
2024-03-29,6296.259648985161
2024-04-01,6306.280133944711
2024-04-02,6333.314368767291
2024-04-03,6454.375223843052
2024-04-04,6471.417248644597
2024-04-05,6486.90713189819
2024-04-08,6526.409664867152
2024-04-09,6580.1272062949965
2024-04-10,6555.318039310753
2024-04-11,6597.820694609287
2024-04-12,6606.985787511304
2024-04-15,6633.540291478241
2024-04-16,6645.62106763897
2024-04-17,6650.038387458395
2024-04-18,6667.100806727783
2024-04-19,6734.024090741623
2024-04-22,6582.4056575575505
2024-04-23,6579.075799562484
2024-04-24,6591.843719730395
2024-04-25,6678.311405116641
2024-04-26,6699.043213997697
2024-04-29,6901.097260750152
2024-04-30,6685.9892334799
2024-05-01,6784.69086368151
2024-05-02,6700.134371754253
2024-05-03,6590.799024130603
2024-05-06,6623.117341847254
2024-05-07,6645.433016804842
2024-05-08,6638.83307949647
2024-05-09,6670.318823661379
2024-05-10,6711.250722880152
2024-05-13,6729.27087969134
2024-05-14,6801.6353711033
2024-05-15,6853.881725821688
2024-05-16,6787.690195328926
2024-05-17,6905.029127024641
2024-05-20,6964.251521532814
2024-05-21,6963.860028811765
2024-05-22,6894.738198284581
2024-05-23,6835.365007539963
2024-05-24,6823.18586793163
2024-05-27,6844.981766217287
2024-05-28,6867.746224959265
2024-05-29,6847.819343683351
2024-05-30,6788.087775559063
2024-05-31,6714.160208561828
2024-06-03,6745.483617741377
2024-06-04,6668.860726987811
2024-06-05,6616.68939400264
2024-06-06,6698.5533919062045
2024-06-07,6606.856951107554
2024-06-10,6608.856358142056
2024-06-11,6617.848866762241
2024-06-12,6646.640879179185
2024-06-13,6641.600709134827
2024-06-14,6647.052202542782
2024-06-17,6627.242490739565
2024-06-18,6645.756673006947
2024-06-19,6655.1686587421655
2024-06-20,6663.275941698132
2024-06-21,6644.80542425568
2024-06-24,6644.461588678313
2024-06-25,6636.14756194515
2024-06-26,6640.451650489785
2024-06-27,6656.891943906581
2024-06-28,6652.064921951157
2024-07-01,6661.339258118125
2024-07-02,6663.185988916035
2024-07-03,6701.1317661265275
2024-07-04,6731.238481945231
2024-07-05,6724.413721913573
2024-07-08,6690.281168839913
2024-07-09,6700.226089287604
2024-07-10,6718.836773740712
2024-07-11,6775.536097165522
2024-07-12,6653.737310424173
2024-07-15,6672.198643510484
2024-07-16,6672.78903467076
2024-07-17,6640.672200223893
2024-07-18,6527.809364405084
2024-07-19,6513.2193325682965
2024-07-22,6507.107106291279
2024-07-23,6481.205905270403
2024-07-24,6445.95485471219
2024-07-25,6380.805462499233
2024-07-26,6375.186155232703
2024-07-29,6383.00323703549
2024-07-30,6401.371693687879
2024-07-31,6363.394115896423
2024-08-01,6350.451137472912
2024-08-02,6339.695930107271
2024-08-05,6391.15027144803
2024-08-06,6359.379708868784
2024-08-07,6342.600422659423
2024-08-08,6299.026433982096
2024-08-09,6229.7068349642195
2024-08-12,6251.04036186879
2024-08-13,6239.945391644885
2024-08-14,6206.8753244197405
2024-08-15,6216.86477420952
2024-08-16,6180.97439730536
2024-08-19,6185.438881340831
2024-08-20,6202.30035506317
2024-08-21,6230.195183457755
2024-08-22,6235.161248498849
2024-08-23,6224.679616667436
2024-08-26,6272.2297413482265
2024-08-27,6260.281613057392
2024-08-28,6286.255109389079
2024-08-29,6271.387101477012
2024-08-30,6224.967316318265
2024-09-02,6182.529764726818
2024-09-03,6170.430579932322
2024-09-04,6187.214712348944
2024-09-05,6237.836672393373
2024-09-06,6248.572119730933
2024-09-09,6238.655068716113
2024-09-10,6200.347010547783
2024-09-11,6222.488923452121
2024-09-12,6191.97206992154
2024-09-13,6242.6896730105
2024-09-16,6266.773032736273
2024-09-17,6274.144483419921
2024-09-18,6223.0108221326755
2024-09-19,6225.07280401049
2024-09-20,6237.785645865276
2024-09-23,6200.959614554148
2024-09-24,6259.298050816516
2024-09-25,6305.22845047123
2024-09-26,6229.172374797525
2024-09-27,6239.901187827742
2024-09-30,6261.459853728019
2024-10-01,6258.9216921390625
2024-10-02,6228.183765876181
2024-10-03,6186.99701280229
2024-10-04,6125.949560137675
2024-10-07,6085.197448565
2024-10-08,6030.09372264982
2024-10-09,6013.5627177362585
2024-10-10,6018.539416124962
2024-10-11,6056.3247952525135
2024-10-14,6033.429684220918
2024-10-15,6035.777773537895
2024-10-16,6042.3988569645335
2024-10-17,6028.1921442764715
2024-10-18,6080.684367264683
2024-10-21,6087.921341442111
2024-10-22,6116.192115889151
2024-10-23,6088.819291353286
2024-10-24,6102.305382067578
2024-10-25,6105.4937933957135
2024-10-28,6128.2526103251375
2024-10-29,6147.590532908127
2024-10-30,6136.863352736287
2024-10-31,6061.329986424009
2024-11-01,6041.365380619871
2024-11-04,6031.4646469659565
2024-11-05,6046.9705953290395
2024-11-06,5944.954471118609
2024-11-07,6026.927782358408
2024-11-08,5969.7515218495955
2024-11-11,5936.65503243708
2024-11-12,5932.668766685733
2024-11-13,5935.438001876214
2024-11-14,5956.22523547692
2024-11-15,5980.917699187882
2024-11-18,5962.812884608925
2024-11-19,5937.0126020097
2024-11-20,5922.590179627847
2024-11-21,5955.423749751701
2024-11-22,5985.349841034861
2024-11-25,5948.738986799672
2024-11-26,5995.580912923147
2024-11-27,5959.35255313146
2024-11-28,5906.003157400618
2024-11-29,5902.519773228483
2024-12-02,5903.277659521721
2024-12-03,5927.37464434152
2024-12-04,5930.697080386609
2024-12-05,5929.179022879546
2024-12-06,5892.786208708305
2024-12-09,5942.008919104779
2024-12-10,5928.045856539643
2024-12-11,5965.9713275773265
2024-12-12,5952.616706696755
2024-12-13,5965.128644671944
2024-12-16,5931.530276580692
2024-12-17,5919.262707812502
2024-12-18,5967.480681700293
2024-12-19,6115.8736666818895
2024-12-20,6061.002901380221
2024-12-23,6023.243724582255
2024-12-24,6026.933802770773
2024-12-25,6034.820728482779
2024-12-26,6021.392793619154
2024-12-27,6045.374476157389
2024-12-30,6045.703387604448
2024-12-31,6047.479425850634
2025-01-02,6087.282284789933
2025-01-03,6078.482026356686
2025-01-06,6053.0607677530425
2025-01-07,5994.607459408136
2025-01-08,6012.354833584543
2025-01-09,6032.481282908312
2025-01-10,6042.1193444038645
2025-01-13,6075.516632772225
2025-01-14,6034.077385964651
2025-01-15,6031.315285084702
2025-01-16,6007.107920477268
2025-01-17,6018.490742602186
2025-01-20,6059.123564481469
2025-01-21,5880.43974228549
2025-01-22,5897.953973367244
2025-01-23,5898.360532486139
2025-01-24,5893.303817697157
2025-01-27,5851.431827881451
2025-01-28,5873.854013353373
2025-01-29,5880.456528970627
2025-01-30,5905.868133169328
2025-01-31,5937.547253384117
2025-02-03,6029.383793369786
2025-02-04,5944.250386243112
2025-02-05,5923.727589370571
2025-02-06,5893.97774295847
2025-02-07,5920.248239067108
2025-02-10,5969.58781804176
2025-02-11,5963.73893798843
2025-02-12,5942.637179696876
2025-02-13,5942.329595535941
2025-02-14,5878.113608144844
2025-02-17,5856.64347636377
2025-02-18,5865.055548320187
2025-02-19,5862.372573181977
2025-02-20,5893.463498916703
2025-02-21,5858.749470456729
2025-02-24,5858.96233992365
2025-02-25,5838.0116328912045
2025-02-26,5853.07912766381
2025-02-27,5867.851968645942
2025-02-28,5870.349258549374
2025-03-03,5885.930701540798
2025-03-04,5917.018469458213
2025-03-05,5880.391384441841
2025-03-06,5849.0814556223695
2025-03-07,5835.901902797884
2025-03-10,5867.335905232556
2025-03-11,5906.010978731832
2025-03-12,5912.761880289788
2025-03-13,5903.473167899231
2025-03-14,5938.376682516101
2025-03-17,5899.079063505539
2025-03-18,5874.312799034662
2025-03-19,5888.073398011001
2025-03-20,5893.841373791414
2025-03-21,5888.945777689827
2025-03-24,5865.754638072752
2025-03-25,5874.0623581183445
2025-03-26,5868.695499280339
2025-03-27,5863.65467439828
2025-03-28,5886.859670229648
2025-03-31,5908.584278432757
2025-04-01,5925.870273044771
2025-04-02,5898.0740356949755
2025-04-03,5882.382426668711
2025-04-04,5773.138601568091
2025-04-07,5878.140221575009
2025-04-08,5835.78005552348
2025-04-09,5917.587725993859
2025-04-10,5832.851723457236
2025-04-11,5932.281816556247
2025-04-14,5905.712357666136
2025-04-15,5903.86356067544
2025-04-16,5909.372221154838
2025-04-17,5935.933674349775
2025-04-22,5980.751561749859
2025-04-23,5895.40186188984
2025-04-24,5893.356084721149
2025-04-25,5889.608904308558
2025-04-28,5883.333871053793
2025-04-29,5908.32653324665
2025-04-30,5897.785373521158
2025-05-01,5852.355328601096
2025-05-02,5827.610980668341
2025-05-05,5850.752613859803
2025-05-06,5875.755072096749
2025-05-07,5870.845430561776
2025-05-08,5846.591868250275
2025-05-09,5814.928864655589
2025-05-12,5793.122696777816
2025-05-13,5749.478568442621
2025-05-14,5752.9098967141545
2025-05-15,5758.117412463432
2025-05-16,5764.899581866089
2025-05-19,5772.881970077183
2025-05-20,5790.851215969976
2025-05-21,5823.987094854833
2025-05-22,5827.5583992778065
2025-05-23,5832.71219576096
2025-05-26,5859.055498773921
2025-05-27,5872.7605989876265
2025-05-28,5836.951695441075
2025-05-29,5814.746950729068
2025-05-30,5840.53028712034
2025-06-02,5864.262967985228
2025-06-03,5897.251689260323
2025-06-04,5885.341548433694
2025-06-05,5923.169266833251
2025-06-06,5935.866189747483
2025-06-09,5945.690658161269
2025-06-10,5943.5371933869255
2025-06-11,5954.575630737957
2025-06-12,5988.643293383105
2025-06-13,6014.088719180512
2025-06-16,6008.1389958007285
2025-06-17,6022.644190920127
2025-06-18,5996.091829221364
2025-06-19,5981.048437756452
2025-06-20,5999.163117180496
2025-06-23,6011.0526024607225
2025-06-24,6038.576219391175
2025-06-25,6072.93602404567
2025-06-26,6165.973771577446
2025-06-27,6133.910935847726
2025-06-30,6136.083996082015
2025-07-01,6181.210778562232
2025-07-02,6239.390438285869
2025-07-03,6208.840940848989
2025-07-04,6198.8172746278615
2025-07-07,6178.7693640279695
2025-07-08,6213.010779030718
2025-07-09,6201.544449157063
2025-07-10,6238.438545397224
2025-07-11,6291.64927104505
2025-07-14,6255.412041511648
2025-07-15,6236.1836499496285
2025-07-16,6234.7679440364545
2025-07-17,6252.389598770002
2025-07-18,6242.898481073314
2025-07-21,6295.523389055893
2025-07-22,6332.618439269742
2025-07-23,6347.701804020465
2025-07-24,6329.2100483207905
2025-07-25,6281.237949117148
2025-07-28,6279.929983272724
2025-07-29,6200.605747282343
2025-07-30,6131.127745215539
2025-07-31,5920.744240753785
2025-08-01,5971.5576578673445
2025-08-04,5992.530254655309
2025-08-05,5980.275026623703
2025-08-06,5978.145096181017
2025-08-07,6005.4162336792915
2025-08-08,5994.349568375662
2025-08-11,5970.750567846321
2025-08-12,5960.661255773885
2025-08-13,5982.298958774816
2025-08-14,5980.271247373658
2025-08-15,5956.961898980392
2025-08-18,5968.005071922578
2025-08-19,5942.92799644197
2025-08-20,5952.3937609155855
2025-08-21,5970.957208540603
2025-08-22,5984.428953054233
2025-08-25,5987.297269326875
2025-08-26,5964.75042863009
2025-08-27,5974.226361368744
2025-08-28,5994.75413670297
2025-08-29,6017.569258433017
2025-09-01,6020.992470809281
2025-09-02,6028.153799864248
2025-09-03,6046.1635868993835
2025-09-04,6004.762394792064
2025-09-05,6028.721192604569
2025-09-08,6061.1556040081205
2025-09-09,6056.592111969513
2025-09-10,6042.24286190673
2025-09-11,6049.490034563842
2025-09-12,6085.736705639903
2025-09-15,6097.984507087143
2025-09-16,6109.03256684251
2025-09-17,6123.083390805897
2025-09-18,6110.605646932136
2025-09-19,6123.864174305773
2025-09-22,6148.891199581322
2025-09-23,6220.874660818889
2025-09-24,6197.202061128525
2025-09-25,6234.77904664808
2025-09-26,6271.204453004425
2025-09-29,6300.336077955549
2025-09-30,6293.840396282563
2025-10-01,6310.3839150039075
2025-10-02,6243.536288531628
2025-10-03,6303.07871184975
2025-10-06,6365.553731277781
2025-10-07,6370.2212182043795
2025-10-08,6456.380455977286
2025-10-09,6389.305373458827
2025-10-10,6377.779700946289
2025-10-13,6471.72786776596
2025-10-14,6492.500932470827
2025-10-15,6512.468280976927
2025-10-16,6604.293410631155
2025-10-17,6463.77840805616
2025-10-20,6526.106239530435
2025-10-21,6394.507899682175
2025-10-22,6390.672700843312
2025-10-23,6431.759242420983
2025-10-24,6445.386185333603
2025-10-27,6412.991111787055
2025-10-28,6408.563858782398
2025-10-29,6421.247071325841
2025-10-30,6429.661004682633
2025-10-31,6436.445743594344
2025-11-03,6435.581294106788
2025-11-04,6398.983438861095
2025-11-05,6426.997365740631
2025-11-06,6417.523505414715
2025-11-07,6401.698845264554
2025-11-10,6475.580004872814
2025-11-11,6489.021040761061
2025-11-12,6549.8064039349765
2025-11-13,6564.672338136332
2025-11-14,6533.368373777465
2025-11-17,6503.349335403621
2025-11-18,6503.075059151607
2025-11-19,6496.430575054029
2025-11-20,6527.381851338111
2025-11-21,6533.086508945425
2025-11-24,6499.5417176243645
2025-11-25,6524.853278118765
2025-11-26,6528.164253993031
2025-11-27,6495.950547194634
2025-11-28,6482.571562039947
2025-12-01,6488.749015651886
2025-12-02,6466.516217712366
2025-12-03,6500.519798466873
2025-12-04,6457.303120408106
2025-12-05,6473.881519727328
2025-12-08,6479.115703839691
2025-12-09,6519.8483641157745
2025-12-10,6538.876326255337
2025-12-11,6613.499730855633
2025-12-12,6607.0839096718955
2025-12-15,6657.661716723477
2025-12-16,6644.120710406093
2025-12-17,6692.630311427166
2025-12-18,6701.6563587686005
2025-12-19,6748.424351918326
2025-12-22,6871.2608069917815
2025-12-23,6992.712081893331
2025-12-24,6974.926494389231
2025-12-26,7120.243664214769
2025-12-29,6931.738903520916
2025-12-30,6990.5450787062255
2025-12-31,6925.665642880135
2026-01-02,6940.01789977378
2026-01-05,7002.345103564085
2026-01-06,7054.736154839605
2026-01-07,7001.451105913783
2026-01-08,6969.624571449123
2026-01-09,6984.8474588865065
2026-01-12,7053.444163371227
2026-01-13,7071.442375033475
2026-01-14,7111.6793469053
2026-01-15,7086.194032480393
2026-01-16,7058.002119113628
2026-01-19,7014.760587966844
2026-01-20,7058.088694128008
2026-01-21,7092.599364695056
2026-01-22,7130.225041661811
2026-01-23,7262.427640069848
2026-01-26,7305.123145079112
2026-01-27,7200.637146899626
2026-01-28,7330.418126858729
2026-01-29,7393.356114659801
2026-01-30,7203.424885815074
2026-02-02,7108.05157435019
2026-02-03,7138.551547849649
2026-02-04,7190.923821964028
2026-02-05,7169.669648992585
2026-02-06,7120.337988258778
2026-02-09,7227.781615462607
2026-02-10,7260.233760922287
2026-02-11,7231.385741961519
2026-02-12,7195.370394566858
2026-02-13,7183.16841340784
2026-02-16,7174.766223395336
2026-02-17,7181.541037941036
2026-02-18,7199.818396427397
2026-02-19,7188.018498155206
2026-02-20,7208.495893892376
2026-02-23,7244.155804389863
2026-02-24,7215.9933268534505
2026-02-25,7243.385451562636
2026-02-26,7271.5224909553
2026-02-27,7273.965818764676
2026-03-02,7282.9886946298875
2026-03-03,7256.45981176632
2026-03-04,7231.427399516718
2026-03-05,7236.599942932897
2026-03-06,7210.994518123372
2026-03-09,7221.676946479159
2026-03-10,7270.699036405524
2026-03-11,7295.796541456194
2026-03-12,7316.113767249693
2026-03-13,7265.210293066248
2026-03-16,7234.834827451248
2026-03-17,7247.329591144373
2026-03-18,7246.643001885575
2026-03-19,7187.165997864688
2026-03-20,7140.458974971432
2026-03-23,7133.028169226773
2026-03-24,7102.074643923633
2026-03-25,7107.462119420517
2026-03-26,7083.673020235813
2026-03-27,7063.838625139615
2026-03-30,7057.391814660206
2026-03-31,7055.120598394319
2026-04-01,7049.541386240559
2026-04-02,7049.407725279426
2026-04-03,7068.485199168896
2026-04-06,7071.479572966385
2026-04-07,7075.161537247291
2026-04-08,7092.914758793509
2026-04-09,7071.394640355545
2026-04-10,7091.383321832168
2026-04-13,7088.351097856697
2026-04-14,7107.0537011463675
2026-04-15,7106.750146217009
2026-04-16,7129.4388387858035
2026-04-17,7139.453411772254
2026-04-20,7117.340980424526
2026-04-21,7126.414347101578
2026-04-22,7135.90833064297
2026-04-23,7124.962827734867
2026-04-24,7113.903074079716
2026-04-27,7114.263293141592
2026-04-28,7130.586326297902
2026-04-29,7118.992125518767
2026-04-30,7112.856490653518
2026-05-01,7070.251822156526
2026-05-04,7057.059714128737
2026-05-05,7041.080784241783
2026-05-06,7097.121258406775
2026-05-07,7083.606261377487
2026-05-08,7076.1894239628455
2026-05-11,7107.456097672714
2026-05-12,7122.996192020865
2026-05-13,7136.980930133407
2026-05-14,7139.406998227448
2026-05-15,7076.711969700047
2026-05-18,7025.03019318232
2026-05-19,7033.557510728922
2026-05-20,6997.495939385732
2026-05-21,7018.258810392749
2026-05-22,7023.200215945569
2026-05-25,7030.271878450119
2026-05-26,7039.752232568733
2026-05-27,7041.555742382594
2026-05-28,7014.917365942242
2026-05-29,7025.816339491014
2026-06-01,7050.323543380751
2026-06-02,7045.023770600223
2026-06-03,7049.7710567628565
2026-06-04,7019.499671500957
2026-06-05,7010.856173031723
2026-06-08,6972.148847519721
2026-06-09,6959.3351468777655
2026-06-10,6951.103510858493
2026-06-11,6940.528780391824
2026-06-12,6940.600574304415
2026-06-15,6922.554285812138
2026-06-16,6924.711138409381
