signal_time,entry_time,direction,confidence,volume,entry_price,sl,tp,initial_sl,initial_tp,sl_pips,tp_pips,max_bars,bars_held,peak_pips,exit_time,exit_price,exit_reason,pnl_pips,pnl_dollars,symbol,magic
2024-05-15 16:00:00,2024-05-15 16:15:00,buy,0.7491051600106836,0.01,155.36399999999998,155.431,155.664,155.26399999999998,155.664,10.0,30.0,2,1,16.700000000003,2024-05-15 16:30:00,155.431,trail_sl,4.90000000000357,0.490000000000357,USDJPY,
2024-05-31 17:00:00,2024-05-31 17:15:00,buy,0.7503359145324354,0.01,156.664,156.776,156.964,156.564,156.964,10.0,30.0,2,1,21.20000000000175,2024-05-31 17:30:00,156.776,trail_sl,9.400000000002319,0.940000000000232,USDJPY,
2024-07-08 00:00:00,2024-07-08 00:15:00,sell,0.8773778758900441,0.01,160.705,160.805,160.405,160.805,160.405,10.0,30.0,4,4,4.000000000002046,2024-07-08 01:15:00,160.73,bar_end,-4.299999999997726,-0.4299999999997726,USDJPY,
2024-07-11 17:00:00,2024-07-11 17:15:00,buy,0.7136842916517526,0.01,158.742,158.642,159.042,158.642,159.042,10.0,30.0,2,1,0.0,2024-07-11 17:30:00,158.642,trail_sl,-11.799999999999432,-1.179999999999943,USDJPY,
2024-07-12 05:15:00,2024-07-12 05:30:00,sell,0.7247388886395507,0.01,159.30400000000003,159.40400000000002,159.00400000000002,159.40400000000002,159.00400000000002,10.0,30.0,2,2,5.200000000002092,2024-07-12 06:00:00,159.268,bar_end,1.8000000000029786,0.18000000000029787,USDJPY,
2024-07-12 17:00:00,2024-07-12 17:15:00,buy,0.787773227158027,0.01,157.85099999999997,157.75099999999998,158.15099999999998,157.75099999999998,158.15099999999998,10.0,30.0,2,1,7.200000000003115,2024-07-12 17:30:00,157.75099999999998,trail_sl,-11.799999999999432,-1.179999999999943,USDJPY,
2024-07-18 16:30:00,2024-07-18 16:45:00,buy,0.6606834079334781,0.01,156.60099999999997,156.50099999999998,156.90099999999998,156.50099999999998,156.90099999999998,10.0,30.0,1,1,13.60000000000241,2024-07-18 17:00:00,156.662,bar_end,4.300000000003547,0.4300000000003547,USDJPY,
2024-07-24 14:45:00,2024-07-24 15:00:00,sell,0.6562403514564714,0.01,154.08300000000003,154.003,153.78300000000002,154.18300000000002,153.78300000000002,10.0,30.0,1,1,18.000000000003524,2024-07-24 15:15:00,154.003,trail_sl,6.200000000004093,0.6200000000004093,USDJPY,
2024-07-25 15:15:00,2024-07-25 15:30:00,buy,0.7825770354825671,0.01,153.08399999999997,153.64000000000001,153.384,152.98399999999998,153.384,10.0,30.0,2,1,65.60000000000343,2024-07-25 15:45:00,153.64000000000001,trail_sl,53.800000000004005,5.3800000000004005,USDJPY,
2024-07-25 17:00:00,2024-07-25 17:15:00,buy,0.860432530229723,0.01,153.52999999999997,153.594,153.82999999999998,153.42999999999998,153.82999999999998,10.0,30.0,4,1,16.40000000000157,2024-07-25 17:30:00,153.594,trail_sl,4.6000000000021375,0.46000000000021374,USDJPY,
2024-07-26 04:15:00,2024-07-26 04:30:00,sell,0.6583539022314143,0.01,153.55700000000002,153.657,153.257,153.657,153.257,10.0,30.0,1,1,12.300000000001887,2024-07-26 04:45:00,153.593,bar_end,-5.399999999997294,-0.5399999999997295,USDJPY,
2024-07-26 15:45:00,2024-07-26 16:00:00,buy,0.7468504258350606,0.01,154.00099999999998,153.90099999999998,154.301,153.90099999999998,154.301,10.0,30.0,2,1,3.1000000000034333,2024-07-26 16:15:00,153.90099999999998,trail_sl,-11.799999999999432,-1.179999999999943,USDJPY,
2024-07-29 18:00:00,2024-07-29 18:15:00,buy,0.7431298003862505,0.01,153.956,153.856,154.256,153.856,154.256,10.0,30.0,2,2,1.0000000000019327,2024-07-29 18:45:00,153.965,bar_end,-0.8999999999985449,-0.08999999999985449,USDJPY,
2024-07-31 06:00:00,2024-07-31 06:15:00,buy,0.8395681224421783,0.01,152.81599999999997,152.71599999999998,153.11599999999999,152.71599999999998,153.11599999999999,10.0,30.0,4,1,5.400000000003047,2024-07-31 06:30:00,152.71599999999998,trail_sl,-11.799999999999432,-1.179999999999943,USDJPY,
2024-07-31 06:30:00,2024-07-31 06:45:00,buy,0.8257125862124083,0.01,153.66099999999997,153.804,153.96099999999998,153.56099999999998,153.96099999999998,10.0,30.0,4,1,24.300000000002342,2024-07-31 07:00:00,153.804,trail_sl,12.50000000000291,1.250000000000291,USDJPY,
2024-07-31 09:15:00,2024-07-31 09:30:00,sell,0.8451911837646388,0.01,152.88000000000002,152.313,152.58,152.98000000000002,152.58,10.0,30.0,4,1,66.700000000003,2024-07-31 09:45:00,152.313,trail_sl,54.90000000000357,5.490000000000357,USDJPY,
2024-07-31 12:00:00,2024-07-31 12:15:00,buy,0.7499249244189718,0.01,150.65299999999996,150.55299999999997,150.95299999999997,150.55299999999997,150.95299999999997,10.0,30.0,2,1,6.800000000004047,2024-07-31 12:30:00,150.55299999999997,trail_sl,-11.799999999999432,-1.179999999999943,USDJPY,
2024-07-31 18:00:00,2024-07-31 18:15:00,sell,0.6519693159009914,0.01,150.45300000000003,150.381,150.15300000000002,150.55300000000003,150.15300000000002,10.0,30.0,1,1,17.200000000002547,2024-07-31 18:30:00,150.381,trail_sl,5.400000000003115,0.5400000000003116,USDJPY,
2024-07-31 22:30:00,2024-07-31 22:45:00,buy,0.7053395027583456,0.01,149.807,150.191,150.107,149.707,150.107,10.0,30.0,2,2,48.40000000000089,2024-07-31 23:15:00,150.191,trail_sl,36.60000000000146,3.660000000000146,USDJPY,
2024-08-01 03:15:00,2024-08-01 03:30:00,sell,0.7651077951896046,0.01,149.73800000000003,149.44899999999998,149.43800000000002,149.83800000000002,149.43800000000002,10.0,30.0,2,1,38.90000000000384,2024-08-01 03:45:00,149.44899999999998,trail_sl,27.10000000000441,2.710000000000441,USDJPY,
2024-08-01 11:45:00,2024-08-01 12:00:00,sell,0.6812489091234175,0.01,149.75400000000002,149.854,149.454,149.854,149.454,10.0,30.0,1,1,11.700000000001864,2024-08-01 12:15:00,149.667,bar_end,6.900000000001751,0.6900000000001751,USDJPY,
2024-08-01 17:30:00,2024-08-01 17:45:00,buy,0.6890592923406448,0.01,150.063,149.963,150.363,149.963,150.363,10.0,30.0,1,1,6.30000000000166,2024-08-01 18:00:00,149.963,trail_sl,-11.799999999999432,-1.179999999999943,USDJPY,
2024-08-02 16:30:00,2024-08-02 16:45:00,buy,0.6549245870964562,0.01,147.087,147.323,147.387,146.987,147.387,10.0,30.0,1,1,33.60000000000127,2024-08-02 17:00:00,147.323,trail_sl,21.80000000000184,2.180000000000184,USDJPY,
2024-08-02 17:00:00,2024-08-02 17:15:00,buy,0.6624300600683161,0.01,146.94199999999998,146.84199999999998,147.242,146.84199999999998,147.242,10.0,30.0,1,1,11.90000000000282,2024-08-02 17:30:00,146.84199999999998,trail_sl,-11.799999999999432,-1.179999999999943,USDJPY,
2024-08-05 15:45:00,2024-08-05 16:00:00,buy,0.671106935471377,0.01,142.50799999999998,142.408,142.808,142.408,142.808,10.0,30.0,1,1,12.600000000000477,2024-08-05 16:15:00,142.408,trail_sl,-11.799999999999432,-1.179999999999943,USDJPY,
2024-08-05 18:00:00,2024-08-05 18:15:00,buy,0.9189336838740558,0.01,143.24099999999999,143.589,143.541,143.141,143.541,10.0,30.0,4,1,44.80000000000075,2024-08-05 18:30:00,143.589,trail_sl,33.00000000000132,3.300000000000132,USDJPY,
2024-08-06 15:00:00,2024-08-06 15:15:00,sell,0.6737178944919336,0.01,144.746,144.588,144.446,144.846,144.446,10.0,30.0,1,1,25.800000000000978,2024-08-06 15:30:00,144.588,trail_sl,14.000000000001545,1.4000000000001547,USDJPY,
2024-08-06 16:00:00,2024-08-06 16:15:00,buy,0.6511496436409595,0.01,144.26099999999997,144.485,144.56099999999998,144.16099999999997,144.56099999999998,10.0,30.0,1,1,32.40000000000407,2024-08-06 16:30:00,144.485,trail_sl,20.600000000004638,2.0600000000004637,USDJPY,
2024-08-06 17:30:00,2024-08-06 17:45:00,sell,0.7113024427594098,0.01,144.49300000000002,144.59300000000002,144.193,144.59300000000002,144.193,10.0,30.0,2,1,0.0,2024-08-06 18:00:00,144.59300000000002,trail_sl,-11.799999999999432,-1.179999999999943,USDJPY,
2024-08-07 04:00:00,2024-08-07 04:15:00,buy,0.7128437163264917,0.01,144.77799999999996,146.536,145.07799999999997,144.67799999999997,145.07799999999997,10.0,30.0,2,1,185.80000000000325,2024-08-07 04:30:00,146.536,trail_sl,174.0000000000038,17.400000000000382,USDJPY,
2024-08-07 09:00:00,2024-08-07 09:15:00,buy,0.6503381009294127,0.01,146.962,146.862,147.262,146.862,147.262,10.0,30.0,1,1,0.0,2024-08-07 09:30:00,146.862,trail_sl,-11.799999999999432,-1.179999999999943,USDJPY,
2024-08-07 16:00:00,2024-08-07 16:15:00,buy,0.7363764156558227,0.01,147.15599999999998,147.05599999999998,147.456,147.05599999999998,147.456,10.0,30.0,2,1,3.6000000000029786,2024-08-07 16:30:00,147.05599999999998,trail_sl,-11.799999999999432,-1.179999999999943,USDJPY,
2024-08-07 17:00:00,2024-08-07 17:15:00,buy,0.7163972744390028,0.01,146.69699999999997,146.866,146.99699999999999,146.59699999999998,146.99699999999999,10.0,30.0,2,1,26.900000000003388,2024-08-07 17:30:00,146.866,trail_sl,15.100000000003956,1.5100000000003957,USDJPY,
2024-08-08 15:15:00,2024-08-08 15:30:00,buy,0.7949476444455562,0.01,147.02599999999998,147.196,147.326,146.926,147.326,10.0,30.0,2,1,27.000000000001023,2024-08-08 15:45:00,147.196,trail_sl,15.200000000001591,1.5200000000001592,USDJPY,
2024-08-08 16:00:00,2024-08-08 16:15:00,buy,0.7157744336589674,0.01,147.32599999999996,147.446,147.62599999999998,147.22599999999997,147.62599999999998,10.0,30.0,2,1,22.00000000000273,2024-08-08 16:30:00,147.446,trail_sl,10.200000000003296,1.0200000000003298,USDJPY,
2024-08-12 18:15:00,2024-08-12 18:30:00,buy,0.7109691399541198,0.01,147.432,147.332,147.732,147.332,147.732,10.0,30.0,2,2,14.6000000000015,2024-08-12 19:00:00,147.374,bar_end,-7.599999999999272,-0.7599999999999273,USDJPY,
2024-08-13 17:15:00,2024-08-13 17:30:00,buy,0.6557626989288972,0.01,147.105,147.005,147.405,147.005,147.405,10.0,30.0,1,1,0.30000000000143245,2024-08-13 17:45:00,147.005,trail_sl,-11.799999999999432,-1.179999999999943,USDJPY,
2024-08-14 16:15:00,2024-08-14 16:30:00,sell,0.7079606520637162,0.01,146.91600000000003,147.01600000000002,146.616,147.01600000000002,146.616,10.0,30.0,2,1,0.20000000000379714,2024-08-14 16:45:00,147.01600000000002,trail_sl,-11.799999999999432,-1.179999999999943,USDJPY,
2024-08-15 15:15:00,2024-08-15 15:30:00,buy,0.9187211970841556,0.01,148.77999999999997,149.061,149.07999999999998,148.67999999999998,149.07999999999998,10.0,30.0,4,1,38.100000000002865,2024-08-15 15:45:00,149.061,trail_sl,26.300000000003433,2.630000000000343,USDJPY,
2024-08-16 18:00:00,2024-08-16 18:15:00,buy,0.6695677044342662,0.01,148.19499999999996,148.09499999999997,148.49499999999998,148.09499999999997,148.49499999999998,10.0,30.0,1,1,7.00000000000216,2024-08-16 18:30:00,148.222,bar_end,0.9000000000043655,0.09000000000043656,USDJPY,
2024-08-19 17:30:00,2024-08-19 17:45:00,buy,0.6920026453849956,0.01,146.378,146.278,146.678,146.278,146.678,10.0,30.0,1,1,11.800000000002342,2024-08-19 18:00:00,146.463,bar_end,6.700000000000796,0.6700000000000796,USDJPY,
2024-08-21 23:00:00,2024-08-21 23:15:00,buy,0.6994365212928683,0.01,145.22899999999998,145.129,145.529,145.129,145.529,10.0,30.0,1,1,5.300000000002569,2024-08-21 23:30:00,145.239,bar_end,-0.7999999999980674,-0.07999999999980674,USDJPY,
2024-08-22 04:00:00,2024-08-22 04:15:00,buy,0.7807908005506508,0.01,145.40999999999997,145.479,145.70999999999998,145.30999999999997,145.70999999999998,10.0,30.0,2,1,16.900000000003956,2024-08-22 04:30:00,145.479,trail_sl,5.100000000004525,0.5100000000004525,USDJPY,
2024-08-22 16:00:00,2024-08-22 16:15:00,buy,0.8192099253480769,0.01,145.98,146.15,146.28,145.88,146.28,10.0,30.0,4,1,27.000000000001023,2024-08-22 16:30:00,146.15,trail_sl,15.200000000001591,1.5200000000001592,USDJPY,
2024-08-23 18:00:00,2024-08-23 18:15:00,buy,0.7474903616366118,0.01,144.75699999999998,144.862,145.057,144.65699999999998,145.057,10.0,30.0,2,2,20.50000000000125,2024-08-23 18:45:00,144.862,trail_sl,8.700000000001818,0.870000000000182,USDJPY,
2024-08-26 16:00:00,2024-08-26 16:15:00,buy,0.907702922572179,0.01,144.075,144.184,144.375,143.975,144.375,10.0,30.0,4,1,20.90000000000032,2024-08-26 16:30:00,144.184,trail_sl,9.100000000000886,0.9100000000000887,USDJPY,
2024-08-28 04:00:00,2024-08-28 04:15:00,buy,0.6563163461666667,0.01,144.26699999999997,144.16699999999997,144.56699999999998,144.16699999999997,144.56699999999998,10.0,30.0,1,1,10.000000000002274,2024-08-28 04:30:00,144.16699999999997,trail_sl,-11.799999999999432,-1.179999999999943,USDJPY,
2024-08-30 17:00:00,2024-08-30 17:15:00,buy,0.7386913861060312,0.01,145.60799999999998,145.50799999999998,145.908,145.50799999999998,145.908,10.0,30.0,2,1,3.4000000000020236,2024-08-30 17:30:00,145.50799999999998,trail_sl,-11.799999999999432,-1.179999999999943,USDJPY,
2024-09-03 03:00:00,2024-09-03 03:15:00,buy,0.8433498203862069,0.01,146.90999999999997,147.044,147.20999999999998,146.80999999999997,147.20999999999998,10.0,30.0,4,1,23.40000000000373,2024-09-03 03:30:00,147.044,trail_sl,11.600000000004297,1.1600000000004298,USDJPY,
2024-09-04 18:00:00,2024-09-04 18:15:00,buy,0.672332418539653,0.01,144.31199999999998,144.212,144.612,144.212,144.612,10.0,30.0,1,1,2.000000000001023,2024-09-04 18:30:00,144.265,bar_end,-6.499999999999704,-0.6499999999999705,USDJPY,
2024-09-05 17:00:00,2024-09-05 17:15:00,buy,0.7273441852887061,0.01,143.80199999999996,144.131,144.10199999999998,143.70199999999997,144.10199999999998,10.0,30.0,2,1,42.90000000000305,2024-09-05 17:30:00,144.131,trail_sl,31.100000000003615,3.110000000000362,USDJPY,
2024-09-06 16:00:00,2024-09-06 16:15:00,buy,0.7989077325145678,0.01,143.30399999999997,143.752,143.60399999999998,143.20399999999998,143.60399999999998,10.0,30.0,2,1,54.800000000003024,2024-09-06 16:30:00,143.752,trail_sl,43.000000000003595,4.3000000000003595,USDJPY,
2024-09-06 17:00:00,2024-09-06 17:15:00,sell,0.8446581208193428,0.01,142.62500000000003,142.315,142.32500000000002,142.72500000000002,142.32500000000002,10.0,30.0,4,1,41.0000000000025,2024-09-06 17:30:00,142.315,trail_sl,29.20000000000307,2.920000000000307,USDJPY,
2024-09-11 15:00:00,2024-09-11 15:15:00,buy,0.7732645225800255,0.01,141.76799999999997,142.395,142.06799999999998,141.66799999999998,142.06799999999998,10.0,30.0,2,1,72.70000000000323,2024-09-11 15:30:00,142.395,trail_sl,60.9000000000038,6.09000000000038,USDJPY,
2024-09-11 16:00:00,2024-09-11 16:15:00,sell,0.6817170247369533,0.01,142.318,142.137,142.018,142.418,142.018,10.0,30.0,1,1,28.10000000000059,2024-09-11 16:30:00,142.137,trail_sl,16.30000000000116,1.630000000000116,USDJPY,
2024-09-11 16:30:00,2024-09-11 16:45:00,sell,0.6634908871402007,0.01,141.80500000000004,141.6,141.50500000000002,141.90500000000003,141.50500000000002,10.0,30.0,1,1,30.500000000003524,2024-09-11 17:00:00,141.6,trail_sl,18.700000000004092,1.8700000000004093,USDJPY,
2024-09-12 04:00:00,2024-09-12 04:15:00,buy,0.7056584449833416,0.01,142.581,142.481,142.881,142.481,142.881,10.0,30.0,2,2,8.70000000000175,2024-09-12 04:45:00,142.481,trail_sl,-11.799999999999432,-1.179999999999943,USDJPY,
2024-09-13 10:00:00,2024-09-13 10:15:00,sell,0.6660668569667325,0.01,141.241,141.158,140.941,141.341,140.941,10.0,30.0,1,1,18.300000000002115,2024-09-13 10:30:00,141.158,trail_sl,6.500000000002683,0.6500000000002684,USDJPY,
2024-09-16 15:00:00,2024-09-16 15:15:00,buy,0.7351840830529655,0.01,139.84199999999998,140.346,140.142,139.742,140.142,10.0,30.0,2,1,60.40000000000134,2024-09-16 15:30:00,140.346,trail_sl,48.60000000000191,4.860000000000191,USDJPY,
2024-09-17 15:00:00,2024-09-17 15:15:00,buy,0.7318776094471776,0.01,140.76,140.982,141.06,140.66,141.06,10.0,30.0,2,1,32.20000000000027,2024-09-17 15:30:00,140.982,trail_sl,20.40000000000084,2.040000000000084,USDJPY,
2024-09-18 22:00:00,2024-09-18 22:15:00,buy,0.7575023984685973,0.01,142.027,142.169,142.327,141.927,142.327,10.0,30.0,2,1,24.200000000001864,2024-09-18 22:30:00,142.169,trail_sl,12.400000000002432,1.2400000000002434,USDJPY,
2024-09-19 10:00:00,2024-09-19 10:15:00,buy,0.7350877751874514,0.01,142.218,142.299,142.518,142.118,142.518,10.0,30.0,2,1,18.10000000000116,2024-09-19 10:30:00,142.299,trail_sl,6.300000000001728,0.6300000000001729,USDJPY,
2024-09-19 15:00:00,2024-09-19 15:15:00,buy,0.6900065906963616,0.01,142.742,143.37,143.042,142.642,143.042,10.0,30.0,1,1,72.80000000000086,2024-09-19 15:30:00,143.37,trail_sl,61.000000000001435,6.1000000000001435,USDJPY,
2024-09-20 09:00:00,2024-09-20 09:15:00,buy,0.898638852521541,0.01,141.94499999999996,142.54,142.24499999999998,141.84499999999997,142.24499999999998,10.0,30.0,4,1,69.50000000000216,2024-09-20 09:30:00,142.54,trail_sl,57.70000000000273,5.770000000000273,USDJPY,
2024-09-20 09:30:00,2024-09-20 09:45:00,buy,0.8435908549509331,0.01,142.99599999999998,143.097,143.296,142.896,143.296,10.0,30.0,4,1,20.100000000002183,2024-09-20 10:00:00,143.097,trail_sl,8.30000000000275,0.8300000000002752,USDJPY,
2024-09-20 16:00:00,2024-09-20 16:15:00,buy,0.7001593778990135,0.01,143.87099999999998,143.99200000000002,144.171,143.771,144.171,10.0,30.0,2,1,22.100000000003206,2024-09-20 16:30:00,143.99200000000002,trail_sl,10.300000000003774,1.0300000000003775,USDJPY,
2024-09-27 09:00:00,2024-09-27 09:15:00,sell,0.960220998208847,0.01,143.84700000000004,143.375,143.54700000000003,143.94700000000003,143.54700000000003,10.0,30.0,4,1,57.200000000003115,2024-09-27 09:30:00,143.375,trail_sl,45.400000000003686,4.540000000000369,USDJPY,
2024-09-30 10:15:00,2024-09-30 10:30:00,buy,0.6643929543499683,0.01,142.33299999999997,142.23299999999998,142.63299999999998,142.23299999999998,142.63299999999998,10.0,30.0,1,1,9.700000000003683,2024-09-30 10:45:00,142.368,bar_end,1.700000000002501,0.17000000000025012,USDJPY,
2024-10-01 16:00:00,2024-10-01 16:15:00,sell,0.6596806060344232,0.01,143.90500000000003,143.284,143.60500000000002,144.00500000000002,143.60500000000002,10.0,30.0,1,1,72.1000000000032,2024-10-01 16:30:00,143.284,trail_sl,60.30000000000378,6.030000000000378,USDJPY,
2024-10-01 17:00:00,2024-10-01 17:15:00,buy,0.6542851227496121,0.01,143.29999999999998,143.59300000000002,143.6,143.2,143.6,10.0,30.0,1,1,39.30000000000291,2024-10-01 17:30:00,143.59300000000002,trail_sl,27.500000000003478,2.7500000000003477,USDJPY,
2024-10-02 13:15:00,2024-10-02 13:30:00,buy,0.652797439304104,0.01,144.64299999999997,144.757,144.94299999999998,144.54299999999998,144.94299999999998,10.0,30.0,1,1,21.400000000002706,2024-10-02 13:45:00,144.757,trail_sl,9.600000000003273,0.9600000000003275,USDJPY,
2024-10-04 15:00:00,2024-10-04 15:15:00,buy,0.7364382147381089,0.01,146.515,148.395,146.815,146.415,146.815,10.0,30.0,2,1,198.00000000000182,2024-10-04 15:30:00,148.395,trail_sl,186.20000000000238,18.620000000000235,USDJPY,
2024-11-01 15:00:00,2024-11-01 15:15:00,sell,0.7886327859690262,0.01,152.65000000000003,151.915,152.35000000000002,152.75000000000003,152.35000000000002,10.0,30.0,2,1,83.50000000000364,2024-11-01 15:30:00,151.915,trail_sl,71.70000000000421,7.170000000000421,USDJPY,
2024-11-01 16:00:00,2024-11-01 16:15:00,buy,0.688267982050499,0.01,152.26899999999998,152.16899999999998,152.569,152.16899999999998,152.569,10.0,30.0,1,1,2.400000000002933,2024-11-01 16:30:00,152.16899999999998,trail_sl,-11.799999999999432,-1.179999999999943,USDJPY,
2024-11-04 00:00:00,2024-11-04 00:15:00,buy,0.7874077632085246,0.01,152.45199999999997,152.35199999999998,152.75199999999998,152.35199999999998,152.75199999999998,10.0,30.0,2,2,0.0,2024-11-04 00:45:00,152.396,bar_end,-7.399999999998317,-0.7399999999998318,USDJPY,
2024-11-04 00:45:00,2024-11-04 01:00:00,buy,0.9465955106250328,0.01,152.384,152.284,152.684,152.284,152.684,10.0,30.0,4,2,8.100000000001728,2024-11-04 01:30:00,152.284,trail_sl,-11.799999999999432,-1.179999999999943,USDJPY,
2024-11-06 02:00:00,2024-11-06 02:15:00,buy,0.8309142166740323,0.01,152.24299999999997,152.592,152.54299999999998,152.14299999999997,152.54299999999998,10.0,30.0,4,1,44.90000000000407,2024-11-06 02:30:00,152.592,trail_sl,33.10000000000464,3.310000000000464,USDJPY,
2024-11-06 02:30:00,2024-11-06 02:45:00,buy,0.7077418672267688,0.01,152.93399999999997,153.02200000000002,153.23399999999998,152.83399999999997,153.23399999999998,10.0,30.0,2,1,18.800000000004502,2024-11-06 03:00:00,153.02200000000002,trail_sl,7.000000000005071,0.7000000000005071,USDJPY,
2024-11-07 09:30:00,2024-11-07 09:45:00,buy,0.7185835852980145,0.01,154.01599999999996,153.91599999999997,154.31599999999997,153.91599999999997,154.31599999999997,10.0,30.0,2,2,5.600000000004002,2024-11-07 10:15:00,153.91599999999997,trail_sl,-11.799999999999432,-1.179999999999943,USDJPY,
2024-11-13 16:00:00,2024-11-13 16:15:00,buy,0.65859071379405,0.01,154.55999999999997,154.71,154.85999999999999,154.45999999999998,154.85999999999999,10.0,30.0,1,1,25.000000000002842,2024-11-13 16:30:00,154.71,trail_sl,13.20000000000341,1.3200000000003411,USDJPY,
2024-11-18 02:15:00,2024-11-18 02:30:00,buy,0.6614732128583881,0.01,153.93399999999997,154.239,154.23399999999998,153.83399999999997,154.23399999999998,10.0,30.0,1,1,40.500000000002956,2024-11-18 02:45:00,154.239,trail_sl,28.700000000003524,2.8700000000003523,USDJPY,
2024-11-18 10:15:00,2024-11-18 10:30:00,buy,0.6541879715430544,0.01,154.86199999999997,154.76199999999997,155.16199999999998,154.76199999999997,155.16199999999998,10.0,30.0,1,1,9.500000000002728,2024-11-18 10:45:00,154.954,bar_end,7.400000000004138,0.7400000000004139,USDJPY,
2024-11-18 15:15:00,2024-11-18 15:30:00,sell,0.662073869832468,0.01,154.92900000000003,155.02900000000002,154.62900000000002,155.02900000000002,154.62900000000002,10.0,30.0,1,1,6.30000000000166,2024-11-18 15:45:00,154.904,bar_end,0.7000000000034106,0.07000000000034107,USDJPY,
2024-11-19 10:15:00,2024-11-19 10:30:00,sell,0.6710666300983049,0.01,153.55400000000003,153.65400000000002,153.25400000000002,153.65400000000002,153.25400000000002,10.0,30.0,1,1,8.800000000002228,2024-11-19 10:45:00,153.65400000000002,trail_sl,-11.799999999999432,-1.179999999999943,USDJPY,
2024-11-21 16:00:00,2024-11-21 16:15:00,sell,0.6777137107009851,0.01,154.431,154.06,154.131,154.531,154.131,10.0,30.0,1,1,47.100000000000364,2024-11-21 16:30:00,154.06,trail_sl,35.300000000000935,3.5300000000000935,USDJPY,
2024-11-22 17:15:00,2024-11-22 17:30:00,buy,0.6780491797620521,0.01,154.78099999999998,154.68099999999998,155.081,154.68099999999998,155.081,10.0,30.0,1,1,13.400000000001455,2024-11-22 17:45:00,154.68099999999998,trail_sl,-11.799999999999432,-1.179999999999943,USDJPY,
2024-11-25 17:00:00,2024-11-25 17:15:00,buy,0.6858836690259217,0.01,153.88199999999998,153.78199999999998,154.182,153.78199999999998,154.182,10.0,30.0,1,1,9.000000000003183,2024-11-25 17:30:00,153.78199999999998,trail_sl,-11.799999999999432,-1.179999999999943,USDJPY,
2024-11-26 08:00:00,2024-11-26 08:15:00,buy,0.7280316792213987,0.01,153.85599999999997,153.964,154.15599999999998,153.75599999999997,154.15599999999998,10.0,30.0,2,2,20.800000000002683,2024-11-26 08:45:00,153.964,trail_sl,9.00000000000325,0.9000000000003252,USDJPY,
2024-11-27 17:15:00,2024-11-27 17:30:00,sell,0.6610843942709493,0.01,151.39000000000001,151.03,151.09,151.49,151.09,10.0,30.0,1,1,46.000000000000796,2024-11-27 17:45:00,151.03,trail_sl,34.20000000000137,3.4200000000001367,USDJPY,
2024-12-02 18:00:00,2024-12-02 18:15:00,sell,0.6860695684848586,0.01,149.14700000000002,149.247,148.847,149.247,148.847,10.0,30.0,1,1,3.100000000000591,2024-12-02 18:30:00,149.247,trail_sl,-11.799999999999432,-1.179999999999943,USDJPY,
2024-12-03 18:15:00,2024-12-03 18:30:00,sell,0.6661787331680652,0.01,149.13200000000003,149.23200000000003,148.83200000000002,149.23200000000003,148.83200000000002,10.0,30.0,1,1,5.000000000003979,2024-12-03 18:45:00,149.118,bar_end,-0.39999999999615743,-0.039999999999615746,USDJPY,
2024-12-04 09:00:00,2024-12-04 09:15:00,buy,0.6679450451868312,0.01,150.37499999999997,150.27499999999998,150.67499999999998,150.27499999999998,150.67499999999998,10.0,30.0,1,1,6.2000000000040245,2024-12-04 09:30:00,150.27499999999998,trail_sl,-11.799999999999432,-1.179999999999943,USDJPY,
2024-12-04 09:45:00,2024-12-04 10:00:00,buy,0.6797520056640904,0.01,150.46999999999997,150.36999999999998,150.76999999999998,150.36999999999998,150.76999999999998,10.0,30.0,1,1,1.4000000000038426,2024-12-04 10:15:00,150.36999999999998,trail_sl,-11.799999999999432,-1.179999999999943,USDJPY,
2024-12-05 10:00:00,2024-12-05 10:15:00,buy,0.6575950399603789,0.01,149.885,149.785,150.185,149.785,150.185,10.0,30.0,1,1,12.700000000000955,2024-12-05 10:30:00,150.012,bar_end,10.900000000000954,1.0900000000000956,USDJPY,
2024-12-06 15:00:00,2024-12-06 15:15:00,sell,0.818148996971001,0.01,150.544,150.061,150.244,150.644,150.244,10.0,30.0,4,1,58.29999999999984,2024-12-06 15:30:00,150.061,trail_sl,46.50000000000041,4.650000000000041,USDJPY,
2024-12-13 10:00:00,2024-12-13 10:15:00,buy,0.7737927386155984,0.01,153.01,153.07500000000002,153.31,152.91,153.31,10.0,30.0,2,1,16.500000000002046,2024-12-13 10:30:00,153.07500000000002,trail_sl,4.700000000002615,0.4700000000002615,USDJPY,
2024-12-18 21:30:00,2024-12-18 21:45:00,buy,0.7408788161762326,0.01,154.664,154.564,154.964,154.564,154.964,10.0,30.0,2,1,0.0,2024-12-18 22:00:00,154.564,trail_sl,-11.799999999999432,-1.179999999999943,USDJPY,
2024-12-19 04:15:00,2024-12-19 04:30:00,buy,0.7461690821516317,0.01,154.63299999999998,155.18200000000002,154.933,154.533,154.933,10.0,30.0,2,1,64.90000000000293,2024-12-19 04:45:00,155.18200000000002,trail_sl,53.100000000003504,5.31000000000035,USDJPY,
2025-01-06 16:00:00,2025-01-06 16:15:00,buy,0.7936111394160048,0.01,157.19099999999997,157.321,157.49099999999999,157.09099999999998,157.49099999999999,10.0,30.0,2,1,23.00000000000182,2025-01-06 16:30:00,157.321,trail_sl,11.200000000002387,1.1200000000002388,USDJPY,
2025-01-07 17:15:00,2025-01-07 17:30:00,sell,0.6667769499821106,0.01,158.09900000000002,157.97899999999998,157.799,158.199,157.799,10.0,30.0,1,1,22.00000000000273,2025-01-07 17:45:00,157.97899999999998,trail_sl,10.200000000003296,1.0200000000003298,USDJPY,
2025-01-07 19:00:00,2025-01-07 19:15:00,sell,0.6887406334420995,0.01,157.75900000000001,157.859,157.459,157.859,157.459,10.0,30.0,1,1,13.500000000001933,2025-01-07 19:30:00,157.681,bar_end,6.000000000000296,0.6000000000000296,USDJPY,
2025-01-10 16:15:00,2025-01-10 16:30:00,sell,0.7216871478146561,0.01,157.80800000000002,157.90800000000002,157.508,157.90800000000002,157.508,10.0,30.0,2,1,2.9000000000024784,2025-01-10 16:45:00,157.90800000000002,trail_sl,-11.799999999999432,-1.179999999999943,USDJPY,
2025-01-13 14:15:00,2025-01-13 14:30:00,sell,0.749760271946059,0.01,157.11200000000002,157.024,156.812,157.21200000000002,156.812,10.0,30.0,2,1,18.80000000000166,2025-01-13 14:45:00,157.024,trail_sl,7.000000000002228,0.7000000000002229,USDJPY,
2025-01-13 17:00:00,2025-01-13 17:15:00,buy,0.6878637544398932,0.01,157.35599999999997,157.431,157.65599999999998,157.25599999999997,157.65599999999998,10.0,30.0,1,1,17.50000000000398,2025-01-13 17:30:00,157.431,trail_sl,5.700000000004548,0.5700000000004548,USDJPY,
2025-01-17 16:00:00,2025-01-17 16:15:00,buy,0.6996040932986067,0.01,155.83399999999997,156.07500000000002,156.134,155.73399999999998,156.134,10.0,30.0,1,1,34.10000000000366,2025-01-17 16:30:00,156.07500000000002,trail_sl,22.30000000000423,2.2300000000004228,USDJPY,
2025-01-17 17:00:00,2025-01-17 17:15:00,buy,0.6600146960288705,0.01,155.90499999999997,156.041,156.20499999999998,155.80499999999998,156.20499999999998,10.0,30.0,1,1,23.60000000000184,2025-01-17 17:30:00,156.041,trail_sl,11.80000000000241,1.180000000000241,USDJPY,
2025-01-20 15:00:00,2025-01-20 15:15:00,sell,0.9169513001979044,0.01,156.40500000000003,155.936,156.10500000000002,156.50500000000002,156.10500000000002,10.0,30.0,4,1,56.90000000000168,2025-01-20 15:30:00,155.936,trail_sl,45.100000000002254,4.510000000000225,USDJPY,
2025-01-21 02:00:00,2025-01-21 02:15:00,buy,0.7997354633850434,0.01,155.17499999999998,156.133,155.475,155.075,155.475,10.0,30.0,2,2,105.80000000000211,2025-01-21 02:45:00,156.133,trail_sl,94.00000000000269,9.400000000000269,USDJPY,
2025-01-21 03:00:00,2025-01-21 03:15:00,sell,0.7243527207932777,0.01,155.622,155.722,155.322,155.722,155.322,10.0,30.0,2,1,2.7000000000015234,2025-01-21 03:30:00,155.722,trail_sl,-11.799999999999432,-1.179999999999943,USDJPY,
2025-01-21 15:00:00,2025-01-21 15:15:00,sell,0.7494158635922161,0.01,155.67800000000003,155.601,155.37800000000001,155.77800000000002,155.37800000000001,10.0,30.0,2,1,17.700000000002092,2025-01-21 15:30:00,155.601,trail_sl,5.9000000000026604,0.5900000000002661,USDJPY,
2025-01-24 07:00:00,2025-01-24 07:15:00,buy,0.7325486122772972,0.01,155.361,155.261,155.661,155.261,155.661,10.0,30.0,2,2,10.900000000000887,2025-01-24 07:45:00,155.36,bar_end,-1.8999999999976354,-0.18999999999976352,USDJPY,
2025-01-24 10:00:00,2025-01-24 10:15:00,buy,0.7025766859908725,0.01,155.08799999999997,155.251,155.38799999999998,154.98799999999997,155.38799999999998,10.0,30.0,2,1,26.300000000003365,2025-01-24 10:30:00,155.251,trail_sl,14.500000000003933,1.4500000000003934,USDJPY,
2025-01-27 00:45:00,2025-01-27 01:00:00,buy,0.8223492471500214,0.01,155.67499999999998,155.575,155.975,155.575,155.975,10.0,30.0,4,1,0.20000000000095497,2025-01-27 01:15:00,155.575,trail_sl,-11.799999999999432,-1.179999999999943,USDJPY,
2025-01-28 16:15:00,2025-01-28 16:30:00,sell,0.6690556129239553,0.01,155.24300000000002,155.148,154.943,155.34300000000002,154.943,10.0,30.0,1,1,19.50000000000216,2025-01-28 16:45:00,155.148,trail_sl,7.700000000002729,0.7700000000002729,USDJPY,
2025-01-28 17:00:00,2025-01-28 17:15:00,buy,0.7233838122592525,0.01,155.58999999999997,155.48999999999998,155.89,155.48999999999998,155.89,10.0,30.0,2,1,3.700000000003456,2025-01-28 17:30:00,155.48999999999998,trail_sl,-11.799999999999432,-1.179999999999943,USDJPY,
2025-01-29 16:00:00,2025-01-29 16:15:00,sell,0.7349830877316172,0.01,155.41100000000003,155.274,155.11100000000002,155.51100000000002,155.11100000000002,10.0,30.0,2,2,23.70000000000232,2025-01-29 16:45:00,155.274,trail_sl,11.900000000002887,1.1900000000002888,USDJPY,
2025-01-30 14:00:00,2025-01-30 14:15:00,sell,0.7297521009239237,0.01,154.34400000000002,154.197,154.044,154.44400000000002,154.044,10.0,30.0,2,2,24.70000000000141,2025-01-30 14:45:00,154.197,trail_sl,12.900000000001977,1.2900000000001979,USDJPY,
2025-01-30 15:30:00,2025-01-30 15:45:00,sell,0.7115632092769364,0.01,153.89600000000002,153.996,153.596,153.996,153.596,10.0,30.0,2,1,5.100000000001614,2025-01-30 16:00:00,153.996,trail_sl,-11.799999999999432,-1.179999999999943,USDJPY,
2025-01-31 17:15:00,2025-01-31 17:30:00,buy,0.6990865500033362,0.01,154.77599999999998,154.676,155.076,154.676,155.076,10.0,30.0,1,1,9.900000000001796,2025-01-31 17:45:00,154.82,bar_end,2.6000000000011143,0.2600000000001114,USDJPY,
2025-02-03 00:00:00,2025-02-03 00:15:00,buy,0.7329203530198372,0.01,154.96099999999998,154.861,155.261,154.861,155.261,10.0,30.0,2,2,5.900000000002592,2025-02-03 00:45:00,154.986,bar_end,0.7000000000005684,0.07000000000005685,USDJPY,
2025-02-03 02:00:00,2025-02-03 02:15:00,buy,0.8423162722738499,0.01,155.53799999999998,155.703,155.838,155.438,155.838,10.0,30.0,4,1,26.500000000001478,2025-02-03 02:30:00,155.703,trail_sl,14.700000000002046,1.4700000000002047,USDJPY,
2025-02-03 17:00:00,2025-02-03 17:15:00,buy,0.7295807699681038,0.01,154.70299999999997,154.764,155.003,154.60299999999998,155.003,10.0,30.0,2,1,16.10000000000298,2025-02-03 17:30:00,154.764,trail_sl,4.300000000003547,0.4300000000003547,USDJPY,
2025-02-04 11:15:00,2025-02-04 11:30:00,buy,0.6984921041747296,0.01,155.26199999999997,155.16199999999998,155.56199999999998,155.16199999999998,155.56199999999998,10.0,30.0,1,1,9.300000000001774,2025-02-04 11:45:00,155.34,bar_end,6.000000000003138,0.6000000000003138,USDJPY,
2025-02-05 16:00:00,2025-02-05 16:15:00,sell,0.7117527219693427,0.01,152.99300000000002,152.87099999999998,152.693,153.09300000000002,152.693,10.0,30.0,2,2,22.200000000003683,2025-02-05 16:45:00,152.87099999999998,trail_sl,10.400000000004251,1.0400000000004253,USDJPY,
2025-02-06 15:00:00,2025-02-06 15:15:00,sell,0.7646611123352167,0.01,152.36900000000003,152.28799999999998,152.06900000000002,152.46900000000002,152.06900000000002,10.0,30.0,2,1,18.100000000004002,2025-02-06 15:30:00,152.28799999999998,trail_sl,6.30000000000457,0.6300000000004571,USDJPY,
2025-02-07 08:00:00,2025-02-07 08:15:00,buy,0.7137451194665348,0.01,151.64699999999996,151.739,151.94699999999997,151.54699999999997,151.94699999999997,10.0,30.0,2,2,19.20000000000357,2025-02-07 08:45:00,151.739,trail_sl,7.400000000004138,0.7400000000004139,USDJPY,
2025-02-07 15:30:00,2025-02-07 15:45:00,buy,0.7301959885421011,0.01,151.96599999999998,151.86599999999999,152.266,151.86599999999999,152.266,10.0,30.0,2,1,3.8000000000010914,2025-02-07 16:00:00,151.86599999999999,trail_sl,-11.799999999999432,-1.179999999999943,USDJPY,
2025-02-07 16:00:00,2025-02-07 16:15:00,sell,0.6543496471275013,0.01,151.80700000000002,151.652,151.507,151.907,151.507,10.0,30.0,1,1,25.500000000002387,2025-02-07 16:30:00,151.652,trail_sl,13.700000000002955,1.3700000000002956,USDJPY,
2025-02-07 21:00:00,2025-02-07 21:15:00,buy,0.6765868582667427,0.01,151.37499999999997,151.429,151.67499999999998,151.27499999999998,151.67499999999998,10.0,30.0,1,1,15.400000000002478,2025-02-07 21:30:00,151.429,trail_sl,3.600000000003047,0.3600000000003047,USDJPY,
2025-02-10 01:00:00,2025-02-10 01:15:00,buy,0.7098411326784104,0.01,151.545,151.782,151.845,151.445,151.845,10.0,30.0,2,2,33.70000000000175,2025-02-10 01:45:00,151.782,trail_sl,21.90000000000232,2.1900000000002318,USDJPY,
2025-02-10 04:00:00,2025-02-10 04:15:00,buy,0.7095417304084706,0.01,152.14,152.04,152.44,152.04,152.44,10.0,30.0,2,2,7.400000000001228,2025-02-10 04:45:00,152.151,bar_end,-0.6999999999975899,-0.06999999999975899,USDJPY,
2025-02-12 15:00:00,2025-02-12 15:15:00,buy,0.7689686211405671,0.01,153.43299999999996,154.356,153.73299999999998,153.33299999999997,153.73299999999998,10.0,30.0,2,1,102.30000000000246,2025-02-12 15:30:00,154.356,trail_sl,90.50000000000303,9.050000000000303,USDJPY,
2025-02-14 15:00:00,2025-02-14 15:15:00,sell,0.8269108572009357,0.01,152.74800000000002,152.249,152.448,152.848,152.448,10.0,30.0,4,1,59.900000000001796,2025-02-14 15:30:00,152.249,trail_sl,48.10000000000237,4.810000000000237,USDJPY,
2025-02-18 09:15:00,2025-02-18 09:30:00,buy,0.6507359436782231,0.01,151.91899999999998,151.819,152.219,151.819,152.219,10.0,30.0,1,1,14.800000000002456,2025-02-18 09:45:00,152.055,bar_end,11.80000000000241,1.180000000000241,USDJPY,
2025-02-19 16:15:00,2025-02-19 16:30:00,sell,0.673662901304322,0.01,151.407,151.507,151.107,151.507,151.107,10.0,30.0,1,1,7.699999999999818,2025-02-19 16:45:00,151.335,bar_end,5.400000000000273,0.5400000000000273,USDJPY,
2025-02-20 16:15:00,2025-02-20 16:30:00,sell,0.6589897088214788,0.01,149.83800000000002,149.93800000000002,149.538,149.93800000000002,149.538,10.0,30.0,1,1,3.900000000001569,2025-02-20 16:45:00,149.816,bar_end,0.4000000000019781,0.040000000000197815,USDJPY,
2025-02-20 17:00:00,2025-02-20 17:15:00,sell,0.6551907513604286,0.01,149.66400000000002,149.764,149.364,149.764,149.364,10.0,30.0,1,1,4.100000000002524,2025-02-20 17:30:00,149.644,bar_end,0.20000000000102314,0.020000000000102314,USDJPY,
2025-02-21 16:15:00,2025-02-21 16:30:00,sell,0.7947690498283562,0.01,150.11700000000002,149.846,149.817,150.217,149.817,10.0,30.0,2,1,37.10000000000093,2025-02-21 16:45:00,149.846,trail_sl,25.3000000000015,2.53000000000015,USDJPY,
2025-02-24 01:30:00,2025-02-24 01:45:00,buy,0.7727911714124797,0.01,149.41299999999998,149.313,149.713,149.313,149.713,10.0,30.0,2,1,0.0,2025-02-24 02:00:00,149.313,trail_sl,-11.799999999999432,-1.179999999999943,USDJPY,
2025-02-24 16:00:00,2025-02-24 16:15:00,sell,0.7596340605611238,0.01,149.64400000000003,149.559,149.34400000000002,149.74400000000003,149.34400000000002,10.0,30.0,2,1,18.50000000000307,2025-02-24 16:30:00,149.559,trail_sl,6.700000000003638,0.6700000000003639,USDJPY,
2025-02-25 15:00:00,2025-02-25 15:15:00,sell,0.8567082845372149,0.01,149.72100000000003,149.56799999999998,149.42100000000002,149.82100000000003,149.42100000000002,10.0,30.0,4,1,25.300000000004275,2025-02-25 15:30:00,149.56799999999998,trail_sl,13.500000000004842,1.3500000000004844,USDJPY,
2025-02-26 16:30:00,2025-02-26 16:45:00,buy,0.6912343258790334,0.01,149.67899999999997,149.74,149.97899999999998,149.57899999999998,149.97899999999998,10.0,30.0,1,1,16.10000000000298,2025-02-26 17:00:00,149.74,trail_sl,4.300000000003547,0.4300000000003547,USDJPY,
2025-02-26 17:00:00,2025-02-26 17:15:00,sell,0.7366376347328082,0.01,149.60300000000004,149.54999999999998,149.30300000000003,149.70300000000003,149.30300000000003,10.0,30.0,2,1,15.300000000004843,2025-02-26 17:30:00,149.54999999999998,trail_sl,3.5000000000054117,0.35000000000054116,USDJPY,
2025-02-27 10:00:00,2025-02-27 10:15:00,buy,0.896789527946679,0.01,149.54999999999998,149.632,149.85,149.45,149.85,10.0,30.0,4,2,18.200000000001637,2025-02-27 10:45:00,149.632,trail_sl,6.400000000002206,0.6400000000002206,USDJPY,
2025-03-03 03:15:00,2025-03-03 03:30:00,sell,0.6696800364860874,0.01,150.342,150.442,150.042,150.442,150.042,10.0,30.0,1,1,2.600000000001046,2025-03-03 03:45:00,150.409,bar_end,-8.499999999997886,-0.8499999999997886,USDJPY,
2025-03-03 16:00:00,2025-03-03 16:15:00,sell,0.681375880147868,0.01,150.83200000000002,150.93200000000002,150.532,150.93200000000002,150.532,10.0,30.0,1,1,11.600000000001387,2025-03-03 16:30:00,150.739,bar_end,7.500000000001774,0.7500000000001774,USDJPY,
2025-03-04 20:15:00,2025-03-04 20:30:00,buy,0.7024365041922643,0.01,148.94799999999998,149.034,149.248,148.84799999999998,149.248,10.0,30.0,2,1,18.600000000000705,2025-03-04 20:45:00,149.034,trail_sl,6.8000000000012735,0.6800000000001274,USDJPY,
2025-03-05 14:00:00,2025-03-05 14:15:00,buy,0.7156231782530662,0.01,149.29199999999997,149.412,149.59199999999998,149.19199999999998,149.59199999999998,10.0,30.0,2,2,22.00000000000273,2025-03-05 14:45:00,149.412,trail_sl,10.200000000003296,1.0200000000003298,USDJPY,
2025-03-05 15:00:00,2025-03-05 15:15:00,sell,0.8213493025833115,0.01,149.169,149.039,148.869,149.269,148.869,10.0,30.0,4,2,23.00000000000182,2025-03-05 15:45:00,149.039,trail_sl,11.200000000002387,1.1200000000002388,USDJPY,
2025-03-05 17:15:00,2025-03-05 17:30:00,buy,0.7170709036169437,0.01,148.67,149.00400000000002,148.97,148.57,148.97,10.0,30.0,2,1,43.40000000000259,2025-03-05 17:45:00,149.00400000000002,trail_sl,31.60000000000316,3.1600000000003163,USDJPY,
2025-03-06 15:45:00,2025-03-06 16:00:00,buy,0.6733353498381531,0.01,147.682,147.749,147.982,147.582,147.982,10.0,30.0,1,1,16.70000000000016,2025-03-06 16:15:00,147.749,trail_sl,4.900000000000728,0.49000000000007277,USDJPY,
2025-03-06 17:00:00,2025-03-06 17:15:00,buy,0.7211790865820611,0.01,148.10299999999998,148.202,148.403,148.003,148.403,10.0,30.0,2,1,19.900000000001228,2025-03-06 17:30:00,148.202,trail_sl,8.100000000001796,0.8100000000001797,USDJPY,
2025-03-06 18:15:00,2025-03-06 18:30:00,sell,0.6583524122774796,0.01,148.01000000000002,148.11,147.71,148.11,147.71,10.0,30.0,1,1,10.400000000001342,2025-03-06 18:45:00,147.914,bar_end,7.800000000003206,0.7800000000003207,USDJPY,
2025-03-07 01:30:00,2025-03-07 01:45:00,buy,0.7418903066960403,0.01,148.164,148.064,148.464,148.064,148.464,10.0,30.0,2,1,0.0,2025-03-07 02:00:00,148.064,trail_sl,-11.799999999999432,-1.179999999999943,USDJPY,
2025-03-07 15:15:00,2025-03-07 15:30:00,sell,0.6792493321430952,0.01,147.44200000000004,147.218,147.14200000000002,147.54200000000003,147.14200000000002,10.0,30.0,1,1,32.40000000000407,2025-03-07 15:45:00,147.218,trail_sl,20.600000000004638,2.0600000000004637,USDJPY,
2025-03-07 18:00:00,2025-03-07 18:15:00,sell,0.6893962252711776,0.01,147.294,147.19299999999998,146.994,147.394,146.994,10.0,30.0,1,1,20.100000000002183,2025-03-07 18:30:00,147.19299999999998,trail_sl,8.30000000000275,0.8300000000002752,USDJPY,
2025-03-07 18:45:00,2025-03-07 19:00:00,buy,0.6659153639289201,0.01,147.06499999999997,147.154,147.36499999999998,146.96499999999997,147.36499999999998,10.0,30.0,1,1,18.900000000002137,2025-03-07 19:15:00,147.154,trail_sl,7.100000000002706,0.7100000000002706,USDJPY,
2025-03-10 05:00:00,2025-03-10 05:15:00,buy,0.6567469819006179,0.01,147.54099999999997,147.44099999999997,147.84099999999998,147.44099999999997,147.84099999999998,10.0,30.0,1,1,4.9000000000035016,2025-03-10 05:30:00,147.588,bar_end,2.9000000000025468,0.29000000000025467,USDJPY,
2025-03-10 16:15:00,2025-03-10 16:30:00,buy,0.6559084517686089,0.01,147.14,147.04,147.44,147.04,147.44,10.0,30.0,1,1,1.700000000002433,2025-03-10 16:45:00,147.04,trail_sl,-11.799999999999432,-1.179999999999943,USDJPY,
2025-03-10 17:30:00,2025-03-10 17:45:00,buy,0.665559172196641,0.01,146.78399999999996,146.871,147.08399999999997,146.68399999999997,147.08399999999997,10.0,30.0,1,1,18.700000000004025,2025-03-10 18:00:00,146.871,trail_sl,6.900000000004593,0.6900000000004594,USDJPY,
2025-03-10 19:00:00,2025-03-10 19:15:00,buy,0.6617889485891539,0.01,147.20199999999997,147.10199999999998,147.50199999999998,147.10199999999998,147.50199999999998,10.0,30.0,1,1,10.500000000001819,2025-03-10 19:30:00,147.189,bar_end,-3.0999999999976806,-0.30999999999976807,USDJPY,
2025-03-11 03:30:00,2025-03-11 03:45:00,buy,0.6748258783637797,0.01,146.76199999999997,146.66199999999998,147.06199999999998,146.66199999999998,147.06199999999998,10.0,30.0,1,1,5.100000000001614,2025-03-11 04:00:00,146.66199999999998,trail_sl,-11.799999999999432,-1.179999999999943,USDJPY,
2025-03-11 08:00:00,2025-03-11 08:15:00,buy,0.6733489086416932,0.01,147.04899999999998,146.94899999999998,147.349,146.94899999999998,147.349,10.0,30.0,1,1,13.900000000001,2025-03-11 08:30:00,147.187,bar_end,12.000000000003364,1.2000000000003366,USDJPY,
2025-03-11 15:00:00,2025-03-11 15:15:00,buy,0.8048812192906032,0.01,147.432,147.838,147.732,147.332,147.732,10.0,30.0,4,2,50.60000000000002,2025-03-11 15:45:00,147.838,trail_sl,38.800000000000594,3.8800000000000594,USDJPY,
2025-03-11 16:45:00,2025-03-11 17:00:00,buy,0.7053552062993782,0.01,147.72099999999998,147.62099999999998,148.021,147.62099999999998,148.021,10.0,30.0,2,1,3.8000000000010914,2025-03-11 17:15:00,147.62099999999998,trail_sl,-11.799999999999432,-1.179999999999943,USDJPY,
2025-03-12 21:00:00,2025-03-12 21:15:00,buy,0.68189058009782,0.01,148.29099999999997,148.19099999999997,148.59099999999998,148.19099999999997,148.59099999999998,10.0,30.0,1,1,10.100000000002751,2025-03-12 21:30:00,148.39,bar_end,8.100000000001796,0.8100000000001797,USDJPY,
2025-03-13 15:00:00,2025-03-13 15:15:00,buy,0.7755709779504637,0.01,148.01899999999998,148.15800000000002,148.319,147.91899999999998,148.319,10.0,30.0,2,1,23.900000000003274,2025-03-13 15:30:00,148.15800000000002,trail_sl,12.100000000003842,1.2100000000003843,USDJPY,
2025-03-14 18:00:00,2025-03-14 18:15:00,buy,0.691359518280399,0.01,148.50199999999998,148.402,148.802,148.402,148.802,10.0,30.0,1,1,2.5000000000005684,2025-03-14 18:30:00,148.455,bar_end,-6.499999999996862,-0.6499999999996863,USDJPY,
2025-03-18 17:15:00,2025-03-18 17:30:00,buy,0.7479778769737745,0.01,149.68499999999997,149.58499999999998,149.98499999999999,149.58499999999998,149.98499999999999,10.0,30.0,2,2,7.00000000000216,2025-03-18 18:00:00,149.58499999999998,trail_sl,-11.799999999999432,-1.179999999999943,USDJPY,
2025-03-19 07:00:00,2025-03-19 07:15:00,buy,0.6606413968920173,0.01,149.48499999999999,149.385,149.785,149.385,149.785,10.0,30.0,1,1,8.70000000000175,2025-03-19 07:30:00,149.571,bar_end,6.8000000000012735,0.6800000000001274,USDJPY,
2025-03-19 18:00:00,2025-03-19 18:15:00,buy,0.6653474611553616,0.01,149.88899999999998,149.789,150.189,149.789,150.189,10.0,30.0,1,1,10.000000000002274,2025-03-19 18:30:00,149.955,bar_end,4.8000000000030925,0.48000000000030923,USDJPY,
2025-03-19 21:15:00,2025-03-19 21:30:00,sell,0.6966956688889634,0.01,148.81900000000002,148.766,148.519,148.919,148.519,10.0,30.0,1,1,15.300000000002001,2025-03-19 21:45:00,148.766,trail_sl,3.5000000000025695,0.35000000000025694,USDJPY,
2025-03-20 18:00:00,2025-03-20 18:15:00,buy,0.6693863322552797,0.01,148.83899999999997,148.73899999999998,149.13899999999998,148.73899999999998,149.13899999999998,10.0,30.0,1,1,6.400000000002137,2025-03-20 18:30:00,148.896,bar_end,3.9000000000016373,0.3900000000001637,USDJPY,
2025-03-21 11:30:00,2025-03-21 11:45:00,buy,0.6673068496091514,0.01,149.49299999999997,149.39299999999997,149.79299999999998,149.39299999999997,149.79299999999998,10.0,30.0,1,1,0.0,2025-03-21 12:00:00,149.39299999999997,trail_sl,-11.799999999999432,-1.179999999999943,USDJPY,
2025-03-21 18:00:00,2025-03-21 18:15:00,buy,0.6519538767809312,0.01,148.79599999999996,148.69599999999997,149.09599999999998,148.69599999999997,149.09599999999998,10.0,30.0,1,1,4.200000000003001,2025-03-21 18:30:00,148.717,bar_end,-9.69999999999509,-0.9699999999995089,USDJPY,
2025-03-21 18:30:00,2025-03-21 18:45:00,buy,0.7132231283654917,0.01,148.99299999999997,148.89299999999997,149.29299999999998,148.89299999999997,149.29299999999998,10.0,30.0,2,2,12.400000000002365,2025-03-21 19:15:00,149.094,bar_end,8.30000000000275,0.8300000000002752,USDJPY,
2025-03-24 16:00:00,2025-03-24 16:15:00,buy,0.7168700200882427,0.01,149.813,150.157,150.113,149.713,150.113,10.0,30.0,2,2,44.40000000000168,2025-03-24 16:45:00,150.157,trail_sl,32.600000000002254,3.2600000000002254,USDJPY,
2025-03-26 20:00:00,2025-03-26 20:15:00,sell,0.7151213678733371,0.01,150.532,150.41299999999998,150.232,150.632,150.232,10.0,30.0,2,1,21.90000000000225,2025-03-26 20:30:00,150.41299999999998,trail_sl,10.100000000002819,1.010000000000282,USDJPY,
2025-03-28 05:30:00,2025-03-28 05:45:00,buy,0.6968896663875416,0.01,150.84499999999997,150.74499999999998,151.14499999999998,150.74499999999998,151.14499999999998,10.0,30.0,1,1,0.0,2025-03-28 06:00:00,150.74499999999998,trail_sl,-11.799999999999432,-1.179999999999943,USDJPY,
2025-03-28 16:00:00,2025-03-28 16:15:00,sell,0.7145372061901177,0.01,150.57700000000003,150.49099999999999,150.27700000000002,150.67700000000002,150.27700000000002,10.0,30.0,2,2,18.600000000003547,2025-03-28 16:45:00,150.49099999999999,trail_sl,6.800000000004116,0.6800000000004116,USDJPY,
2025-03-31 17:00:00,2025-03-31 17:15:00,sell,0.7262054358257035,0.01,149.79100000000003,149.61599999999999,149.491,149.89100000000002,149.491,10.0,30.0,2,2,27.50000000000341,2025-03-31 17:45:00,149.61599999999999,trail_sl,15.700000000003978,1.570000000000398,USDJPY,
2025-03-31 18:00:00,2025-03-31 18:15:00,buy,0.7520211547940528,0.01,149.76599999999996,149.859,150.06599999999997,149.66599999999997,150.06599999999997,10.0,30.0,2,2,19.300000000004047,2025-03-31 18:45:00,149.859,trail_sl,7.500000000004616,0.7500000000004616,USDJPY,
2025-04-01 10:00:00,2025-04-01 10:15:00,sell,0.7037242675274196,0.01,149.848,149.765,149.548,149.948,149.548,10.0,30.0,2,1,18.300000000002115,2025-04-01 10:30:00,149.765,trail_sl,6.500000000002683,0.6500000000002684,USDJPY,
2025-04-01 15:15:00,2025-04-01 15:30:00,buy,0.6590475098438756,0.01,149.325,149.225,149.625,149.225,149.625,10.0,30.0,1,1,7.200000000000273,2025-04-01 15:45:00,149.388,bar_end,4.50000000000166,0.450000000000166,USDJPY,
2025-04-01 19:45:00,2025-04-01 20:00:00,buy,0.66550233624166,0.01,149.51999999999998,149.42,149.82,149.42,149.82,10.0,30.0,1,1,0.0,2025-04-01 20:15:00,149.42,trail_sl,-11.799999999999432,-1.179999999999943,USDJPY,
2025-04-02 16:00:00,2025-04-02 16:15:00,buy,0.8134892262311205,0.01,149.22499999999997,149.375,149.52499999999998,149.12499999999997,149.52499999999998,10.0,30.0,4,1,25.000000000002842,2025-04-02 16:30:00,149.375,trail_sl,13.20000000000341,1.3200000000003411,USDJPY,
2025-04-04 02:30:00,2025-04-04 02:45:00,buy,0.6722140403782743,0.01,146.26899999999998,146.16899999999998,146.569,146.16899999999998,146.569,10.0,30.0,1,1,13.800000000003365,2025-04-04 03:00:00,146.16899999999998,trail_sl,-11.799999999999432,-1.179999999999943,USDJPY,
2025-04-04 03:45:00,2025-04-04 04:00:00,buy,0.6529047653827894,0.01,146.34599999999998,146.24599999999998,146.646,146.24599999999998,146.646,10.0,30.0,1,1,4.100000000002524,2025-04-04 04:15:00,146.24599999999998,trail_sl,-11.799999999999432,-1.179999999999943,USDJPY,
2025-04-04 10:00:00,2025-04-04 10:15:00,buy,0.7062589261377772,0.01,146.08299999999997,146.142,146.38299999999998,145.98299999999998,146.38299999999998,10.0,30.0,2,1,15.900000000002024,2025-04-04 10:30:00,146.142,trail_sl,4.100000000002592,0.4100000000002592,USDJPY,
2025-04-04 16:30:00,2025-04-04 16:45:00,buy,0.8357295816206817,0.01,145.72699999999998,145.62699999999998,146.027,145.62699999999998,146.027,10.0,30.0,4,1,14.800000000002456,2025-04-04 17:00:00,145.62699999999998,trail_sl,-11.799999999999432,-1.179999999999943,USDJPY,
2025-04-07 03:15:00,2025-04-07 03:30:00,buy,0.7002928824249537,0.01,145.634,145.74800000000002,145.934,145.534,145.934,10.0,30.0,2,1,21.400000000002706,2025-04-07 03:45:00,145.74800000000002,trail_sl,9.600000000003273,0.9600000000003275,USDJPY,
2025-04-07 04:00:00,2025-04-07 04:15:00,buy,0.7181100229542124,0.01,146.164,146.24,146.464,146.064,146.464,10.0,30.0,2,1,17.600000000001614,2025-04-07 04:30:00,146.24,trail_sl,5.800000000002183,0.5800000000002183,USDJPY,
2025-04-07 09:15:00,2025-04-07 09:30:00,sell,0.6834857784248716,0.01,145.24200000000002,145.342,144.942,145.342,144.942,10.0,30.0,1,1,12.300000000001887,2025-04-07 09:45:00,145.342,trail_sl,-11.799999999999432,-1.179999999999943,USDJPY,
2025-04-07 14:15:00,2025-04-07 14:30:00,buy,0.6628801113610534,0.01,146.38899999999998,146.289,146.689,146.289,146.689,10.0,30.0,1,1,10.400000000001342,2025-04-07 14:45:00,146.289,trail_sl,-11.799999999999432,-1.179999999999943,USDJPY,
2025-04-08 04:30:00,2025-04-08 04:45:00,buy,0.7003710091828096,0.01,147.55599999999998,147.456,147.856,147.456,147.856,10.0,30.0,2,1,0.0,2025-04-08 05:00:00,147.456,trail_sl,-11.799999999999432,-1.179999999999943,USDJPY,
2025-04-08 07:15:00,2025-04-08 07:30:00,buy,0.765727391828461,0.01,147.62999999999997,147.684,147.92999999999998,147.52999999999997,147.92999999999998,10.0,30.0,2,2,15.400000000002478,2025-04-08 08:00:00,147.684,trail_sl,3.600000000003047,0.3600000000003047,USDJPY,
2025-04-08 10:30:00,2025-04-08 10:45:00,buy,0.6792701898907915,0.01,147.40499999999997,147.30499999999998,147.70499999999998,147.30499999999998,147.70499999999998,10.0,30.0,1,1,5.300000000002569,2025-04-08 11:00:00,147.30499999999998,trail_sl,-11.799999999999432,-1.179999999999943,USDJPY,
2025-04-08 11:00:00,2025-04-08 11:15:00,buy,0.8715547593061183,0.01,147.10799999999998,147.234,147.408,147.00799999999998,147.408,10.0,30.0,4,1,22.60000000000275,2025-04-08 11:30:00,147.234,trail_sl,10.800000000003319,1.080000000000332,USDJPY,
2025-04-08 11:30:00,2025-04-08 11:45:00,buy,0.7801044000830959,0.01,147.43999999999997,147.33999999999997,147.73999999999998,147.33999999999997,147.73999999999998,10.0,30.0,2,1,7.70000000000266,2025-04-08 12:00:00,147.33999999999997,trail_sl,-11.799999999999432,-1.179999999999943,USDJPY,
2025-04-08 12:15:00,2025-04-08 12:30:00,sell,0.7333506351789016,0.01,147.33800000000002,147.209,147.038,147.43800000000002,147.038,10.0,30.0,2,1,22.90000000000134,2025-04-08 12:45:00,147.209,trail_sl,11.10000000000191,1.110000000000191,USDJPY,
2025-04-08 16:00:00,2025-04-08 16:15:00,buy,0.7567732918604341,0.01,147.045,147.267,147.345,146.945,147.345,10.0,30.0,2,1,32.20000000000027,2025-04-08 16:30:00,147.267,trail_sl,20.40000000000084,2.040000000000084,USDJPY,
2025-04-08 21:30:00,2025-04-08 21:45:00,buy,0.676183348977787,0.01,146.39999999999998,146.29999999999998,146.7,146.29999999999998,146.7,10.0,30.0,1,1,4.400000000001114,2025-04-08 22:00:00,146.29999999999998,trail_sl,-11.799999999999432,-1.179999999999943,USDJPY,
2025-04-09 07:15:00,2025-04-09 07:30:00,buy,0.6556415923307894,0.01,144.87099999999998,145.017,145.171,144.771,145.171,10.0,30.0,1,1,24.600000000000932,2025-04-09 07:45:00,145.017,trail_sl,12.8000000000015,1.2800000000001501,USDJPY,
2025-04-09 09:15:00,2025-04-09 09:30:00,sell,0.7424283508993822,0.01,145.04900000000004,144.805,144.74900000000002,145.14900000000003,144.74900000000002,10.0,30.0,2,1,34.40000000000225,2025-04-09 09:45:00,144.805,trail_sl,22.60000000000282,2.260000000000282,USDJPY,
2025-04-09 20:00:00,2025-04-09 20:15:00,buy,0.9004840861640493,0.01,146.57199999999997,147.157,146.87199999999999,146.47199999999998,146.87199999999999,10.0,30.0,4,1,68.50000000000307,2025-04-09 20:30:00,147.157,trail_sl,56.70000000000364,5.670000000000364,USDJPY,
2025-04-09 20:45:00,2025-04-09 21:00:00,buy,0.753154796214008,0.01,147.90399999999997,148.13500000000002,148.20399999999998,147.80399999999997,148.20399999999998,10.0,30.0,2,1,33.10000000000457,2025-04-09 21:15:00,148.13500000000002,trail_sl,21.300000000005138,2.1300000000005137,USDJPY,
2025-04-10 04:00:00,2025-04-10 04:15:00,buy,0.6518696896653949,0.01,146.71899999999997,146.822,147.01899999999998,146.61899999999997,147.01899999999998,10.0,30.0,1,1,20.300000000003138,2025-04-10 04:30:00,146.822,trail_sl,8.500000000003705,0.8500000000003707,USDJPY,
2025-04-10 04:30:00,2025-04-10 04:45:00,buy,0.7090932866216826,0.01,146.95899999999997,146.85899999999998,147.259,146.85899999999998,147.259,10.0,30.0,2,1,3.000000000002956,2025-04-10 05:00:00,146.85899999999998,trail_sl,-11.799999999999432,-1.179999999999943,USDJPY,
2025-04-10 06:15:00,2025-04-10 06:30:00,buy,0.7106359581296222,0.01,146.80199999999996,146.70199999999997,147.10199999999998,146.70199999999997,147.10199999999998,10.0,30.0,2,2,9.600000000003206,2025-04-10 07:00:00,146.70199999999997,trail_sl,-11.799999999999432,-1.179999999999943,USDJPY,
2025-04-10 10:00:00,2025-04-10 10:15:00,sell,0.8823373814848918,0.01,146.79000000000002,146.494,146.49,146.89000000000001,146.49,10.0,30.0,4,1,39.6000000000015,2025-04-10 10:30:00,146.494,trail_sl,27.80000000000207,2.7800000000002068,USDJPY,
2025-04-10 16:15:00,2025-04-10 16:30:00,buy,0.6670613704711945,0.01,145.039,144.939,145.339,144.939,145.339,10.0,30.0,1,1,4.300000000000637,2025-04-10 16:45:00,144.939,trail_sl,-11.799999999999432,-1.179999999999943,USDJPY,
2025-04-11 14:00:00,2025-04-11 14:15:00,buy,0.7107133562842997,0.01,142.65999999999997,142.729,142.95999999999998,142.55999999999997,142.95999999999998,10.0,30.0,2,1,16.900000000003956,2025-04-11 14:30:00,142.729,trail_sl,5.100000000004525,0.5100000000004525,USDJPY,
2025-04-11 15:45:00,2025-04-11 16:00:00,buy,0.7278460625058331,0.01,142.27499999999998,142.53300000000002,142.575,142.17499999999998,142.575,10.0,30.0,2,1,35.80000000000325,2025-04-11 16:15:00,142.53300000000002,trail_sl,24.00000000000382,2.400000000000382,USDJPY,
2025-04-11 16:15:00,2025-04-11 16:30:00,buy,0.6953949488229865,0.01,142.89199999999997,143.252,143.19199999999998,142.79199999999997,143.19199999999998,10.0,30.0,1,1,46.00000000000364,2025-04-11 16:45:00,143.252,trail_sl,34.20000000000421,3.420000000000421,USDJPY,
2025-04-11 17:00:00,2025-04-11 17:15:00,buy,0.7969330581566488,0.01,143.03599999999997,143.26500000000001,143.33599999999998,142.93599999999998,143.33599999999998,10.0,30.0,2,1,32.900000000003615,2025-04-11 17:30:00,143.26500000000001,trail_sl,21.100000000004183,2.110000000000418,USDJPY,
2025-04-11 17:30:00,2025-04-11 17:45:00,buy,0.7394464548991514,0.01,143.54299999999998,143.44299999999998,143.843,143.44299999999998,143.843,10.0,30.0,2,1,12.100000000000932,2025-04-11 18:00:00,143.44299999999998,trail_sl,-11.799999999999432,-1.179999999999943,USDJPY,
2025-04-14 10:00:00,2025-04-14 10:15:00,buy,0.6616593752936604,0.01,142.66599999999997,142.744,142.96599999999998,142.56599999999997,142.96599999999998,10.0,30.0,1,1,17.80000000000257,2025-04-14 10:30:00,142.744,trail_sl,6.000000000003138,0.6000000000003138,USDJPY,
2025-04-14 10:30:00,2025-04-14 10:45:00,buy,0.7682445613484141,0.01,143.09199999999998,142.992,143.392,142.992,143.392,10.0,30.0,2,1,0.8000000000009777,2025-04-14 11:00:00,142.992,trail_sl,-11.799999999999432,-1.179999999999943,USDJPY,
2025-04-14 16:30:00,2025-04-14 16:45:00,buy,0.6784882543529488,0.01,143.65299999999996,143.725,143.95299999999997,143.55299999999997,143.95299999999997,10.0,30.0,1,1,17.200000000002547,2025-04-14 17:00:00,143.725,trail_sl,5.400000000003115,0.5400000000003116,USDJPY,
2025-04-15 09:00:00,2025-04-15 09:15:00,buy,0.8464034445610998,0.01,143.01599999999996,143.249,143.31599999999997,142.91599999999997,143.31599999999997,10.0,30.0,4,1,33.30000000000268,2025-04-15 09:30:00,143.249,trail_sl,21.50000000000325,2.150000000000325,USDJPY,
2025-04-15 15:15:00,2025-04-15 15:30:00,buy,0.7840031594668426,0.01,142.76399999999998,142.664,143.064,142.664,143.064,10.0,30.0,2,1,11.600000000001387,2025-04-15 15:45:00,142.664,trail_sl,-11.799999999999432,-1.179999999999943,USDJPY,
2025-04-15 17:00:00,2025-04-15 17:15:00,sell,0.7001342136531159,0.01,142.86200000000002,142.801,142.562,142.96200000000002,142.562,10.0,30.0,2,1,16.10000000000298,2025-04-15 17:30:00,142.801,trail_sl,4.300000000003547,0.4300000000003547,USDJPY,
2025-04-15 18:00:00,2025-04-15 18:15:00,buy,0.6751236372131753,0.01,142.96399999999997,142.86399999999998,143.26399999999998,142.86399999999998,143.26399999999998,10.0,30.0,1,1,13.000000000002387,2025-04-15 18:30:00,143.089,bar_end,10.700000000002841,1.0700000000002843,USDJPY,
2025-04-16 02:30:00,2025-04-16 02:45:00,buy,0.704200665358454,0.01,143.176,143.076,143.476,143.076,143.476,10.0,30.0,2,1,0.10000000000047748,2025-04-16 03:00:00,143.076,trail_sl,-11.799999999999432,-1.179999999999943,USDJPY,
2025-04-16 04:30:00,2025-04-16 04:45:00,buy,0.6714725061664981,0.01,142.82699999999997,142.72699999999998,143.12699999999998,142.72699999999998,143.12699999999998,10.0,30.0,1,1,0.0,2025-04-16 05:00:00,142.72699999999998,trail_sl,-11.799999999999432,-1.179999999999943,USDJPY,
2025-04-16 09:45:00,2025-04-16 10:00:00,buy,0.672346918998391,0.01,142.32199999999997,142.22199999999998,142.62199999999999,142.22199999999998,142.62199999999999,10.0,30.0,1,1,0.0,2025-04-16 10:15:00,142.22199999999998,trail_sl,-11.799999999999432,-1.179999999999943,USDJPY,
2025-04-16 20:15:00,2025-04-16 20:30:00,sell,0.6888126471204881,0.01,142.34500000000003,142.44500000000002,142.04500000000002,142.44500000000002,142.04500000000002,10.0,30.0,1,1,3.4000000000020236,2025-04-16 20:45:00,142.358,bar_end,-3.0999999999976806,-0.30999999999976807,USDJPY,
2025-04-16 21:15:00,2025-04-16 21:30:00,sell,0.6927438130999046,0.01,142.19400000000002,142.294,141.894,142.294,141.894,10.0,30.0,1,1,12.600000000000477,2025-04-16 21:45:00,142.104,bar_end,7.200000000000341,0.7200000000000342,USDJPY,
2025-04-17 03:15:00,2025-04-17 03:30:00,buy,0.6601222838716977,0.01,142.46699999999998,142.367,142.767,142.367,142.767,10.0,30.0,1,1,14.000000000001478,2025-04-17 03:45:00,142.584,bar_end,9.900000000001864,0.9900000000001865,USDJPY,
2025-04-17 10:30:00,2025-04-17 10:45:00,buy,0.6893388780377057,0.01,142.90599999999998,142.80599999999998,143.206,142.80599999999998,143.206,10.0,30.0,1,1,0.0,2025-04-17 11:00:00,142.80599999999998,trail_sl,-11.799999999999432,-1.179999999999943,USDJPY,
2025-04-17 15:15:00,2025-04-17 15:30:00,sell,0.7770851025779215,0.01,142.42000000000002,142.52,142.12,142.52,142.12,10.0,30.0,2,1,13.2000000000005,2025-04-17 15:45:00,142.52,trail_sl,-11.799999999999432,-1.179999999999943,USDJPY,
2025-04-17 17:15:00,2025-04-17 17:30:00,buy,0.6512328868738224,0.01,142.11199999999997,142.181,142.41199999999998,142.01199999999997,142.41199999999998,10.0,30.0,1,1,16.900000000003956,2025-04-17 17:45:00,142.181,trail_sl,5.100000000004525,0.5100000000004525,USDJPY,
2025-04-17 18:15:00,2025-04-17 18:30:00,buy,0.6779665924844909,0.01,142.24999999999997,142.14999999999998,142.54999999999998,142.14999999999998,142.54999999999998,10.0,30.0,1,1,12.200000000004252,2025-04-17 18:45:00,142.333,bar_end,6.500000000002683,0.6500000000002684,USDJPY,
2025-04-21 17:45:00,2025-04-21 18:00:00,sell,0.6771982349978664,0.01,140.95200000000003,141.05200000000002,140.65200000000002,141.05200000000002,140.65200000000002,10.0,30.0,1,1,8.300000000002683,2025-04-21 18:15:00,140.882,bar_end,5.20000000000216,0.5200000000002161,USDJPY,
2025-04-22 09:00:00,2025-04-22 09:15:00,buy,0.7840246676572921,0.01,140.14099999999996,140.268,140.44099999999997,140.04099999999997,140.44099999999997,10.0,30.0,2,1,22.70000000000323,2025-04-22 09:30:00,140.268,trail_sl,10.900000000003796,1.0900000000003798,USDJPY,
2025-04-22 09:30:00,2025-04-22 09:45:00,buy,0.7194768479390093,0.01,140.40999999999997,140.30999999999997,140.70999999999998,140.30999999999997,140.70999999999998,10.0,30.0,2,1,9.900000000001796,2025-04-22 10:00:00,140.30999999999997,trail_sl,-11.799999999999432,-1.179999999999943,USDJPY,
2025-04-22 11:00:00,2025-04-22 11:15:00,buy,0.6981870441440811,0.01,140.38699999999997,140.532,140.68699999999998,140.28699999999998,140.68699999999998,10.0,30.0,1,1,24.500000000003297,2025-04-22 11:30:00,140.532,trail_sl,12.700000000003865,1.2700000000003866,USDJPY,
2025-04-23 03:30:00,2025-04-23 03:45:00,buy,0.7450286602581206,0.01,142.099,141.999,142.399,141.999,142.399,10.0,30.0,2,1,12.300000000001887,2025-04-23 04:00:00,141.999,trail_sl,-11.799999999999432,-1.179999999999943,USDJPY,
2025-04-23 16:45:00,2025-04-23 17:00:00,buy,0.6616332293459025,0.01,142.41099999999997,142.528,142.71099999999998,142.31099999999998,142.71099999999998,10.0,30.0,1,1,21.700000000001296,2025-04-23 17:15:00,142.528,trail_sl,9.900000000001864,0.9900000000001865,USDJPY,
2025-04-23 17:30:00,2025-04-23 17:45:00,buy,0.7494788973473469,0.01,142.64699999999996,142.54699999999997,142.94699999999997,142.54699999999997,142.94699999999997,10.0,30.0,2,1,7.70000000000266,2025-04-23 18:00:00,142.54699999999997,trail_sl,-11.799999999999432,-1.179999999999943,USDJPY,
2025-04-24 04:00:00,2025-04-24 04:15:00,sell,0.6743131007589965,0.01,142.89300000000003,142.99300000000002,142.59300000000002,142.99300000000002,142.59300000000002,10.0,30.0,1,1,14.00000000000432,2025-04-24 04:30:00,142.783,bar_end,9.200000000004206,0.9200000000004207,USDJPY,
2025-04-24 05:15:00,2025-04-24 05:30:00,buy,0.6917932391235396,0.01,142.69799999999998,142.59799999999998,142.998,142.59799999999998,142.998,10.0,30.0,1,1,10.300000000000864,2025-04-24 05:45:00,142.784,bar_end,6.8000000000012735,0.6800000000001274,USDJPY,
2025-04-25 07:15:00,2025-04-25 07:30:00,buy,0.6685224286474805,0.01,143.73,143.63,144.03,143.63,144.03,10.0,30.0,1,1,0.0,2025-04-25 07:45:00,143.63,trail_sl,-11.799999999999432,-1.179999999999943,USDJPY,
2025-04-25 16:45:00,2025-04-25 17:00:00,buy,0.6700359270389414,0.01,143.80299999999997,143.70299999999997,144.10299999999998,143.70299999999997,144.10299999999998,10.0,30.0,1,1,2.9000000000024784,2025-04-25 17:15:00,143.70299999999997,trail_sl,-11.799999999999432,-1.179999999999943,USDJPY,
2025-04-28 09:30:00,2025-04-28 09:45:00,buy,0.724841903176097,0.01,143.84499999999997,143.74499999999998,144.14499999999998,143.74499999999998,144.14499999999998,10.0,30.0,2,1,5.000000000003979,2025-04-28 10:00:00,143.74499999999998,trail_sl,-11.799999999999432,-1.179999999999943,USDJPY,
2025-04-28 18:15:00,2025-04-28 18:30:00,sell,0.6825325369122733,0.01,142.67200000000003,142.77200000000002,142.372,142.77200000000002,142.372,10.0,30.0,1,1,3.1000000000034333,2025-04-28 18:45:00,142.77200000000002,trail_sl,-11.799999999999432,-1.179999999999943,USDJPY,
2025-04-29 15:00:00,2025-04-29 15:15:00,sell,0.6583361895053677,0.01,142.58900000000003,142.68900000000002,142.28900000000002,142.68900000000002,142.28900000000002,10.0,30.0,1,1,13.60000000000241,2025-04-29 15:30:00,142.454,bar_end,11.700000000001932,1.1700000000001933,USDJPY,
2025-04-29 17:15:00,2025-04-29 17:30:00,buy,0.7709676752996539,0.01,142.22899999999998,142.29500000000002,142.529,142.129,142.529,10.0,30.0,2,1,16.600000000002524,2025-04-29 17:45:00,142.29500000000002,trail_sl,4.8000000000030925,0.48000000000030923,USDJPY,
2025-05-01 16:45:00,2025-05-01 17:00:00,buy,0.7284915842112115,0.01,144.97699999999998,145.053,145.277,144.87699999999998,145.277,10.0,30.0,2,1,17.600000000001614,2025-05-01 17:15:00,145.053,trail_sl,5.800000000002183,0.5800000000002183,USDJPY,
2025-05-01 18:00:00,2025-05-01 18:15:00,buy,0.6723770826167156,0.01,145.38699999999997,145.553,145.68699999999998,145.28699999999998,145.68699999999998,10.0,30.0,1,1,26.600000000001955,2025-05-01 18:30:00,145.553,trail_sl,14.800000000002523,1.4800000000002524,USDJPY,
2025-05-01 18:45:00,2025-05-01 19:00:00,sell,0.6798244441938093,0.01,145.44400000000002,145.544,145.144,145.544,145.144,10.0,30.0,1,1,5.500000000000682,2025-05-01 19:15:00,145.424,bar_end,0.20000000000102314,0.020000000000102314,USDJPY,
2025-05-02 03:00:00,2025-05-02 03:15:00,buy,0.6855175948391978,0.01,145.86499999999998,145.765,146.165,145.765,146.165,10.0,30.0,1,1,5.800000000002115,2025-05-02 03:30:00,145.906,bar_end,2.300000000002524,0.2300000000002524,USDJPY,
2025-05-02 15:30:00,2025-05-02 15:45:00,buy,0.7043184365073482,0.01,144.65599999999998,144.55599999999998,144.956,144.55599999999998,144.956,10.0,30.0,2,1,0.0,2025-05-02 16:00:00,144.55599999999998,trail_sl,-11.799999999999432,-1.179999999999943,USDJPY,
2025-05-02 16:00:00,2025-05-02 16:15:00,sell,0.8045163407311238,0.01,144.16800000000003,143.832,143.86800000000002,144.26800000000003,143.86800000000002,10.0,30.0,4,1,43.60000000000355,2025-05-02 16:30:00,143.832,trail_sl,31.800000000004115,3.180000000000412,USDJPY,
2025-05-02 18:00:00,2025-05-02 18:15:00,buy,0.8056210839038295,0.01,144.39399999999998,144.53300000000002,144.694,144.29399999999998,144.694,10.0,30.0,4,2,23.900000000003274,2025-05-02 18:45:00,144.53300000000002,trail_sl,12.100000000003842,1.2100000000003843,USDJPY,
2025-05-05 18:00:00,2025-05-05 18:15:00,buy,0.6645492253491937,0.01,143.77199999999996,143.844,144.07199999999997,143.67199999999997,144.07199999999997,10.0,30.0,1,1,17.200000000002547,2025-05-05 18:30:00,143.844,trail_sl,5.400000000003115,0.5400000000003116,USDJPY,
2025-05-07 21:00:00,2025-05-07 21:15:00,buy,0.7400557581962566,0.01,143.18899999999996,143.571,143.48899999999998,143.08899999999997,143.48899999999998,10.0,30.0,2,1,48.200000000002774,2025-05-07 21:30:00,143.571,trail_sl,36.400000000003345,3.6400000000003345,USDJPY,
2025-05-14 16:00:00,2025-05-14 16:15:00,sell,0.6624886774441887,0.01,146.04200000000003,146.14200000000002,145.74200000000002,146.14200000000002,145.74200000000002,10.0,30.0,1,1,11.000000000004206,2025-05-14 16:30:00,145.959,bar_end,6.500000000002683,0.6500000000002684,USDJPY,
2025-05-15 03:00:00,2025-05-15 03:15:00,sell,0.7837833689879432,0.01,146.56400000000002,146.444,146.264,146.66400000000002,146.264,10.0,30.0,2,1,22.00000000000273,2025-05-15 03:30:00,146.444,trail_sl,10.200000000003296,1.0200000000003298,USDJPY,
2025-05-15 09:00:00,2025-05-15 09:15:00,sell,0.7174349137061418,0.01,145.79800000000003,145.582,145.49800000000002,145.89800000000002,145.49800000000002,10.0,30.0,2,2,31.600000000003092,2025-05-15 09:45:00,145.582,trail_sl,19.80000000000366,1.9800000000003661,USDJPY,
2025-05-22 16:00:00,2025-05-22 16:15:00,buy,0.8256941289058913,0.01,143.64699999999996,143.54699999999997,143.94699999999997,143.54699999999997,143.94699999999997,10.0,30.0,4,1,2.800000000004843,2025-05-22 16:30:00,143.54699999999997,trail_sl,-11.799999999999432,-1.179999999999943,USDJPY,
2025-05-22 16:30:00,2025-05-22 16:45:00,buy,0.6790468967698902,0.01,143.89499999999998,143.795,144.195,143.795,144.195,10.0,30.0,1,1,7.1000000000026375,2025-05-22 17:00:00,143.872,bar_end,-4.099999999996771,-0.4099999999996771,USDJPY,
2025-05-23 14:00:00,2025-05-23 14:15:00,sell,0.758122601059982,0.01,143.15200000000002,142.805,142.852,143.252,142.852,10.0,30.0,2,1,44.70000000000027,2025-05-23 14:30:00,142.805,trail_sl,32.900000000000844,3.2900000000000844,USDJPY,
2025-05-27 07:00:00,2025-05-27 07:15:00,buy,0.652174400880744,0.01,142.51199999999997,142.643,142.81199999999998,142.41199999999998,142.81199999999998,10.0,30.0,1,1,23.100000000002296,2025-05-27 07:30:00,142.643,trail_sl,11.300000000002864,1.1300000000002866,USDJPY,
2025-05-29 15:15:00,2025-05-29 15:30:00,sell,0.6730596769894431,0.01,144.54200000000003,144.64200000000002,144.24200000000002,144.64200000000002,144.24200000000002,10.0,30.0,1,1,13.200000000003342,2025-05-29 15:45:00,144.434,bar_end,9.00000000000325,0.9000000000003252,USDJPY,
2025-05-30 17:00:00,2025-05-30 17:15:00,buy,0.7040038926758834,0.01,143.90699999999998,144.169,144.207,143.807,144.207,10.0,30.0,2,1,36.20000000000232,2025-05-30 17:30:00,144.169,trail_sl,24.400000000002887,2.4400000000002886,USDJPY,
2025-06-04 15:00:00,2025-06-04 15:15:00,sell,0.9697735164559537,0.01,143.76700000000002,143.654,143.467,143.86700000000002,143.467,10.0,30.0,4,1,21.30000000000223,2025-06-04 15:30:00,143.654,trail_sl,9.500000000002796,0.9500000000002797,USDJPY,
2025-06-05 15:30:00,2025-06-05 15:45:00,buy,0.7289519411287197,0.01,143.39,143.29,143.69,143.29,143.69,10.0,30.0,2,1,14.100000000001955,2025-06-05 16:00:00,143.29,trail_sl,-11.799999999999432,-1.179999999999943,USDJPY,
2025-06-05 17:00:00,2025-06-05 17:15:00,buy,0.6961906134032116,0.01,143.29299999999998,143.441,143.593,143.19299999999998,143.593,10.0,30.0,1,1,24.800000000001887,2025-06-05 17:30:00,143.441,trail_sl,13.000000000002455,1.3000000000002456,USDJPY,
2025-06-10 04:00:00,2025-06-10 04:15:00,buy,0.6887243469496991,0.01,144.72499999999997,144.81300000000002,145.02499999999998,144.62499999999997,145.02499999999998,10.0,30.0,1,1,18.800000000004502,2025-06-10 04:30:00,144.81300000000002,trail_sl,7.000000000005071,0.7000000000005071,USDJPY,
2025-06-11 15:00:00,2025-06-11 15:15:00,sell,0.8793891463297102,0.01,145.21500000000003,144.427,144.91500000000002,145.31500000000003,144.91500000000002,10.0,30.0,4,1,88.80000000000337,2025-06-11 15:30:00,144.427,trail_sl,77.00000000000394,7.700000000000394,USDJPY,
2025-06-11 16:00:00,2025-06-11 16:15:00,buy,0.7738875661656656,0.01,144.944,145.02700000000002,145.244,144.844,145.244,10.0,30.0,2,1,18.300000000002115,2025-06-11 16:30:00,145.02700000000002,trail_sl,6.500000000002683,0.6500000000002684,USDJPY,
2025-06-12 15:00:00,2025-06-12 15:15:00,sell,0.7584608653227803,0.01,143.586,143.286,143.286,143.686,143.286,10.0,30.0,2,1,40.00000000000057,2025-06-12 15:30:00,143.286,trail_sl,28.200000000001136,2.8200000000001135,USDJPY,
2025-06-12 17:00:00,2025-06-12 17:15:00,buy,0.6530969502330902,0.01,143.65399999999997,143.55399999999997,143.95399999999998,143.55399999999997,143.95399999999998,10.0,30.0,1,1,9.200000000004138,2025-06-12 17:30:00,143.634,bar_end,-3.799999999998181,-0.3799999999998181,USDJPY,
2025-06-16 17:00:00,2025-06-16 17:15:00,buy,0.6565884217363747,0.01,143.754,143.94400000000002,144.054,143.654,144.054,10.0,30.0,1,1,29.000000000002046,2025-06-16 17:30:00,143.94400000000002,trail_sl,17.200000000002614,1.7200000000002615,USDJPY,
2025-06-27 04:00:00,2025-06-27 04:15:00,sell,0.737740707605583,0.01,144.56400000000002,144.374,144.264,144.66400000000002,144.264,10.0,30.0,2,2,29.000000000002046,2025-06-27 04:45:00,144.374,trail_sl,17.200000000002614,1.7200000000002615,USDJPY,
2025-07-03 15:15:00,2025-07-03 15:30:00,buy,0.8111162551330944,0.01,145.06999999999996,145.137,145.36999999999998,144.96999999999997,145.36999999999998,10.0,30.0,4,1,16.700000000003,2025-07-03 15:45:00,145.137,trail_sl,4.90000000000357,0.490000000000357,USDJPY,
2025-07-16 17:00:00,2025-07-16 17:15:00,sell,0.74043757201501,0.01,148.72100000000003,148.402,148.42100000000002,148.82100000000003,148.42100000000002,10.0,30.0,2,2,41.900000000003956,2025-07-16 17:45:00,148.402,trail_sl,30.100000000004524,3.0100000000004528,USDJPY,
2025-07-21 00:45:00,2025-07-21 01:00:00,buy,0.7586410825211823,0.01,148.44899999999998,148.543,148.749,148.349,148.749,10.0,30.0,2,1,19.400000000001683,2025-07-21 01:15:00,148.543,trail_sl,7.600000000002251,0.7600000000002252,USDJPY,
2025-07-23 05:00:00,2025-07-23 05:15:00,buy,0.6596407859510499,0.01,147.14399999999998,147.04399999999998,147.444,147.04399999999998,147.444,10.0,30.0,1,1,6.100000000003547,2025-07-23 05:30:00,147.04399999999998,trail_sl,-11.799999999999432,-1.179999999999943,USDJPY,
2025-07-24 17:00:00,2025-07-24 17:15:00,buy,0.6769201262492935,0.01,146.60399999999998,146.504,146.904,146.504,146.904,10.0,30.0,1,1,6.700000000000728,2025-07-24 17:30:00,146.593,bar_end,-2.899999999999568,-0.2899999999999568,USDJPY,
2025-07-31 10:00:00,2025-07-31 10:15:00,buy,0.6942526451157622,0.01,149.29699999999997,149.56300000000002,149.59699999999998,149.19699999999997,149.59699999999998,10.0,30.0,1,1,36.60000000000423,2025-07-31 10:30:00,149.56300000000002,trail_sl,24.800000000004797,2.4800000000004796,USDJPY,
2025-08-01 15:00:00,2025-08-01 15:15:00,sell,0.9474657813969481,0.01,150.53100000000003,149.072,150.23100000000002,150.63100000000003,150.23100000000002,10.0,30.0,4,1,155.9000000000026,2025-08-01 15:30:00,149.072,trail_sl,144.10000000000315,14.410000000000315,USDJPY,
2025-08-08 11:00:00,2025-08-08 11:15:00,buy,0.7525707489885383,0.01,147.30399999999997,147.386,147.60399999999998,147.20399999999998,147.60399999999998,10.0,30.0,2,1,18.200000000001637,2025-08-08 11:30:00,147.386,trail_sl,6.400000000002206,0.6400000000002206,USDJPY,
2025-08-12 15:00:00,2025-08-12 15:15:00,sell,0.7633968361318563,0.01,148.38000000000002,147.93,148.08,148.48000000000002,148.08,10.0,30.0,2,1,55.00000000000114,2025-08-12 15:30:00,147.93,trail_sl,43.20000000000171,4.320000000000171,USDJPY,
2025-08-14 15:15:00,2025-08-14 15:30:00,buy,0.7289233107611588,0.01,146.80599999999998,146.939,147.106,146.706,147.106,10.0,30.0,2,1,23.30000000000041,2025-08-14 15:45:00,146.939,trail_sl,11.500000000000977,1.1500000000000978,USDJPY,
2025-08-14 16:00:00,2025-08-14 16:15:00,buy,0.6974554437586025,0.01,147.29199999999997,147.19199999999998,147.59199999999998,147.19199999999998,147.59199999999998,10.0,30.0,1,1,9.000000000003183,2025-08-14 16:30:00,147.366,bar_end,5.60000000000407,0.5600000000004071,USDJPY,
2025-09-05 15:15:00,2025-09-05 15:30:00,sell,0.6680956450459374,0.01,147.38200000000003,147.48200000000003,147.08200000000002,147.48200000000003,147.08200000000002,10.0,30.0,1,1,12.000000000003297,2025-09-05 15:45:00,147.48200000000003,trail_sl,-11.799999999999432,-1.179999999999943,USDJPY,
2025-09-08 00:30:00,2025-09-08 00:45:00,sell,0.6592990063145989,0.01,147.89600000000002,147.996,147.596,147.996,147.596,10.0,30.0,1,1,0.7000000000005002,2025-09-08 01:00:00,147.996,trail_sl,-11.799999999999432,-1.179999999999943,USDJPY,
2025-09-16 17:15:00,2025-09-16 17:30:00,sell,0.65270142629371,0.01,146.56700000000004,146.66700000000003,146.26700000000002,146.66700000000003,146.26700000000002,10.0,30.0,1,1,4.500000000004434,2025-09-16 17:45:00,146.525,bar_end,2.4000000000030015,0.24000000000030014,USDJPY,
2025-09-17 03:15:00,2025-09-17 03:30:00,buy,0.7009944109157539,0.01,146.509,146.409,146.809,146.409,146.809,10.0,30.0,2,2,6.000000000000227,2025-09-17 04:00:00,146.479,bar_end,-4.799999999997271,-0.47999999999972714,USDJPY,
2025-09-17 22:15:00,2025-09-17 22:30:00,buy,0.6863658316829858,0.01,146.70799999999997,146.60799999999998,147.00799999999998,146.60799999999998,147.00799999999998,10.0,30.0,1,1,13.000000000002387,2025-09-17 22:45:00,146.783,bar_end,5.7000000000017055,0.5700000000001706,USDJPY,
2025-09-19 07:00:00,2025-09-19 07:15:00,buy,0.6810605272310218,0.01,147.32299999999998,147.37300000000002,147.623,147.22299999999998,147.623,10.0,30.0,1,1,15.00000000000341,2025-09-19 07:30:00,147.37300000000002,trail_sl,3.200000000003979,0.3200000000003979,USDJPY,
2025-09-22 00:00:00,2025-09-22 00:15:00,buy,0.8297681571807269,0.01,147.89299999999997,147.79299999999998,148.19299999999998,147.79299999999998,148.19299999999998,10.0,30.0,4,4,8.200000000002206,2025-09-22 01:15:00,147.968,bar_end,5.7000000000017055,0.5700000000001706,USDJPY,
2025-10-01 04:00:00,2025-10-01 04:15:00,sell,0.7021719863050341,0.01,148.02400000000003,148.12400000000002,147.72400000000002,148.12400000000002,147.72400000000002,10.0,30.0,2,2,8.40000000000316,2025-10-01 04:45:00,147.954,bar_end,5.20000000000216,0.5200000000002161,USDJPY,
2025-10-02 10:15:00,2025-10-02 10:30:00,sell,0.7074651259567593,0.01,147.09700000000004,147.19700000000003,146.79700000000003,147.19700000000003,146.79700000000003,10.0,30.0,2,2,14.400000000003388,2025-10-02 11:00:00,146.982,bar_end,9.700000000003751,0.9700000000003752,USDJPY,
2025-10-08 09:30:00,2025-10-08 09:45:00,sell,0.6573348347466854,0.01,152.33100000000002,152.431,152.031,152.431,152.031,10.0,30.0,1,1,0.20000000000095497,2025-10-08 10:00:00,152.431,trail_sl,-11.799999999999432,-1.179999999999943,USDJPY,
2025-10-08 17:00:00,2025-10-08 17:15:00,sell,0.7029077886172269,0.01,152.55400000000003,152.65400000000002,152.25400000000002,152.65400000000002,152.25400000000002,10.0,30.0,2,2,12.000000000003297,2025-10-08 17:45:00,152.517,bar_end,1.900000000003456,0.19000000000034561,USDJPY,
2025-10-09 16:15:00,2025-10-09 16:30:00,buy,0.7108087685339896,0.01,152.93899999999996,152.83899999999997,153.23899999999998,152.83899999999997,153.23899999999998,10.0,30.0,2,1,1.8000000000029104,2025-10-09 16:45:00,152.83899999999997,trail_sl,-11.799999999999432,-1.179999999999943,USDJPY,
2025-10-10 03:00:00,2025-10-10 03:15:00,sell,0.684718202158093,0.01,153.07100000000003,153.17100000000002,152.77100000000002,153.17100000000002,152.77100000000002,10.0,30.0,1,1,1.1000000000024102,2025-10-10 03:30:00,153.097,bar_end,-4.399999999998204,-0.43999999999982037,USDJPY,
2025-10-20 00:45:00,2025-10-20 01:00:00,buy,0.7007118851763178,0.01,150.83999999999997,150.73999999999998,151.14,150.73999999999998,151.14,10.0,30.0,2,2,7.00000000000216,2025-10-20 01:30:00,150.73999999999998,trail_sl,-11.799999999999432,-1.179999999999943,USDJPY,
2025-10-21 04:15:00,2025-10-21 04:30:00,buy,0.6621866449641122,0.01,150.89499999999998,150.795,151.195,150.795,151.195,10.0,30.0,1,1,10.100000000002751,2025-10-21 04:45:00,150.983,bar_end,7.000000000002228,0.7000000000002229,USDJPY,
2025-10-21 11:00:00,2025-10-21 11:15:00,buy,0.7138947117176858,0.01,151.39699999999996,151.467,151.69699999999997,151.29699999999997,151.69699999999997,10.0,30.0,2,1,17.000000000004434,2025-10-21 11:30:00,151.467,trail_sl,5.200000000005002,0.5200000000005003,USDJPY,
2025-10-27 00:45:00,2025-10-27 01:00:00,buy,0.7216733164883947,0.01,153.08199999999997,152.98199999999997,153.38199999999998,152.98199999999997,153.38199999999998,10.0,30.0,2,2,4.300000000003479,2025-10-27 01:30:00,153.055,bar_end,-4.499999999995839,-0.4499999999995839,USDJPY,
2025-11-14 14:00:00,2025-11-14 14:15:00,sell,0.7726839095747049,0.01,154.29300000000003,154.111,153.99300000000002,154.39300000000003,153.99300000000002,10.0,30.0,2,1,28.20000000000391,2025-11-14 14:30:00,154.111,trail_sl,16.40000000000448,1.640000000000448,USDJPY,
2025-11-26 03:00:00,2025-11-26 03:15:00,sell,0.7431539433680255,0.01,156.34500000000003,155.922,156.04500000000002,156.44500000000002,156.04500000000002,10.0,30.0,2,1,52.300000000002456,2025-11-26 03:30:00,155.922,trail_sl,40.50000000000303,4.050000000000303,USDJPY,
2025-12-24 03:00:00,2025-12-24 03:15:00,sell,0.6688175238225494,0.01,155.82000000000002,155.744,155.52,155.92000000000002,155.52,10.0,30.0,1,1,17.600000000001614,2025-12-24 03:30:00,155.744,trail_sl,5.800000000002183,0.5800000000002183,USDJPY,
2025-12-29 00:45:00,2025-12-29 01:00:00,buy,0.8479954974422735,0.01,156.46699999999998,156.367,156.767,156.367,156.767,10.0,30.0,4,4,6.500000000002615,2025-12-29 02:00:00,156.367,trail_sl,-11.799999999999432,-1.179999999999943,USDJPY,
2025-12-29 17:15:00,2025-12-29 17:30:00,sell,0.6635863387334944,0.01,156.116,156.018,155.816,156.216,155.816,10.0,30.0,1,1,19.80000000000075,2025-12-29 17:45:00,156.018,trail_sl,8.000000000001318,0.8000000000001319,USDJPY,
2026-01-23 09:15:00,2026-01-23 09:30:00,sell,0.8377905092057397,0.01,157.50500000000002,157.60500000000002,157.205,157.60500000000002,157.205,10.0,30.0,4,1,7.800000000003138,2026-01-23 09:45:00,157.60500000000002,trail_sl,-11.799999999999432,-1.179999999999943,USDJPY,
2026-01-28 06:30:00,2026-01-28 06:45:00,sell,0.704979031286419,0.01,152.54800000000003,152.64800000000002,152.24800000000002,152.64800000000002,152.24800000000002,10.0,30.0,2,1,1.700000000002433,2026-01-28 07:00:00,152.64800000000002,trail_sl,-11.799999999999432,-1.179999999999943,USDJPY,
2026-01-28 10:15:00,2026-01-28 10:30:00,buy,0.7212352308929425,0.01,152.62599999999998,152.705,152.926,152.52599999999998,152.926,10.0,30.0,2,1,17.900000000003047,2026-01-28 10:45:00,152.705,trail_sl,6.100000000003615,0.6100000000003616,USDJPY,
2026-01-29 17:15:00,2026-01-29 17:30:00,sell,0.8192299152412582,0.01,152.83800000000002,152.78,152.538,152.93800000000002,152.538,10.0,30.0,4,1,15.800000000001546,2026-01-29 17:45:00,152.78,trail_sl,4.000000000002115,0.40000000000021146,USDJPY,
2026-01-30 01:30:00,2026-01-30 01:45:00,buy,0.6876403541009319,0.01,153.15499999999997,153.05499999999998,153.45499999999998,153.05499999999998,153.45499999999998,10.0,30.0,1,1,2.200000000001978,2026-01-30 02:00:00,153.144,bar_end,-2.8999999999967256,-0.2899999999996726,USDJPY,
2026-02-02 02:00:00,2026-02-02 02:15:00,buy,0.7100491553304304,0.01,154.97899999999998,155.17000000000002,155.279,154.879,155.279,10.0,30.0,2,2,29.100000000002524,2026-02-02 02:45:00,155.17000000000002,trail_sl,17.30000000000309,1.7300000000003093,USDJPY,
2026-02-10 15:00:00,2026-02-10 15:15:00,sell,0.7695752569447079,0.01,155.10700000000003,154.85299999999998,154.80700000000002,155.20700000000002,154.80700000000002,10.0,30.0,2,1,35.400000000004184,2026-02-10 15:30:00,154.85299999999998,trail_sl,23.60000000000475,2.360000000000475,USDJPY,
2026-02-11 16:15:00,2026-02-11 16:30:00,sell,0.7074334287082106,0.01,153.72500000000002,153.441,153.425,153.82500000000002,153.425,10.0,30.0,2,1,38.400000000001455,2026-02-11 16:45:00,153.441,trail_sl,26.600000000002023,2.660000000000202,USDJPY,
2026-02-12 06:00:00,2026-02-12 06:15:00,buy,0.658817989250302,0.01,152.635,152.535,152.935,152.535,152.935,10.0,30.0,1,1,11.299999999999955,2026-02-12 06:30:00,152.535,trail_sl,-11.799999999999432,-1.179999999999943,USDJPY,
2026-02-12 16:00:00,2026-02-12 16:15:00,sell,0.652588828505775,0.01,153.11200000000002,153.05599999999998,152.812,153.21200000000002,152.812,10.0,30.0,1,1,15.600000000003433,2026-02-12 16:30:00,153.05599999999998,trail_sl,3.800000000004002,0.3800000000004002,USDJPY,
2026-02-13 10:00:00,2026-02-13 10:15:00,buy,0.6713275376202211,0.01,153.53099999999998,153.43099999999998,153.831,153.43099999999998,153.831,10.0,30.0,1,1,6.200000000001182,2026-02-13 10:30:00,153.591,bar_end,4.20000000000307,0.42000000000030696,USDJPY,
2026-02-18 03:00:00,2026-02-18 03:15:00,buy,0.6858512826149893,0.01,153.37699999999998,153.277,153.677,153.277,153.677,10.0,30.0,1,1,8.200000000002206,2026-02-18 03:30:00,153.451,bar_end,5.600000000001228,0.5600000000001228,USDJPY,
2026-02-20 18:00:00,2026-02-20 18:15:00,buy,0.6943368664638476,0.01,154.93599999999998,154.996,155.236,154.83599999999998,155.236,10.0,30.0,1,1,16.0000000000025,2026-02-20 18:30:00,154.996,trail_sl,4.20000000000307,0.42000000000030696,USDJPY,
2026-02-25 08:00:00,2026-02-25 08:15:00,buy,0.7022627337398992,0.01,155.62999999999997,155.696,155.92999999999998,155.52999999999997,155.92999999999998,10.0,30.0,2,2,16.600000000002524,2026-02-25 08:45:00,155.714,bar_end,6.600000000003161,0.6600000000003161,USDJPY,
2026-02-25 10:15:00,2026-02-25 10:30:00,buy,0.6696858199743415,0.01,156.15099999999998,156.201,156.451,156.051,156.451,10.0,30.0,1,1,15.000000000000568,2026-02-25 10:45:00,156.201,trail_sl,3.200000000001137,0.3200000000001137,USDJPY,
2026-03-02 00:45:00,2026-03-02 01:00:00,buy,0.8860256120235882,0.01,156.34499999999997,156.44400000000002,156.64499999999998,156.24499999999998,156.64499999999998,10.0,30.0,4,1,19.90000000000407,2026-03-02 01:15:00,156.44400000000002,trail_sl,8.100000000004638,0.8100000000004639,USDJPY,
2026-03-02 03:00:00,2026-03-02 03:15:00,sell,0.688545330958715,0.01,156.38700000000003,156.313,156.08700000000002,156.48700000000002,156.08700000000002,10.0,30.0,1,1,17.4000000000035,2026-03-02 03:30:00,156.313,trail_sl,5.60000000000407,0.5600000000004071,USDJPY,
2026-03-05 09:15:00,2026-03-05 09:30:00,buy,0.6597144557026009,0.01,157.12199999999999,157.192,157.422,157.022,157.422,10.0,30.0,1,1,17.00000000000159,2026-03-05 09:45:00,157.192,trail_sl,5.20000000000216,0.5200000000002161,USDJPY,
2026-03-05 18:15:00,2026-03-05 18:30:00,sell,0.7152428375926786,0.01,157.61900000000003,157.71900000000002,157.31900000000002,157.71900000000002,157.31900000000002,10.0,30.0,2,2,5.900000000002592,2026-03-05 19:00:00,157.666,bar_end,-6.499999999996862,-0.6499999999996863,USDJPY,
2026-03-06 16:00:00,2026-03-06 16:15:00,sell,0.7571535260319614,0.01,157.99400000000003,157.899,157.69400000000002,158.09400000000002,157.69400000000002,10.0,30.0,2,1,19.50000000000216,2026-03-06 16:30:00,157.899,trail_sl,7.700000000002729,0.7700000000002729,USDJPY,
2026-03-23 15:00:00,2026-03-23 15:15:00,sell,0.6627746152576505,0.01,158.77,158.688,158.47,158.87,158.47,10.0,30.0,1,1,18.200000000001637,2026-03-23 15:30:00,158.688,trail_sl,6.400000000002206,0.6400000000002206,USDJPY,
2026-03-30 18:00:00,2026-03-30 18:15:00,sell,0.6640175147824718,0.01,159.56500000000003,159.486,159.26500000000001,159.66500000000002,159.26500000000001,10.0,30.0,1,1,17.900000000003047,2026-03-30 18:30:00,159.486,trail_sl,6.100000000003615,0.6100000000003616,USDJPY,
2026-03-31 14:00:00,2026-03-31 14:15:00,sell,0.7146256258294426,0.01,159.53500000000003,159.463,159.235,159.63500000000002,159.235,10.0,30.0,2,2,17.200000000002547,2026-03-31 14:45:00,159.463,trail_sl,5.400000000003115,0.5400000000003116,USDJPY,
2026-04-01 17:00:00,2026-04-01 17:15:00,sell,0.6852139853213544,0.01,158.53400000000002,158.63400000000001,158.234,158.63400000000001,158.234,10.0,30.0,1,1,6.400000000002137,2026-04-01 17:30:00,158.545,bar_end,-2.8999999999967256,-0.2899999999996726,USDJPY,
2026-04-02 04:00:00,2026-04-02 04:15:00,buy,0.7115794120754722,0.01,159.08399999999997,159.18800000000002,159.384,158.98399999999998,159.384,10.0,30.0,2,2,20.400000000003615,2026-04-02 04:45:00,159.18800000000002,trail_sl,8.600000000004183,0.8600000000004184,USDJPY,
2026-04-09 18:00:00,2026-04-09 18:15:00,sell,0.7688728159294539,0.01,159.151,159.017,158.851,159.251,158.851,10.0,30.0,2,1,23.400000000000887,2026-04-09 18:30:00,159.017,trail_sl,11.600000000001454,1.1600000000001456,USDJPY,
2026-04-20 00:00:00,2026-04-20 00:15:00,sell,0.7791487158440721,0.01,158.76200000000003,158.86200000000002,158.46200000000002,158.86200000000002,158.46200000000002,10.0,30.0,2,2,0.0,2026-04-20 00:45:00,158.86200000000002,trail_sl,-11.799999999999432,-1.179999999999943,USDJPY,
2026-04-21 17:00:00,2026-04-21 17:15:00,buy,0.6703092968125804,0.01,159.16699999999997,159.06699999999998,159.46699999999998,159.06699999999998,159.46699999999998,10.0,30.0,1,1,0.0,2026-04-21 17:30:00,159.06699999999998,trail_sl,-11.799999999999432,-1.179999999999943,USDJPY,
2026-04-21 22:15:00,2026-04-21 22:30:00,buy,0.6516279330665306,0.01,159.59699999999998,159.49699999999999,159.897,159.49699999999999,159.897,10.0,30.0,1,1,4.100000000002524,2026-04-21 22:45:00,159.611,bar_end,-0.3999999999989996,-0.03999999999989996,USDJPY,
